cvcl	r
CVCL_0324	0.925101098815624
CVCL_0126	0.9719287852036768
CVCL_1292	0.9486017797079094
CVCL_2081	0.9027356441465698
CVCL_1670	0.9462435408001039
CVCL_0554	0.9086856430962732
CVCL_2743	0.8034635541381259
CVCL_0080	0.6939444989532054
CVCL_1298	0.8425684511617597
CVCL_0426	0.9530774512473591
CVCL_1411	0.9561655834652647
CVCL_2169	0.743025581728528
CVCL_1697	0.9145912532181433
CVCL_0627	0.9094016874969797
CVCL_0530	0.845186482152824
CVCL_2213	0.8911272685707832
CVCL_0042	0.8270172261349287
CVCL_0291	0.8522774967573447
CVCL_0292	-0.07966779144206872
CVCL_0320	0.9455592870737
CVCL_2520	0.9022468742620993
CVCL_1331	0.913077113026897
CVCL_0399	0.9229120454658842
CVCL_0397	-0.035030672383271004
CVCL_0504	0.9257698378976909
CVCL_1724	0.8838690090438804
CVCL_0547	0.889080968259778
CVCL_1729	0.9053470707947708
CVCL_0632	0.9526180624456966
CVCL_1074	0.9723552746109616
CVCL_0179	0.9774164362730503
CVCL_1092	0.8072316527816554
CVCL_1104	0.945845607091726
CVCL_1110	0.11352926066729604
CVCL_1114	0.9435835961019563
CVCL_1115	0.9507248977925724
CVCL_1183	0.9173123075168103
CVCL_1245	0.9308819851110853
CVCL_1247	0.9588978963570277
CVCL_1249	0.9317692066698005
CVCL_1255	0.9636917092600982
CVCL_1256	0.9077027980077588
CVCL_1258	0.976909549633107
CVCL_0290	0.9260852836451118
CVCL_1259	0.869116104635842
CVCL_1267	0.7573967355618282
CVCL_1270	0.9637648439447427
CVCL_2067	0.9299766213728061
CVCL_0332	0.9131401459263165
CVCL_0618	0.7540862982342144
CVCL_0031	0.8076761204659971
CVCL_0062	0.2750481879004823
CVCL_0620	0.9523520618298111
CVCL_0623	0.8895767682962765
CVCL_0418	0.9460051740520689
CVCL_0419	0.9415398654778505
CVCL_0553	0.9092693878934607
CVCL_1781	0.8337314997769988
CVCL_0588	0.859404015293009
CVCL_0378	0.9237201687504657
CVCL_0393	0.9267679494052146
CVCL_1690	0.8890476615356485
CVCL_1689	0.9271399254416143
CVCL_1691	0.9448856869868802
CVCL_1706	0.7271722639507112
CVCL_0021	0.4801775189121475
CVCL_0022	0.866296446168526
CVCL_1094	0.9499190771015577
CVCL_1100	0.9518772856000569
CVCL_0139	0.9614169236290193
CVCL_2908	0.9219756310245887
CVCL_1279	0.9677550258435413
CVCL_0333	0.9579897337494371
CVCL_2961	0.912670795678839
CVCL_0371	0.8025529146360344
CVCL_1348	0.9608305264284889
CVCL_1349	0.938505685976688
CVCL_1356	0.9576162652648363
CVCL_1415	0.9752790808459938
CVCL_0434	0.9721429754427756
CVCL_1417	0.9323132957440405
CVCL_1603	0.9616981921267352
CVCL_3082	0.9108238212345406
CVCL_3084	0.9625223352320377
CVCL_1622	0.9502614840682098
CVCL_0471	0.9425984421842971
CVCL_3152	0.9525152974616742
CVCL_0076	0.8516367305949243
CVCL_5086	0.8375554138800779
CVCL_1760	0.8395870819457908
CVCL_1764	0.9416883379449287
CVCL_1060	0.9691448820432955
CVCL_2312	0.9148966760958116
CVCL_2314	0.8220739578693876
CVCL_1107	0.9700411317350831
CVCL_1171	0.9433653600600269
CVCL_1218	0.9622982611934722
CVCL_1682	0.8630019681698734
CVCL_1899	0.8378457638216933
CVCL_L079	0.6105436722556218
CVCL_1051	0.70191607875096
CVCL_1067	0.961538386294709
CVCL_0234	0.8551396341521139
CVCL_0270	0.24845904259516488
CVCL_1626	0.9602223497227748
CVCL_0336	0.8827252640731772
CVCL_2805	0.9606714201024242
CVCL_0485	0.762215411346162
CVCL_0525	0.9142024126961935
CVCL_0077	0.7126839097864388
CVCL_0497	0.9471207892587171
CVCL_0023	0.8239335719457838
CVCL_1066	0.9579632390314422
CVCL_0608	0.8376835257823746
CVCL_1128	0.9512080202679122
CVCL_1140	0.941643901026982
CVCL_2412	0.9326793104128048
CVCL_1174	0.9749580865015678
CVCL_1176	0.879759549270612
CVCL_1177	0.9248498178316497
CVCL_1178	0.9241352029023987
CVCL_1195	0.9628915977596125
CVCL_2914	0.9820682873149338
CVCL_2060	0.9394488114315692
CVCL_2063	0.8550340336195773
CVCL_1285	0.9497900570058524
CVCL_1335	0.9503892985321394
CVCL_1453	0.9517919570488692
CVCL_1454	0.6944400410157067
CVCL_1455	0.9575260163770564
CVCL_0060	0.9196521114641818
CVCL_1472	0.9353645077912425
CVCL_1473	0.9520256873732763
CVCL_1482	0.7541995329396052
CVCL_1483	0.9452777662426801
CVCL_1488	0.9769717340988305
CVCL_1489	0.9389753601567463
CVCL_1490	0.9721963587268014
CVCL_1498	0.8436955215415203
CVCL_1510	0.9756906539189341
CVCL_1511	0.8650333228368645
CVCL_1516	0.950046410679908
CVCL_1517	0.9652741664213762
CVCL_1520	0.8008488202779079
CVCL_1524	0.7485690097295525
CVCL_1529	0.9747282481939368
CVCL_1532	0.9385077937463291
CVCL_1536	0.9265230665028925
CVCL_1543	0.9213552890734379
CVCL_1547	0.9247545221388468
CVCL_5160	0.9683750543711945
CVCL_1562	0.8496161093878744
CVCL_0459	0.7488013030364163
CVCL_1565	0.9666660565589651
CVCL_1566	0.9178048699405098
CVCL_1568	0.48027935343581935
CVCL_1569	0.9688703587348683
CVCL_1579	0.9687837010985643
CVCL_1591	0.5779358361645812
CVCL_1598	0.881257434153162
CVCL_1640	0.9621755441487901
CVCL_1655	0.7830275166310848
CVCL_1693	0.8793575468452036
CVCL_0079	0.8709316543081582
CVCL_1079	0.9626884163765309
CVCL_1080	0.9045581694739938
CVCL_1168	0.9061979029479247
CVCL_2022	0.6324012728997872
CVCL_1290	0.8989032864485816
CVCL_2078	0.9248964302334823
CVCL_0065	0.6431213080221064
CVCL_1324	0.927195692662877
CVCL_1325	0.8439737711215933
CVCL_2989	0.8928919983468606
CVCL_2993	0.8042459805413323
CVCL_1866	0.3704443481308317
CVCL_1380	0.6775437158530035
CVCL_0012	0.9435302361901159
CVCL_1870	0.8524885859739749
CVCL_8792	0.9220921369105203
CVCL_1873	0.3923971698575411
CVCL_0092	0.7757290767217859
CVCL_1600	0.876617931985098
CVCL_1625	0.950494563071439
CVCL_1630	0.7875354843264596
CVCL_1641	0.7033611964214892
CVCL_0511	0.6876646500883355
CVCL_1650	0.4762324770496927
CVCL_1660	0.881957270356449
CVCL_0014	0.9761368081711523
CVCL_0093	0.8991232142782557
CVCL_0095	0.701406462388867
CVCL_1711	0.17514642860191623
CVCL_0538	0.9500889556705768
CVCL_0539	0.8541012268801118
CVCL_0103	0.9079214896066294
CVCL_2209	0.9336120411062929
CVCL_1714	0.8958508647159557
CVCL_1819	0.9722504215958212
CVCL_0258	0.827111672222361
CVCL_0001	0.8753153938180684
CVCL_0004	0.8695104806640022
CVCL_0589	0.9281465140213592
CVCL_0379	0.9720650325645701
CVCL_2106	0.6141385085700515
CVCL_2110	0.9320559947791578
CVCL_2119	0.9272801043224377
CVCL_0064	0.9308772359946704
CVCL_1619	0.9318468096872943
CVCL_1844	0.9558878630250214
CVCL_0098	0.7247083504513043
CVCL_0006	0.9577842139433602
CVCL_0007	0.808796117122152
CVCL_0134	0.8826301921459604
CVCL_8878	0.8460714073498766
CVCL_1304	0.731101854629355
CVCL_1345	0.9631189927146058
CVCL_0465	0.8433802872696595
CVCL_1627	0.9435018086336552
CVCL_1628	0.950555696291693
CVCL_1629	0.9631517402067258
CVCL_1662	0.914121863725853
CVCL_0532	0.8915939878641035
CVCL_0152	0.9226273588519153
CVCL_0186	0.7840512469318689
CVCL_0237	0.9039106034578284
CVCL_3004	0.8893981028764675
CVCL_1338	0.7896247819464285
CVCL_0428	0.8978942537102244
CVCL_1635	0.8824035907508755
CVCL_1636	0.8892412361847779
CVCL_3172	0.9085710602714492
CVCL_4056	0.8539036434402175
CVCL_1124	0.9180771320724304
CVCL_1125	0.9576719341508956
CVCL_1232	0.8341351809893454
CVCL_2092	0.6598767268096036
CVCL_1700	0.9379238991244386
CVCL_1701	0.6844711712718007
CVCL_1702	0.8362320610731144
CVCL_1430	0.8771256195170907
CVCL_1544	0.6915648469513582
CVCL_1045	0.8376223666207709
CVCL_0105	0.9506936057921817
CVCL_0035	0.9477124584811878
CVCL_0132	0.9535924818511453
CVCL_1059	0.9646525219346554
CVCL_1130	0.7478787964212448
CVCL_1133	0.9596602391227049
CVCL_1381	0.8203881240809109
CVCL_0069	0.9500947927507992
CVCL_0039	0.9469665073954379
CVCL_0527	0.9176817261288488
CVCL_1779	0.8588037552266157
CVCL_0317	0.8644433245167693
CVCL_1649	0.9227315311455716
CVCL_0628	0.7361956344128294
CVCL_1451	0.9304620050693834
CVCL_0533	0.7905959345535692
