line	lineage	r
HCT-15	Bowel	-0.013974791111830075
LS-180	Bowel	-0.012620374287048567
CAL-51	Breast	0.015044547939549202
KOPN-8	Lymphoid	0.031177569715399357
NALM-6	Lymphoid	0.1441741464054347
SR-786	Lymphoid	0.16723726921458687
REH	Lymphoid	0.45741559022043204
U-251 MG	CNS/Brain	0.47355125594083797
NCI-H23	Lung	0.4921805407403215
CHP-134	Peripheral Nervous System	0.49518651128281277
IGROV-1	Ovary/Fallopian Tube	0.5210358734068762
SNU-16	Esophagus/Stomach	0.5216343776859789
SNB-75	CNS/Brain	0.5459637584983019
KELLY	Peripheral Nervous System	0.5597216066568481
G-401	Kidney	0.5812842602694493
Loucy	Lymphoid	0.5856447193671849
NCI-H82	Lung	0.5906823274698341
NCI-H2087	Lung	0.6254907893062961
NCI-H524	Lung	0.6343909700479795
DND-41	Lymphoid	0.6366547682214038
PF-382	Lymphoid	0.6385499749938073
HCC827	Lung	0.6406687309131303
SUIT-2	Pancreas	0.6539980126188356
GI-ME-N	Peripheral Nervous System	0.6550824272591734
SNU-398	Liver	0.678784399244204
COLO 679	Skin	0.6794724058519493
786-O	Kidney	0.6875992439413783
MCF-7	Breast	0.6956281169090108
FU97	Esophagus/Stomach	0.6974978315176147
MDA-MB-468	Breast	0.7049293372232319
HCC38	Breast	0.7151551641837711
NCI-H520	Lung	0.7360890649461698
MB 157	Breast	0.7362280546870231
KP4	Pancreas	0.7389469224445074
KATO III	Esophagus/Stomach	0.7492570205073276
HCC1954	Breast	0.7514511716697977
BT-549	Breast	0.7530497248034477
UACC-257	Skin	0.7547593171333247
EOL-1	Myeloid	0.7593488575834694
SK-N-DZ	Peripheral Nervous System	0.7711856852236058
NCI-H1648	Lung	0.7785865882588194
A-673	Bone	0.7836284550735241
SJSA-1	Bone	0.7839517251207954
SK-UT-1	Uterus	0.7887273044088977
SKM-1	Myeloid	0.7890098824104528
CHP-212	Peripheral Nervous System	0.7899499910207637
Panc 04.03	Pancreas	0.7902388915633907
NCI-H2066	Lung	0.7939299739049844
SK-N-FI	Peripheral Nervous System	0.7941424743545037
NCI-H226	Pleura	0.7980818033705114
SK-LMS-1	Soft Tissue	0.7998026979827425
THP-1	Myeloid	0.7999650788366883
RERF-LC-MS	Lung	0.8008481598555767
SUP-T1	Lymphoid	0.8010672046134989
PC-3	Prostate	0.8043720695911394
KYSE-70	Esophagus/Stomach	0.8048652958160758
HGC-27	Esophagus/Stomach	0.8069790013402726
U2OS	Bone	0.8084596264612767
T24	Bladder/Urinary Tract	0.8086994020790127
Caki-1	Kidney	0.8087198216122606
MDA-MB-436	Breast	0.8089695243493155
SF268	CNS/Brain	0.8096819991106656
OVCAR-3	Ovary/Fallopian Tube	0.8125075702624472
NCI-H2030	Lung	0.8154065351657785
DMS 53	Lung	0.8170944031413202
DMS 273	Lung	0.8217630433164776
TC-71	Bone	0.8220153632191695
COR-L279	Lung	0.8240234059107246
K-562	Myeloid	0.8243572412174328
HARA	Lung	0.8251061106623163
HCC1569	Breast	0.8269595087194637
Hs 746.T	Esophagus/Stomach	0.8292162173003085
NCI-H1836	Lung	0.8307179548691345
KARPAS-422	Lymphoid	0.8349735694046616
A549	Lung	0.8365467255335081
RS4-11	Lymphoid	0.838882927700706
HCT 116	Bowel	0.8398091384152819
MSTO-211H	Pleura	0.8436652321228152
UACC-812	Breast	0.8444932653209266
TE-10	Esophagus/Stomach	0.8453724743527782
Hs 578T	Breast	0.8460156809813676
DU4475	Breast	0.8461466405184493
NCI-H2029	Lung	0.8466905058867785
697	Lymphoid	0.8472725174194479
KURAMOCHI	Ovary/Fallopian Tube	0.8488052891249732
NCI-H526	Lung	0.8490816859808871
NCI-H460	Lung	0.8539288918053114
BC-1	Lymphoid	0.8559276450548362
NCI-H446	Lung	0.8579982113060554
NCI-H929	Lymphoid	0.8591420855415054
RAJI	Lymphoid	0.8593090240215913
DB	Lymphoid	0.8612325706158708
HOP-62	Lung	0.8619553387996379
AGS	Esophagus/Stomach	0.8625851275533615
NCI-H510A	Lung	0.864314127773442
5637	Bladder/Urinary Tract	0.8648004700587867
HuH-7	Liver	0.8670705100087475
SU-DHL-1	Lymphoid	0.868546081604211
SK-OV-3	Ovary/Fallopian Tube	0.870373717429236
RL	Lymphoid	0.8731816169317158
KYSE-150	Esophagus/Stomach	0.8771503789393486
BxPC-3	Pancreas	0.8786124930911401
HuO9	Bone	0.880204428005864
BT-474	Breast	0.8802856584353973
NCI-H1693	Lung	0.8826382253213358
SU-DHL-4	Lymphoid	0.8833680018272755
HT-1080	Soft Tissue	0.8838714599300773
SCC-25	Head and Neck	0.8845926270995998
HEL	Myeloid	0.8857790978670983
MIA Paca-2	Pancreas	0.8868477869836658
SW 620	Bowel	0.8873908874825732
Kasumi-1	Myeloid	0.8878455236558781
SHP-77	Lung	0.8881922877406573
MDA-MB-231	Breast	0.8888301561808014
HDQ-P1	Breast	0.8908192575295373
COLO 668	Lung	0.8908562448440078
RKO	Bowel	0.8915782313316997
LN-229	CNS/Brain	0.8916443422091146
A2780	Ovary/Fallopian Tube	0.8927362515356992
NCI-H3122	Lung	0.8927966075658552
C-33 A	Cervix	0.8942352511005014
KNS-62	Lung	0.8952296503620588
HT-29	Bowel	0.8973238819782732
COR-L311	Lung	0.8990747866703083
22Rv1	Prostate	0.899418291995659
DMS 79	Lung	0.9003513088378191
A-253	Head and Neck	0.9013068750875696
SF539	CNS/Brain	0.9019058934780729
SK-MEL-5	Skin	0.9022598331410991
CAMA-1	Breast	0.9034156669675657
NCI-H1975	Lung	0.905049773072002
SW 837	Bowel	0.9057212165723758
Capan-1	Pancreas	0.9057413718963684
BICR 31	Head and Neck	0.9082891936784613
MKN-1	Esophagus/Stomach	0.9092363031495108
SK-ES-1	Bone	0.9096582963370226
HCC1599	Breast	0.910857612381485
OS-RC-2	Kidney	0.9109430730632874
MG-63	Bone	0.9112358562116656
NCI-H2171	Lung	0.911656328378597
LOX-IMVI	Skin	0.9120847972569379
SF-295	CNS/Brain	0.9121377810935352
HT-1376	Bladder/Urinary Tract	0.9145033807384436
JJN-3	Lymphoid	0.9149605108714954
SK-HEP-1	Liver	0.9150620910399471
LP-1	Lymphoid	0.9154185454768669
HT115	Bowel	0.9170387348648671
NCI-H2228	Lung	0.9175884649375875
CAL-85-1	Breast	0.9181051525995692
HCC1395	Breast	0.918510801344465
Panc 03.27	Pancreas	0.9191636103617509
RERF-GC-1B	Esophagus/Stomach	0.9201516037983084
AsPC-1	Pancreas	0.9208650932106013
HCC1937	Breast	0.9218916457380147
P12-ICHIKAWA	Lymphoid	0.9225662766041606
NCI-N87	Esophagus/Stomach	0.9238102866542413
SUP-B15	Lymphoid	0.9240559793865657
SW 48	Bowel	0.92454542768548
A2058	Skin	0.9246130601206297
OE33	Esophagus/Stomach	0.9251401760561475
NCI-H1299	Lung	0.9256663540592948
CAL-120	Breast	0.9257752807858551
KMS-11	Lymphoid	0.9273021279025553
NCCIT	Testis	0.9280598479335854
Detroit 562	Head and Neck	0.9283729148433507
AU565	Breast	0.929572420323726
KYSE-180	Esophagus/Stomach	0.9300973889085912
NCI-H1694	Lung	0.9306019908200543
SK-MEL-30	Skin	0.9307935064381379
JHH-7	Liver	0.9310618882259699
OE19	Esophagus/Stomach	0.9314015033226806
RD	Soft Tissue	0.9319205783038469
CAL 27	Head and Neck	0.9323965246612442
SUP-M2	Lymphoid	0.9328705227461619
FaDu	Head and Neck	0.9341305264679853
NCI-H1092	Lung	0.9349733756452414
Ca Ski	Cervix	0.9351295866841068
MDA-MB-453	Breast	0.9359878468921711
KM-12	Bowel	0.9364180283409627
OCI-AML2	Myeloid	0.9366143017669047
HCC44	Lung	0.9367623116293524
RMG-I	Ovary/Fallopian Tube	0.9369687895375934
PC-14	Lung	0.9369956539730353
RT-112	Bladder/Urinary Tract	0.9371459683571385
HT	Lymphoid	0.9373216608421558
NCI-H1048	Lung	0.9383517561835524
DMS 114	Lung	0.9386591527950394
ABC-1	Lung	0.9387222689880073
NCI-H1963	Lung	0.9388288866986821
NUGC-4	Esophagus/Stomach	0.939015107777358
DU 145	Prostate	0.9390160759889581
MKN-7	Esophagus/Stomach	0.9399252165326358
TE-5	Esophagus/Stomach	0.9408516223096524
OPM-2	Lymphoid	0.9408683864903967
OVCAR-5	Ovary/Fallopian Tube	0.9413042590830678
NCI-H1105	Lung	0.9417008229443974
IM-95	Esophagus/Stomach	0.9418148101285607
NCI-H1437	Lung	0.943072996943004
HCC70	Breast	0.9436541316241984
SK-MEL-2	Skin	0.9436680155295472
OVCAR-8	Ovary/Fallopian Tube	0.9448153658749
OCUM-1	Esophagus/Stomach	0.9448575095597107
MDA-MB-361	Breast	0.9458472403032246
NCI-H211	Lung	0.9459234787469313
SNU-475	Liver	0.9475058385830196
MOLM-13	Myeloid	0.9480795294478704
HCC1143	Breast	0.9509447343438051
NCI-H1703	Lung	0.9515465482422529
MV-4-11	Myeloid	0.9521298002315156
MKN-45	Esophagus/Stomach	0.9523795940646363
BC-3	Lymphoid	0.9525276550481965
OCI-AML3	Myeloid	0.9526603502610432
U-87 MG	CNS/Brain	0.9530968150268764
LoVo	Bowel	0.9533046575551737
RPMI 8226	Lymphoid	0.9539911370367826
HCC1187	Breast	0.9544891627986779
EKVX	Lung	0.9553620682205359
KARPAS-299	Lymphoid	0.9555948549019238
KNS-42	CNS/Brain	0.9558498319959778
MM.1S	Lymphoid	0.9560750714944527
HCC1806	Breast	0.9561848435064724
NCI-H146	Lung	0.9565379432788411
VAL	Lymphoid	0.9572280404246081
KU812	Myeloid	0.9572819855300643
A-375	Skin	0.9597088380102264
MHH-ES-1	Bone	0.9600042417044166
NCI-H69	Lung	0.9607337388665641
OVCAR-4	Ovary/Fallopian Tube	0.9618498581415107
NCI-H1650	Lung	0.9623029311306251
HuCCT1	Biliary Tract	0.9651570642561002
ME-1	Myeloid	0.9675359559455998
ACHN	Kidney	0.9736896523006875
T-47D	Breast	0.9739180717079045
SW 948	Bowel	0.9760465178138928
SK-N-AS	Peripheral Nervous System	0.980769166563297
