cell	role	r|covered+bl	rho|covered+bl	r|span+bl	rho|span+bl	r|span+bl+GCfix	rho|span+bl+GCfix	r|span+bl+GCfix+CBS	rho|span+bl+GCfix+CBS	locus	amp_inf	amp_dm
SK-N-BE(2)	acid-test	0.37754195145489977	0.3911545368770717	0.3538667364763378	0.20451896235978131	0.25658201670907915	-0.006078715798741094	0.26316693971833094	0.18256538833183864	MYCN	19.05568075049663	215.1736787616997
KELLY	acid-test	0.9292787949600468	0.6724169549399723	0.9201387741611426	0.4875782925610381	0.8581671772868313	0.24318091537211656	0.8538108667303141	0.34469212133929356	MYCN	44.29556002650821	207.98387207340332
COLO 320	acid-test	0.956129912993932	0.7660217783187036	0.9519778032046294	0.7528500184306534	0.9214254333758767	0.4142274147006987	0.9122521996928826	0.5328862214212545	MYC	37.995670264618205	121.04582417116237
OVCAR-3	acid-test	0.6817953115408606	0.545545137074183	0.6721611901675457	0.5310642198380191	0.5638035070327311	0.3745878073657245	0.5503289400862245	0.4022860991369217	19q13	5.945347712177015	8.00629680663992
AU565	ordinary	0.7245539830874964	0.8689855939448167	0.631875549135494	0.5095836502428785	0.5585051547051331	0.2692918934452647	0.5436909866783397	0.3667149094802322			
A549	ordinary	0.6130671389117207	0.6599770911191739	0.6035481074823394	0.6626970396438535	0.2994845190158478	0.23956363367991002	0.29862826784015034	0.34981764255683606			
EOL-1	ordinary	0.528490070175549	0.580625898453382	0.5101324656066389	0.5956451571991761	0.04133559992688871	0.17952785410339975	-0.010868387277134945	0.13587483988024074			
697	ordinary	0.1471823943016423	-0.25637916451011916	0.15414735229158413	0.13108803284072612	0.1654765379807553	0.23778865181080228	0.05238292310908661	-0.04815023850974466			
A-375	ordinary	0.5692112253220408	0.7158860274631683	0.5679862156755174	0.6443885324652253	0.2711580514559161	0.28701846807216214	0.22971445092057766	0.4186191927049869			
786-O	ordinary	0.7763284736459836	0.7879966604497297	0.7692761123150874	0.7938902883692995	0.4897439872735158	0.44841562647340516	0.47712014522748425	0.4715005454210178			
AsPC-1	ordinary	0.825132760723526	0.794171766126212	0.8088114602308748	0.7792557581872481	0.471475655614234	0.1790253780725096	0.46375317937906035	0.19369799510719823			
