cell	role	reads	r	segs	locus	inferred_cn	depmap_cn
SK-N-BE(2)	acid-test	93051276	0.09065736587689928	55078	MYCN	21.21163481230393	215.1736787616997
KELLY	acid-test	150156222	0.3695181828277147	55078	MYCN	45.585647189526355	207.98387207340332
COLO 320	acid-test	41107318	0.31090278084409706	55079	MYC/POU5F1B	55.8399421915156	121.04582417116237
OVCAR-3	acid-test	73604496	0.026876386324594593	55076	19q13	6.059806247281922	8.00629680663992
AU565	ordinary	42922193	0.1665901101546847	55078			
A549	ordinary	265067340	0.2990365035893103	55078			
EOL-1	ordinary	42699075	0.049089289496825055	55078			
697	ordinary	65649604	0.04972097384816004	55079			
A-375	ordinary	94767074	0.025043332153876767	55078			
786-O	ordinary	107973280	0.03566267181130011	55077			
AsPC-1	ordinary	97423170	0.1229665533130785	55078			
