line	lineage	experiment	file
HL-60/S4	Myeloid	ENCSR431YCB	ENCFF499SYK
KBM-7	Myeloid	ENCSR987EPR	ENCFF775VSU
Ramos	Lymphoid	ENCSR022TPX	ENCFF994CEG
Jurkat	Lymphoid	ENCSR763IRD	ENCFF754PFX
K562	Myeloid	ENCSR545YBD	ENCFF616PUW
HepG2	Liver	ENCSR194SRI	ENCFF306VTV
PC-3	Prostate	ENCSR038TZA	ENCFF322IBI
Calu3	Lung	ENCSR118AQZ	ENCFF127TPS
MCF-7	Breast	ENCSR660LPJ	ENCFF420JTA
Caco-2	Bowel	ENCSR820DYU	ENCFF234MDO
PC-9	Lung	ENCSR859DRK	ENCFF181ROW
OCI-LY7	Lymphoid	ENCSR088BOG	ENCFF480KLP
A673	Bone	ENCSR455KLX	ENCFF129LMU
HCT116	Bowel	ENCSR477GZK	ENCFF573OPJ
