srx	study
ERX989273	PRJEB8620
ERX989283	PRJEB8620
SRX038625	PRJNA63443
SRX10000143	PRJNA698631
SRX10000151	PRJNA698631
SRX10024485	PRJNA699532
SRX10024496	PRJNA699532
SRX10030488	PRJNA699567
SRX10030492	PRJNA699567
SRX10035165	PRJNA699664
SRX10035166	PRJNA699664
SRX10035147	PRJNA699664
SRX10045335	PRJNA700411
SRX1013328	PRJNA282587
SRX067407	PRJNA63443
SRX067435	PRJNA63443
ERX1126179	PRJEB8620
ERX1126194	PRJEB8620
ERX1126214	PRJEB8620
ERX1126260	PRJEB8620
SRX10168821	PRJNA704898
ERX626824	PRJEB7640
DRX015340	PRJDB2453
DRX015376	PRJDB2453
DRX015394	PRJDB2453
DRX015421	PRJDB2453
DRX015448	PRJDB2453
DRX041641	PRJDB4219
DRX313737	PRJDB12469
ERX1103216	PRJEB8620
ERX1103224	PRJEB8620
ERX2869654	PRJEB11587
SRX038546	PRJNA63443
SRX10000141	PRJNA698631
SRX10024484	PRJNA699532
SRX10030487	PRJNA699567
SRX10030489	PRJNA699567
SRX10030490	PRJNA699567
SRX10030491	PRJNA699567
SRX10035164	PRJNA699664
SRX10144610	PRJNA703540
SRX1002800	PRJNA281759
SRX1013960	PRJNA282652
SRX1013961	PRJNA282652
SRX1013964	PRJNA282652
SRX061991	PRJNA142885
ERX626833	PRJEB7640
ERX626845	PRJEB7640
DRX013207	PRJDB2619
DRX015286	PRJDB2453
DRX015358	PRJDB2453
DRX015403	PRJDB2453
DRX015430	PRJDB2453
DRX041639	PRJDB4219
ERX1103210	PRJEB8620
ERX1103215	PRJEB8620
ERX1103217	PRJEB8620
ERX1103225	PRJEB8620
ERX1103231	PRJEB8620
ERX1126178	PRJEB8620
ERX1126219	PRJEB8620
ERX1126229	PRJEB8620
ERX1126245	PRJEB8620
ERX1126253	PRJEB8620
ERX1126254	PRJEB8620
ERX989286	PRJEB8620
ERX989296	PRJEB8620
SRX038624	PRJNA63443
SRX10000150	PRJNA698631
SRX10024483	PRJNA699532
SRX10030485	PRJNA699567
SRX10035167	PRJNA699664
SRX10045318	PRJNA643278
SRX10045319	PRJNA643278
SRX10144611	PRJNA703540
SRX1013962	PRJNA282652
SRX10168819	PRJNA704898
ERX626814	PRJEB7640
ERX626830	PRJEB7640
ERX626839	PRJEB7640
SRX101484	PRJNA63443
DRX013177	PRJDB2619
DRX015223	PRJDB2453
DRX015259	PRJDB2453
DRX015304	PRJDB2453
DRX015313	PRJDB2453
DRX015322	PRJDB2453
DRX015331	PRJDB2453
DRX015412	PRJDB2453
DRX230606	PRJDB10406
DRX431470	PRJDB15355
ERX1126164	PRJEB8620
ERX1126185	PRJEB8620
ERX1126204	PRJEB8620
ERX1126220	PRJEB8620
ERX1126239	PRJEB8620
ERX1126246	PRJEB8620
ERX2869658	PRJEB11587
ERX989276	PRJEB8620
ERX989293	PRJEB8620
SRX038545	PRJNA63443
SRX10000144	PRJNA698631
SRX10024497	PRJNA699532
SRX10030493	PRJNA699567
SRX1002799	PRJNA281759
SRX1004564	PRJNA281924
SRX1013959	PRJNA282652
SRX067494	PRJNA63443
SRX10168820	PRJNA704898
ERX626842	PRJEB7640
DRX013197	PRJDB2619
DRX015241	PRJDB2453
DRX015250	PRJDB2453
DRX015268	PRJDB2453
DRX015367	PRJDB2453
DRX313732	PRJDB12469
DRX313733	PRJDB12469
DRX313734	PRJDB12469
ERX1126171	PRJEB8620
ERX1126196	PRJEB8620
SRX10000142	PRJNA698631
SRX10000149	PRJNA698631
SRX10000152	PRJNA698631
SRX10024486	PRJNA699532
SRX10024495	PRJNA699532
SRX10024498	PRJNA699532
SRX10030484	PRJNA699567
SRX10030486	PRJNA699567
SRX1013327	PRJNA282587
SRX1013878	PRJNA282651
SRX1013963	PRJNA282652
SRX1013965	PRJNA282652
SRX1013966	PRJNA282652
ERX1126169	PRJEB8620
ERX1126170	PRJEB8620
ERX1126189	PRJEB8620
ERX1126195	PRJEB8620
ERX1126203	PRJEB8620
ERX1126210	PRJEB8620
ERX1126221	PRJEB8620
ERX1126228	PRJEB8620
ERX1126235	PRJEB8620
ERX1126244	PRJEB8620
DRX015232	PRJDB2453
DRX015277	PRJDB2453
DRX230605	PRJDB10406
DRX313736	PRJDB12469
DRX313738	PRJDB12469
DRX313739	PRJDB12469
ERX626827	PRJEB7640
SRX10184471	PRJNA705362
SRX10184507	PRJNA705362
SRX10187522	PRJNA63443
SRX10187823	PRJNA63443
SRX10198029	PRJNA688075
SRX10205596	PRJNA705892
SRX10205597	PRJNA705892
SRX10205598	PRJNA705892
SRX10205617	PRJNA705892
SRX10205618	PRJNA705892
SRX10234710	PRJNA706442
SRX10234724	PRJNA706442
SRX10234734	PRJNA706442
SRX10306477	PRJNA713325
SRX10346802	PRJNA706646
SRX10469833	PRJNA718323
SRX10469835	PRJNA718323
SRX10580016	PRJNA721386
SRX10580017	PRJNA721386
SRX10580018	PRJNA721386
SRX10652950	PRJNA723578
SRX10660631	PRJNA723890
SRX10660632	PRJNA723890
SRX10715411	PRJNA726244
SRX10760620	PRJNA727000
SRX1035326	PRJNA284584
SRX1035338	PRJNA284584
SRX1048468	PRJNA285847
SRX10270336	PRJNA707507
SRX10346804	PRJNA706646
SRX10653566	PRJNA723589
SRX10168822	PRJNA704898
SRX10187485	PRJNA63443
SRX10187568	PRJNA63443
SRX10234714	PRJNA706442
SRX10234720	PRJNA706442
SRX10346801	PRJNA706646
SRX10346803	PRJNA706646
SRX10424883	PRJNA716651
SRX10469836	PRJNA718323
SRX10567340	PRJNA720944
SRX10567347	PRJNA720944
SRX10641823	PRJNA723262
SRX10641837	PRJNA723262
SRX10644676	PRJNA723306
SRX10652947	PRJNA723578
SRX10652948	PRJNA723578
SRX10652949	PRJNA723578
SRX10653574	PRJNA723589
SRX10760261	PRJNA667133
SRX10760623	PRJNA727000
SRX10760624	PRJNA727000
SRX10760625	PRJNA727000
SRX1023262	PRJNA274662
SRX1035328	PRJNA284584
SRX1035335	PRJNA284584
SRX1041803	PRJNA284251
SRX1048473	PRJNA285847
SRX1048479	PRJNA285847
SRX1048484	PRJNA285847
SRX10168823	PRJNA704898
SRX10184508	PRJNA705362
SRX10187631	PRJNA63443
SRX10187724	PRJNA63443
SRX10187725	PRJNA63443
SRX10205603	PRJNA705892
SRX10205620	PRJNA705892
SRX10231454	PRJNA706431
SRX10234716	PRJNA706442
SRX10234718	PRJNA706442
SRX10234726	PRJNA706442
SRX10234730	PRJNA706442
SRX10270339	PRJNA707507
SRX10270340	PRJNA707507
SRX10306421	PRJNA713329
SRX10306428	PRJNA713325
SRX10580019	PRJNA721386
SRX10609529	PRJNA722293
SRX10609531	PRJNA722293
SRX10609532	PRJNA722293
SRX10641829	PRJNA723262
SRX10641831	PRJNA723262
SRX10641833	PRJNA723262
SRX10641843	PRJNA723262
SRX10641848	PRJNA723262
SRX10644677	PRJNA723306
SRX10644678	PRJNA723306
SRX10760267	PRJNA667133
SRX1035327	PRJNA284584
SRX1035329	PRJNA284584
SRX1035330	PRJNA284584
SRX1035332	PRJNA284584
SRX1048462	PRJNA285847
SRX1048492	PRJNA285847
SRX10184470	PRJNA705362
SRX10184472	PRJNA705362
SRX10184486	PRJNA705362
SRX10184509	PRJNA705362
SRX10184513	PRJNA705362
SRX10187484	PRJNA63443
SRX10187521	PRJNA63443
SRX10187824	PRJNA63443
SRX10205605	PRJNA705892
SRX10205606	PRJNA705892
SRX10205619	PRJNA705892
SRX10231451	PRJNA706431
SRX10234708	PRJNA706442
SRX10234722	PRJNA706442
SRX10306423	PRJNA713329
SRX10424884	PRJNA716651
SRX10641825	PRJNA723262
SRX10641827	PRJNA723262
SRX10641835	PRJNA723262
SRX10641839	PRJNA723262
SRX10715410	PRJNA726244
SRX10760259	PRJNA667133
SRX10760621	PRJNA727000
SRX10760626	PRJNA727000
SRX10760627	PRJNA727000
SRX1035331	PRJNA284584
SRX1035334	PRJNA284584
SRX1035337	PRJNA284584
SRX1048464	PRJNA285847
SRX1048486	PRJNA285847
SRX1048488	PRJNA285847
SRX10168825	PRJNA704898
SRX10187569	PRJNA63443
SRX10187632	PRJNA63443
SRX10198033	PRJNA688075
SRX10205595	PRJNA705892
SRX10205604	PRJNA705892
SRX10234712	PRJNA706442
SRX10234728	PRJNA706442
SRX10270335	PRJNA707507
SRX10469834	PRJNA718323
SRX10609530	PRJNA722293
SRX10641841	PRJNA723262
SRX10644679	PRJNA723306
SRX10660630	PRJNA723890
SRX10715412	PRJNA726244
SRX10715413	PRJNA726244
SRX10760263	PRJNA667133
SRX10760265	PRJNA667133
SRX10760622	PRJNA727000
SRX1035336	PRJNA284584
SRX1048456	PRJNA285847
SRX1048466	PRJNA285847
SRX10168824	PRJNA704898
SRX10168826	PRJNA704898
SRX10168827	PRJNA704898
SRX10760628	PRJNA727000
SRX10760637	PRJNA727000
SRX10760651	PRJNA727000
SRX10773076	PRJNA727311
SRX10773077	PRJNA727311
SRX10774895	PRJNA727327
SRX10774898	PRJNA727327
SRX10774902	PRJNA727327
SRX10829244	PRJNA661328
SRX10889820	PRJNA697910
SRX10976047	PRJNA732464
SRX10976855	PRJNA63443
SRX10976857	PRJNA63443
SRX10977175	PRJNA63443
SRX10977176	PRJNA63443
SRX11136870	PRJNA628656
SRX11136871	PRJNA628656
SRX11222365	PRJNA741263
SRX1123845	PRJNA291410
SRX1123850	PRJNA291410
SRX1123957	PRJNA291423
SRX1123959	PRJNA291423
SRX11136868	PRJNA628656
SRX10760630	PRJNA727000
SRX10760635	PRJNA727000
SRX10760649	PRJNA727000
SRX10760652	PRJNA727000
SRX10773078	PRJNA727311
SRX10774903	PRJNA727327
SRX10774904	PRJNA727327
SRX10859404	PRJNA729512
SRX10859405	PRJNA729512
SRX10881828	PRJNA729982
SRX10976048	PRJNA732464
SRX10976049	PRJNA732464
SRX10976053	PRJNA732464
SRX10976055	PRJNA732464
SRX10976056	PRJNA732464
SRX10976059	PRJNA732464
SRX10976063	PRJNA732464
SRX10976068	PRJNA732464
SRX10976069	PRJNA732464
SRX10976171	PRJNA63443
SRX10977374	PRJNA63443
SRX10977447	PRJNA63443
SRX11016888	PRJNA733484
SRX11094540	PRJNA736073
SRX11094585	PRJNA736073
SRX11136869	PRJNA628656
SRX11149849	PRJNA738140
SRX11179898	PRJNA739173
SRX11222364	PRJNA741263
SRX11222333	PRJNA741263
SRX1078949	PRJNA288703
SRX11149850	PRJNA738140
SRX10760636	PRJNA727000
SRX10760638	PRJNA727000
SRX10760660	PRJNA727000
SRX10774900	PRJNA727327
SRX10829246	PRJNA661328
SRX10976045	PRJNA732464
SRX10976051	PRJNA732464
SRX10976060	PRJNA732464
SRX10976061	PRJNA732464
SRX10976062	PRJNA732464
SRX10976064	PRJNA732464
SRX10976071	PRJNA732464
SRX10976169	PRJNA63443
SRX10976781	PRJNA63443
SRX10976782	PRJNA63443
SRX10976783	PRJNA63443
SRX10976856	PRJNA63443
SRX11093748	PRJNA736028
SRX11094510	PRJNA736073
SRX11094520	PRJNA736073
SRX11094565	PRJNA736073
SRX11094575	PRJNA736073
SRX11094590	PRJNA736073
SRX11222378	PRJNA741263
SRX11222408	PRJNA741263
SRX11222409	PRJNA741263
SRX1078950	PRJNA288703
SRX1098172	PRJNA290031
SRX1098173	PRJNA290031
SRX1117706	PRJNA290904
SRX11149856	PRJNA738140
SRX10760639	PRJNA727000
SRX10760640	PRJNA727000
SRX10760650	PRJNA727000
SRX10760654	PRJNA727000
SRX10760662	PRJNA727000
SRX10773079	PRJNA727311
SRX10773080	PRJNA727311
SRX10773081	PRJNA727311
SRX10774899	PRJNA727327
SRX10829243	PRJNA661328
SRX10829245	PRJNA661328
SRX10889822	PRJNA697910
SRX10976043	PRJNA732464
SRX10976052	PRJNA732464
SRX10976057	PRJNA732464
SRX10976058	PRJNA732464
SRX10976065	PRJNA732464
SRX10976070	PRJNA732464
SRX10977448	PRJNA63443
SRX10977449	PRJNA63443
SRX11016889	PRJNA733484
SRX11016890	PRJNA733484
SRX11093747	PRJNA736028
SRX11094505	PRJNA736073
SRX11094525	PRJNA736073
SRX11094545	PRJNA736073
SRX11179903	PRJNA739173
SRX1091508	PRJNA289457
SRX1117705	PRJNA290904
SRX1123859	PRJNA291410
SRX1123958	PRJNA291423
SRX11149857	PRJNA738140
SRX11023672	PRJNA733666
SRX10760653	PRJNA727000
SRX10760661	PRJNA727000
SRX10774896	PRJNA727327
SRX10774897	PRJNA727327
SRX10774901	PRJNA727327
SRX10881825	PRJNA729982
SRX10881826	PRJNA729982
SRX10881827	PRJNA729982
SRX10976044	PRJNA732464
SRX10976046	PRJNA732464
SRX10976050	PRJNA732464
SRX10976054	PRJNA732464
SRX10976066	PRJNA732464
SRX10976067	PRJNA732464
SRX10976072	PRJNA732464
SRX10976170	PRJNA63443
SRX10977177	PRJNA63443
SRX10977375	PRJNA63443
SRX10977376	PRJNA63443
SRX11094535	PRJNA736073
SRX11094560	PRJNA736073
SRX11094570	PRJNA736073
SRX11094580	PRJNA736073
SRX11179902	PRJNA739173
SRX11222350	PRJNA741263
SRX11222351	PRJNA741263
SRX11222379	PRJNA741263
SRX11222392	PRJNA741263
SRX11222393	PRJNA741263
SRX11222332	PRJNA741263
SRX1123862	PRJNA291410
SRX11243164	PRJNA742000
SRX11245144	PRJNA742059
SRX11245145	PRJNA742059
SRX11453859	PRJNA746778
SRX11508299	PRJNA748396
SRX11525507	PRJNA749080
SRX11525508	PRJNA749080
SRX11665053	PRJNA752643
SRX11665054	PRJNA752643
SRX11665062	PRJNA752643
SRX11783347	PRJNA755309
SRX11783349	PRJNA755309
SRX11783278	PRJNA755309
SRX11783295	PRJNA755309
SRX11783303	PRJNA755309
SRX11783327	PRJNA755309
SRX11783344	PRJNA755309
SRX11865061	PRJNA756978
SRX11865062	PRJNA756978
SRX12007575	PRJNA760339
SRX12172311	PRJNA762918
SRX12578555	PRJNA770645
SRX12578560	PRJNA770645
SRX12578561	PRJNA770645
SRX11405194	PRJNA745328
SRX11405198	PRJNA745328
SRX11312427	PRJNA742664
SRX11312435	PRJNA742664
SRX11312436	PRJNA742664
SRX11243167	PRJNA742000
SRX11453856	PRJNA746778
SRX11457846	PRJNA746968
SRX11457847	PRJNA746968
SRX11508294	PRJNA748396
SRX11508296	PRJNA748396
SRX11508297	PRJNA748396
SRX11555387	PRJNA749767
SRX11555388	PRJNA749767
SRX11665063	PRJNA752643
SRX11715539	PRJNA753710
SRX11926432	PRJNA758090
SRX12007569	PRJNA760339
SRX12007574	PRJNA760339
SRX12172312	PRJNA762918
SRX12298970	PRJNA765350
SRX12298976	PRJNA765350
SRX12298977	PRJNA765350
SRX12298978	PRJNA765350
SRX12403371	PRJNA767359
SRX12575507	PRJNA770531
SRX12578558	PRJNA770645
SRX1131560	PRJNA268319
SRX1131565	PRJNA268319
SRX1177909	PRJNA294503
SRX11783352	PRJNA755309
SRX11783355	PRJNA755309
SRX11783280	PRJNA755309
SRX11783290	PRJNA755309
SRX11783297	PRJNA755309
SRX11783312	PRJNA755309
SRX11783330	PRJNA755309
SRX11783331	PRJNA755309
SRX11807436	PRJNA755883
SRX1134740	PRJNA292067
SRX11312428	PRJNA742664
SRX11354212	PRJNA743891
SRX11361156	PRJNA744176
SRX11361158	PRJNA744176
SRX11405192	PRJNA745328
SRX11405196	PRJNA745328
SRX11453862	PRJNA746778
SRX11453877	PRJNA746778
SRX11470495	PRJNA746997
SRX11508295	PRJNA748396
SRX11715532	PRJNA753710
SRX11783350	PRJNA755309
SRX11783353	PRJNA755309
SRX11783292	PRJNA755309
SRX11783307	PRJNA755309
SRX11783310	PRJNA755309
SRX11783313	PRJNA755309
SRX11783316	PRJNA755309
SRX11783325	PRJNA755309
SRX11807439	PRJNA755883
SRX12007572	PRJNA760339
SRX12007573	PRJNA760339
SRX12367778	PRJNA766527
SRX12403373	PRJNA767359
SRX12578562	PRJNA770645
SRX1156502	PRJNA293191
SRX1156503	PRJNA293191
SRX1156504	PRJNA293191
SRX1183969	PRJNA294738
SRX1140813	PRJNA292437
SRX11354219	PRJNA743891
SRX11361155	PRJNA744176
SRX11470435	PRJNA746997
SRX11470465	PRJNA746997
SRX11508298	PRJNA748396
SRX11555386	PRJNA749767
SRX11555389	PRJNA749767
SRX11665057	PRJNA752643
SRX1127529	PRJNA291622
SRX1131561	PRJNA268319
SRX1140817	PRJNA292437
SRX1156500	PRJNA293191
SRX12007570	PRJNA760339
SRX12298971	PRJNA765350
SRX12367773	PRJNA766528
SRX12403377	PRJNA767359
SRX12575499	PRJNA770531
SRX12578556	PRJNA770645
SRX12578559	PRJNA770645
SRX1183971	PRJNA294738
SRX1183973	PRJNA294738
SRX11783346	PRJNA755309
SRX11783356	PRJNA755309
SRX11783281	PRJNA755309
SRX11783298	PRJNA755309
SRX11783304	PRJNA755309
SRX11783315	PRJNA755309
SRX11783318	PRJNA755309
SRX11783324	PRJNA755309
SRX11783328	PRJNA755309
SRX11243163	PRJNA742000
SRX11361157	PRJNA744176
SRX11470490	PRJNA746997
SRX11760884	PRJNA754760
SRX11783277	PRJNA755309
SRX11783289	PRJNA755309
SRX11783306	PRJNA755309
SRX11783309	PRJNA755309
SRX11783319	PRJNA755309
SRX11783343	PRJNA755309
SRX11807435	PRJNA755883
SRX11807440	PRJNA755883
SRX11926431	PRJNA758090
SRX12007571	PRJNA760339
SRX12007576	PRJNA760339
SRX12298972	PRJNA765350
SRX12367783	PRJNA766529
SRX12367785	PRJNA766529
SRX12367796	PRJNA766529
SRX12578557	PRJNA770645
SRX1127540	PRJNA291622
SRX1131566	PRJNA268319
SRX1156499	PRJNA293191
SRX1156501	PRJNA293191
SRX11665058	PRJNA752643
SRX1183970	PRJNA294738
SRX12578563	PRJNA770645
SRX12645698	PRJNA771867
SRX12764699	PRJNA774273
SRX12764695	PRJNA774273
SRX12764577	PRJNA774273
SRX12764574	PRJNA774273
SRX12764565	PRJNA774273
SRX12764564	PRJNA774273
SRX12779931	PRJNA774795
SRX12877683	PRJNA776851
SRX12877688	PRJNA776851
SRX12877692	PRJNA776851
SRX12877697	PRJNA776851
SRX12877700	PRJNA776851
SRX13351042	PRJNA787085
SRX13439338	PRJNA789187
SRX13440047	PRJNA789267
SRX13589445	PRJNA793916
SRX13731626	PRJNA796335
SRX13776913	PRJNA797057
SRX13776912	PRJNA797057
SRX13776911	PRJNA797057
SRX13776902	PRJNA797057
SRX13776901	PRJNA797057
SRX13776896	PRJNA797057
SRX13776895	PRJNA797057
SRX13776894	PRJNA797057
SRX13171779	PRJNA781844
SRX129073	PRJNA153317
SRX12684458	PRJNA772712
SRX12684453	PRJNA772712
SRX12684449	PRJNA772712
SRX12684445	PRJNA772712
SRX12695686	PRJNA772792
SRX12695687	PRJNA772792
SRX12764649	PRJNA774273
SRX12764647	PRJNA774273
SRX12764620	PRJNA774273
SRX12764581	PRJNA774273
SRX12779902	PRJNA774787
SRX12779910	PRJNA774787
SRX12779917	PRJNA774795
SRX12779925	PRJNA774795
SRX12779941	PRJNA774795
SRX12877690	PRJNA776851
SRX12877693	PRJNA776851
SRX13351043	PRJNA787085
SRX13351044	PRJNA787085
SRX13439335	PRJNA789187
SRX13466111	PRJNA749080
SRX13466112	PRJNA749080
SRX13589441	PRJNA793916
SRX13731623	PRJNA796335
SRX13776910	PRJNA797057
SRX13776909	PRJNA797057
SRX13776907	PRJNA797057
SRX13776904	PRJNA797057
SRX13776898	PRJNA797057
SRX1272800	PRJNA296595
SRX1272804	PRJNA296595
SRX1360796	PRJNA299597
SRX1360816	PRJNA299597
SRX12645694	PRJNA771867
SRX12645707	PRJNA771867
SRX12695688	PRJNA772792
SRX12764700	PRJNA774273
SRX12764697	PRJNA774273
SRX12764641	PRJNA774273
SRX12764619	PRJNA774273
SRX12764576	PRJNA774273
SRX12764561	PRJNA774273
SRX12877689	PRJNA776851
SRX12877695	PRJNA776851
SRX13310319	PRJNA786009
SRX13351040	PRJNA787085
SRX13497473	PRJNA791925
SRX1272784	PRJNA296595
SRX1371107	PRJNA299650
SRX13731620	PRJNA796335
SRX13731629	PRJNA796335
SRX13776908	PRJNA797057
SRX13776899	PRJNA797057
SRX13776897	PRJNA797057
SRX1360804	PRJNA299597
SRX13171807	PRJNA781844
SRX129074	PRJNA153317
SRX12591882	PRJNA770972
SRX12591880	PRJNA770972
SRX12645695	PRJNA771867
SRX12645706	PRJNA771867
SRX12695685	PRJNA772792
SRX12764648	PRJNA774273
SRX12764583	PRJNA774273
SRX12764582	PRJNA774273
SRX12764568	PRJNA774273
SRX12764563	PRJNA774273
SRX12877681	PRJNA776851
SRX12877684	PRJNA776851
SRX12877685	PRJNA776851
SRX12877687	PRJNA776851
SRX12877694	PRJNA776851
SRX13171786	PRJNA781844
SRX13340337	PRJNA746997
SRX13351041	PRJNA787085
SRX13439324	PRJNA789187
SRX13439327	PRJNA789187
SRX13439341	PRJNA789187
SRX13440046	PRJNA789267
SRX13731638	PRJNA796335
SRX13776905	PRJNA797057
SRX13776903	PRJNA797057
SRX13776900	PRJNA797057
SRX1272792	PRJNA296595
SRX1272796	PRJNA296595
SRX1272807	PRJNA296595
SRX13171765	PRJNA781844
SRX12578564	PRJNA770645
SRX12591884	PRJNA770972
SRX12591883	PRJNA770972
SRX12591881	PRJNA770972
SRX12645699	PRJNA771867
SRX12645703	PRJNA771867
SRX12684456	PRJNA772712
SRX12764698	PRJNA774273
SRX12764696	PRJNA774273
SRX12764645	PRJNA774273
SRX12764643	PRJNA774273
SRX12764580	PRJNA774273
SRX12764571	PRJNA774273
SRX12779906	PRJNA774787
SRX12779907	PRJNA774787
SRX12779911	PRJNA774787
SRX12877680	PRJNA776851
SRX12877682	PRJNA776851
SRX12877691	PRJNA776851
SRX12877698	PRJNA776851
SRX13064304	PRJNA778792
SRX13085564	PRJNA721385
SRX13130617	PRJNA780172
SRX13171814	PRJNA781844
SRX13340340	PRJNA746997
SRX13388654	PRJNA788266
SRX13439330	PRJNA789187
SRX13497472	PRJNA791925
SRX13497471	PRJNA791925
SRX1272780	PRJNA296595
SRX1272788	PRJNA296595
SRX1360800	PRJNA299597
SRX1360820	PRJNA299597
SRX129075	PRJNA153317
SRX14032769	PRJNA803187
SRX14138490	PRJNA805505
SRX14468184	PRJNA816437
SRX14468120	PRJNA816437
SRX14647685	PRJNA821068
SRX14776030	PRJNA824452
SRX14977633	PRJNA830917
SRX14977638	PRJNA830917
SRX14977642	PRJNA830917
SRX14977643	PRJNA830917
SRX14977646	PRJNA830917
SRX15117381	PRJNA834476
SRX15117377	PRJNA834476
SRX15156459	PRJNA835108
SRX15156444	PRJNA835108
SRX15156443	PRJNA835108
SRX15209560	PRJNA836436
SRX15209552	PRJNA836436
SRX15213680	PRJNA836575
SRX1474427	PRJNA305635
SRX1474433	PRJNA305635
SRX1474438	PRJNA305635
SRX1474447	PRJNA305635
SRX1474450	PRJNA305635
SRX1474461	PRJNA305635
SRX1491515	PRJNA306483
SRX1491584	PRJNA306483
SRX1474436	PRJNA305635
SRX1491501	PRJNA306483
SRX1491518	PRJNA306483
SRX1491495	PRJNA306483
SRX13941917	PRJNA799783
SRX13965918	PRJNA801595
SRX13965909	PRJNA801595
SRX14127534	PRJNA805173
SRX14206332	PRJNA807716
SRX14286726	PRJNA810334
SRX14286725	PRJNA810334
SRX14468178	PRJNA816437
SRX14468121	PRJNA816437
SRX14612992	PRJNA713325
SRX14713158	PRJNA822375
SRX14713157	PRJNA822375
SRX14776041	PRJNA824452
SRX14776040	PRJNA824452
SRX14776036	PRJNA824452
SRX14776037	PRJNA824452
SRX14776039	PRJNA824452
SRX14977634	PRJNA830917
SRX14977641	PRJNA830917
SRX14977640	PRJNA830917
SRX15117373	PRJNA834476
SRX15156467	PRJNA835108
SRX15156464	PRJNA835108
SRX1451226	PRJNA304004
SRX1521314	PRJNA290904
SRX1491504	PRJNA306483
SRX1491529	PRJNA306483
SRX152075	PRJNA63443
SRX13814016	PRJNA798028
SRX13941920	PRJNA799783
SRX14073943	PRJNA773732
SRX14127564	PRJNA805173
SRX14255726	PRJNA809415
SRX14255723	PRJNA809415
SRX14286733	PRJNA810334
SRX14468185	PRJNA816437
SRX14468183	PRJNA816437
SRX14468182	PRJNA816437
SRX14468179	PRJNA816437
SRX14468176	PRJNA816437
SRX14776038	PRJNA824452
SRX14869354	PRJNA772712
SRX14869347	PRJNA772712
SRX14977635	PRJNA830917
SRX14977636	PRJNA830917
SRX14977637	PRJNA830917
SRX14977644	PRJNA830917
SRX14977647	PRJNA830917
SRX15156469	PRJNA835108
SRX15156468	PRJNA835108
SRX15156463	PRJNA835108
SRX15156445	PRJNA835108
SRX15156439	PRJNA835108
SRX15156435	PRJNA835108
SRX15209551	PRJNA836436
SRX15213682	PRJNA836575
SRX1471741	PRJNA305433
SRX1424875	PRJNA301600
SRX1443866	PRJNA303099
SRX1521227	PRJNA308201
SRX1521228	PRJNA308201
SRX1521302	PRJNA308213
SRX1521309	PRJNA290904
SRX152074	PRJNA63443
SRX1491506	PRJNA306483
SRX14127563	PRJNA805173
SRX14238308	PRJNA808963
SRX14286727	PRJNA810334
SRX14356448	PRJNA812333
SRX14468181	PRJNA816437
SRX14468180	PRJNA816437
SRX14468177	PRJNA816437
SRX14609216	PRJNA819888
SRX14613012	PRJNA713325
SRX14647686	PRJNA821068
SRX14776035	PRJNA824452
SRX14776028	PRJNA824452
SRX14776032	PRJNA824452
SRX14869346	PRJNA772712
SRX15156461	PRJNA835108
SRX15156441	PRJNA835108
SRX15156440	PRJNA835108
SRX15156437	PRJNA835108
SRX15156436	PRJNA835108
SRX15209559	PRJNA836436
SRX1443864	PRJNA303099
SRX1443868	PRJNA303099
SRX1451224	PRJNA304004
SRX1451227	PRJNA304004
SRX1474515	PRJNA305635
SRX1521230	PRJNA308201
SRX1521231	PRJNA308201
SRX13965915	PRJNA801595
SRX13965906	PRJNA801595
SRX15117369	PRJNA834476
SRX13965903	PRJNA801595
SRX14127533	PRJNA805173
SRX14206334	PRJNA807716
SRX14206331	PRJNA807716
SRX14206333	PRJNA807716
SRX14776033	PRJNA824452
SRX14776031	PRJNA824452
SRX14776029	PRJNA824452
SRX14869353	PRJNA772712
SRX14888586	PRJNA827702
SRX14977639	PRJNA830917
SRX14977645	PRJNA830917
SRX14977648	PRJNA830917
SRX15156465	PRJNA835108
SRX15156460	PRJNA835108
SRX15209557	PRJNA836436
SRX15209556	PRJNA836436
SRX15209555	PRJNA836436
SRX1451223	PRJNA304004
SRX1451225	PRJNA304004
SRX1451228	PRJNA304004
SRX1458093	PRJNA304647
SRX1497387	PRJNA306758
SRX1497397	PRJNA306758
SRX15213692	PRJNA836575
SRX15236043	PRJNA837232
SRX15236042	PRJNA837232
SRX15236029	PRJNA837232
SRX15236028	PRJNA837232
SRX15236008	PRJNA837232
SRX15236003	PRJNA837232
SRX15236002	PRJNA837232
SRX15241332	PRJNA837442
SRX15278060	PRJNA838217
SRX15295448	PRJNA774273
SRX15295446	PRJNA774273
SRX15295444	PRJNA774273
SRX15295440	PRJNA774273
SRX15295432	PRJNA774273
SRX15489718	PRJNA843319
SRX15572794	PRJNA844550
SRX15572790	PRJNA844550
SRX15913540	PRJNA674378
SRX15946408	PRJNA854196
SRX15946679	PRJNA854207
SRX16091532	PRJNA857063
SRX16142148	PRJNA858082
SRX16142159	PRJNA858082
SRX16142160	PRJNA858082
SRX16142170	PRJNA858082
SRX15419262	PRJNA640096
SRX1528523	PRJNA308578
SRX1528526	PRJNA308578
SRX1528530	PRJNA308578
SRX1528533	PRJNA308578
SRX1568602	PRJNA311329
SRX1568603	PRJNA311329
SRX1568604	PRJNA311329
SRX1592616	PRJNA295409
SRX1594202	PRJNA312626
SRX1538775	PRJNA309305
SRX1538779	PRJNA309305
SRX1538780	PRJNA309305
SRX1538782	PRJNA309305
SRX15697790	PRJNA849144
SRX15826255	PRJNA851731
SRX15236045	PRJNA837232
SRX15236016	PRJNA837232
SRX15241333	PRJNA837442
SRX15278061	PRJNA838217
SRX15295434	PRJNA774273
SRX15303691	PRJNA839020
SRX15303685	PRJNA839020
SRX15408729	PRJNA841357
SRX15489716	PRJNA843319
SRX15913541	PRJNA674378
SRX15939715	PRJNA854060
SRX15939714	PRJNA854060
SRX15946681	PRJNA854207
SRX15946672	PRJNA854207
SRX16091533	PRJNA857063
SRX1522032	PRJNA308239
SRX1528531	PRJNA308578
SRX1528538	PRJNA308578
SRX1538777	PRJNA309305
SRX1538778	PRJNA309305
SRX1560894	PRJNA275703
SRX1592615	PRJNA295409
SRX1592617	PRJNA295409
SRX1594215	PRJNA312626
SRX1605576	PRJNA304647
SRX153146	PRJNA168032
SRX153150	PRJNA168032
SRX15213700	PRJNA836575
SRX15236031	PRJNA837232
SRX15236011	PRJNA837232
SRX15236004	PRJNA837232
SRX15241330	PRJNA837442
SRX15278058	PRJNA838217
SRX15295436	PRJNA774273
SRX15387311	PRJNA839779
SRX15408730	PRJNA841357
SRX15489715	PRJNA843319
SRX15572792	PRJNA844550
SRX15783127	PRJNA850407
SRX15913542	PRJNA674378
SRX15939713	PRJNA854060
SRX15419261	PRJNA640096
SRX1528524	PRJNA308578
SRX1528528	PRJNA308578
SRX1528532	PRJNA308578
SRX1538774	PRJNA309305
SRX1538776	PRJNA309305
SRX1592614	PRJNA295409
SRX1594201	PRJNA312626
SRX1594216	PRJNA312626
SRX15213694	PRJNA836575
SRX15236044	PRJNA837232
SRX15236027	PRJNA837232
SRX15236026	PRJNA837232
SRX15236012	PRJNA837232
SRX15236010	PRJNA837232
SRX15236005	PRJNA837232
SRX15236001	PRJNA837232
SRX15241331	PRJNA837442
SRX15278059	PRJNA838217
SRX15295450	PRJNA774273
SRX15295442	PRJNA774273
SRX15295438	PRJNA774273
SRX15387309	PRJNA839779
SRX15408727	PRJNA841357
SRX15572791	PRJNA844550
SRX15783129	PRJNA850407
SRX15783128	PRJNA850407
SRX15806796	PRJNA851365
SRX15826263	PRJNA851731
SRX15913544	PRJNA674378
SRX15913546	PRJNA674378
SRX16308589	PRJNA859378
SRX1528534	PRJNA308578
SRX1528535	PRJNA308578
SRX1538781	PRJNA309305
SRX1538783	PRJNA309305
SRX1594203	PRJNA312626
SRX16142149	PRJNA858082
SRX15236041	PRJNA837232
SRX15236030	PRJNA837232
SRX15236025	PRJNA837232
SRX15236013	PRJNA837232
SRX15236009	PRJNA837232
SRX15303690	PRJNA839020
SRX15303686	PRJNA839020
SRX15387308	PRJNA839779
SRX15408728	PRJNA841357
SRX15572793	PRJNA844550
SRX15572789	PRJNA844550
SRX15783130	PRJNA850407
SRX15826262	PRJNA851731
SRX15826254	PRJNA851731
SRX15913539	PRJNA674378
SRX15913543	PRJNA674378
SRX15913545	PRJNA674378
SRX15939712	PRJNA854060
SRX15946682	PRJNA854207
SRX15946680	PRJNA854207
SRX16091534	PRJNA857063
SRX16322842	PRJNA859875
SRX1528521	PRJNA308578
SRX1528522	PRJNA308578
SRX1528527	PRJNA308578
SRX1528536	PRJNA308578
SRX1528537	PRJNA308578
SRX1530373	PRJNA308806
SRX1594204	PRJNA312626
SRX16322843	PRJNA859875
SRX16495563	PRJNA63443
SRX16495590	PRJNA63443
SRX16495652	PRJNA63443
SRX16495691	PRJNA63443
SRX16495692	PRJNA63443
SRX16495799	PRJNA63443
SRX16497624	PRJNA63443
SRX16498349	PRJNA63443
SRX16498389	PRJNA63443
SRX16498421	PRJNA63443
SRX16500141	PRJNA63443
SRX16500308	PRJNA63443
SRX16500309	PRJNA63443
SRX16791305	PRJNA865376
SRX16811469	PRJNA865707
SRX17033757	PRJNA868742
SRX17380078	PRJNA875280
SRX17473256	PRJNA877681
SRX17473254	PRJNA877681
SRX17473213	PRJNA877681
SRX17473211	PRJNA877681
SRX17473210	PRJNA877681
SRX17537541	PRJNA879737
SRX17794433	PRJNA887026
SRX17794431	PRJNA887026
SRX17833899	PRJNA888373
SRX17833898	PRJNA888373
SRX17940127	PRJNA891741
SRX1690211	PRJNA318044
SRX1794270	PRJNA322547
SRX1772404	PRJNA322069
SRX16495453	PRJNA63443
SRX16495564	PRJNA63443
SRX16495602	PRJNA63443
SRX16495603	PRJNA63443
SRX16496855	PRJNA63443
SRX16498348	PRJNA63443
SRX16500142	PRJNA63443
SRX16500255	PRJNA63443
SRX16495452	PRJNA63443
SRX16495798	PRJNA63443
SRX16497625	PRJNA63443
SRX16500390	PRJNA63443
SRX16496853	PRJNA63443
SRX16347848	PRJNA810334
SRX16495591	PRJNA63443
SRX16500289	PRJNA63443
SRX16500290	PRJNA63443
SRX16694167	PRJNA862896
SRX16694166	PRJNA862896
SRX16739008	PRJNA863670
SRX16791309	PRJNA865376
SRX16791307	PRJNA865376
SRX16791304	PRJNA865376
SRX16791295	PRJNA865376
SRX17024212	PRJNA868358
SRX17024208	PRJNA868358
SRX17024203	PRJNA868358
SRX17215534	PRJNA873776
SRX17380076	PRJNA875280
SRX17443993	PRJNA877205
SRX17491552	PRJNA878497
SRX17537542	PRJNA879737
SRX17537540	PRJNA879737
SRX17567504	PRJNA880538
SRX17608310	PRJNA881309
SRX17608308	PRJNA881309
SRX17698134	PRJNA884102
SRX17794428	PRJNA887026
SRX17794426	PRJNA887026
SRX17846504	PRJNA889338
SRX1734377	PRJNA319901
SRX1735812	PRJNA319970
SRX16495651	PRJNA63443
SRX16498388	PRJNA63443
SRX16500389	PRJNA63443
SRX16500254	PRJNA63443
SRX16694171	PRJNA862896
SRX16694170	PRJNA862896
SRX16739007	PRJNA863670
SRX16791301	PRJNA865376
SRX17033758	PRJNA868742
SRX17083220	PRJNA869728
SRX17083219	PRJNA869728
SRX17443994	PRJNA877205
SRX17473255	PRJNA877681
SRX17537543	PRJNA879737
SRX17537536	PRJNA879737
SRX17608300	PRJNA881309
SRX17794427	PRJNA887026
SRX17796416	PRJNA887088
SRX17833900	PRJNA888373
SRX17833897	PRJNA888373
SRX17940126	PRJNA891741
SRX1694151	PRJNA318261
SRX1756890	PRJNA321329
SRX1756906	PRJNA321329
SRX176874	PRJNA172877
SRX176877	PRJNA172877
SRX16791308	PRJNA865376
SRX16791303	PRJNA865376
SRX16791300	PRJNA865376
SRX17024202	PRJNA868358
SRX17033742	PRJNA868742
SRX17083218	PRJNA869728
SRX17380085	PRJNA875280
SRX17380077	PRJNA875280
SRX17473257	PRJNA877681
SRX17473212	PRJNA877681
SRX17537539	PRJNA879737
SRX17608304	PRJNA881309
SRX17794432	PRJNA887026
SRX17794430	PRJNA887026
SRX17796418	PRJNA887088
SRX17796417	PRJNA887088
SRX17846535	PRJNA889338
SRX17940128	PRJNA891741
SRX1734378	PRJNA319901
SRX1756898	PRJNA321329
SRX1756914	PRJNA321329
SRX1794271	PRJNA322547
SRX176875	PRJNA172877
SRX176876	PRJNA172877
SRX17380086	PRJNA875280
SRX17380084	PRJNA875280
SRX17537538	PRJNA879737
SRX17537537	PRJNA879737
SRX17567502	PRJNA880538
SRX17608306	PRJNA881309
SRX17608302	PRJNA881309
SRX17794429	PRJNA887026
SRX17796419	PRJNA887088
SRX17846533	PRJNA889338
SRX17846506	PRJNA889338
SRX16791302	PRJNA865376
SRX16791299	PRJNA865376
SRX16791298	PRJNA865376
SRX16791297	PRJNA865376
SRX16791296	PRJNA865376
SRX16791294	PRJNA865376
SRX17010400	PRJNA867714
SRX17024216	PRJNA868358
SRX17033741	PRJNA868742
SRX1637475	PRJNA315416
SRX1690208	PRJNA318044
SRX1735804	PRJNA319970
SRX1756882	PRJNA321329
SRX1772403	PRJNA322069
SRX1726519	PRJNA319620
SRX17984470	PRJNA892940
SRX17984467	PRJNA892940
SRX17984456	PRJNA892940
SRX17984455	PRJNA892940
SRX19295954	PRJNA932063
SRX19303286	PRJNA932327
SRX19303282	PRJNA932327
SRX19304360	PRJNA869082
SRX19304358	PRJNA869082
SRX19371711	PRJNA935288
SRX19417284	PRJNA869719
SRX19417281	PRJNA869719
SRX19417276	PRJNA869719
SRX19417275	PRJNA869719
SRX19495912	PRJNA938442
SRX19553546	PRJNA940492
SRX1795467	PRJNA314348
SRX18348463	PRJNA904272
SRX18348449	PRJNA904272
SRX18348445	PRJNA904272
SRX18348443	PRJNA904272
SRX18379043	PRJNA905449
SRX18455090	PRJNA805173
SRX18799677	PRJNA913784
SRX19061153	PRJNA925137
SRX1997967	PRJNA336352
SRX1997968	PRJNA336352
SRX186689	PRJNA63443
SRX1847637	PRJNA306483
SRX18348483	PRJNA904272
SRX18348467	PRJNA904272
SRX18348461	PRJNA904272
SRX18348451	PRJNA904272
SRX18348447	PRJNA904272
SRX18379044	PRJNA905449
SRX18379042	PRJNA905449
SRX18458582	PRJNA907384
SRX18703158	PRJNA880357
SRX18799678	PRJNA913784
SRX18840463	PRJNA915391
SRX18955862	PRJNA919038
SRX18955859	PRJNA919038
SRX18955858	PRJNA919038
SRX19061152	PRJNA925137
SRX19303285	PRJNA932327
SRX19304362	PRJNA869082
SRX19304361	PRJNA869082
SRX19371714	PRJNA935288
SRX19417279	PRJNA869719
SRX19471799	PRJNA850407
SRX19612395	PRJNA942928
SRX17984495	PRJNA892940
SRX17984471	PRJNA892940
SRX17984492	PRJNA892940
SRX17984464	PRJNA892940
SRX17984463	PRJNA892940
SRX17984459	PRJNA892940
SRX17984453	PRJNA892940
SRX1892832	PRJNA327574
SRX186774	PRJNA63443
SRX19371715	PRJNA935288
SRX19417277	PRJNA869719
SRX19471798	PRJNA850407
SRX19471792	PRJNA850407
SRX19495911	PRJNA938442
SRX17984490	PRJNA892940
SRX17984465	PRJNA892940
SRX17984452	PRJNA892940
SRX17984451	PRJNA892940
SRX18014934	PRJNA893610
SRX18348475	PRJNA904272
SRX18348469	PRJNA904272
SRX18348459	PRJNA904272
SRX18455091	PRJNA805173
SRX18520369	PRJNA909351
SRX18520367	PRJNA909351
SRX18955857	PRJNA919038
SRX1962091	PRJNA330687
SRX19303283	PRJNA932327
SRX19304359	PRJNA869082
SRX1829872	PRJNA328057
SRX1878885	PRJNA326877
SRX1878894	PRJNA326877
SRX1794287	PRJNA322547
SRX1795468	PRJNA314348
SRX19303284	PRJNA932327
SRX186658	PRJNA63443
SRX19061155	PRJNA925137
SRX19304365	PRJNA869082
SRX19371710	PRJNA935288
SRX19417282	PRJNA869719
SRX19417280	PRJNA869719
SRX19471793	PRJNA850407
SRX19495914	PRJNA938442
SRX19553547	PRJNA940492
SRX17984497	PRJNA892940
SRX17984494	PRJNA892940
SRX17984466	PRJNA892940
SRX17984461	PRJNA892940
SRX17984460	PRJNA892940
SRX18348477	PRJNA904272
SRX18348479	PRJNA904272
SRX18348481	PRJNA904272
SRX18348473	PRJNA904272
SRX18348465	PRJNA904272
SRX18348455	PRJNA904272
SRX18348453	PRJNA904272
SRX18348441	PRJNA904272
SRX18379045	PRJNA905449
SRX18458581	PRJNA907384
SRX18520365	PRJNA909351
SRX18703154	PRJNA880357
SRX18703148	PRJNA880357
SRX18703145	PRJNA880357
SRX18799685	PRJNA913784
SRX18955860	PRJNA919038
SRX1813535	PRJNA324085
SRX1997985	PRJNA336352
SRX1997986	PRJNA336352
SRX17984498	PRJNA892940
SRX17984496	PRJNA892940
SRX17984493	PRJNA892940
SRX17984491	PRJNA892940
SRX17984469	PRJNA892940
SRX17984468	PRJNA892940
SRX17984462	PRJNA892940
SRX17984457	PRJNA892940
SRX17984458	PRJNA892940
SRX17984454	PRJNA892940
SRX18014935	PRJNA893610
SRX19495913	PRJNA938442
SRX19612394	PRJNA942928
SRX19742233	PRJNA947207
SRX18348471	PRJNA904272
SRX18348457	PRJNA904272
SRX18520371	PRJNA909351
SRX18840462	PRJNA915391
SRX18955861	PRJNA919038
SRX19061154	PRJNA925137
SRX19295956	PRJNA932063
SRX19304364	PRJNA869082
SRX19304363	PRJNA869082
SRX1962093	PRJNA330687
SRX19417283	PRJNA869719
SRX19417278	PRJNA869719
SRX1794286	PRJNA322547
SRX1795464	PRJNA314348
SRX1795465	PRJNA314348
SRX1892833	PRJNA327574
SRX19303281	PRJNA932327
SRX20022382	PRJNA957692
SRX20022380	PRJNA957692
SRX20022378	PRJNA957692
SRX20022373	PRJNA957692
SRX20035819	PRJNA958158
SRX20095602	PRJNA961703
SRX20095599	PRJNA961703
SRX20095590	PRJNA961703
SRX20095566	PRJNA961703
SRX20095561	PRJNA961703
SRX20095555	PRJNA961703
SRX20108257	PRJNA962070
SRX20188901	PRJNA966128
SRX20230026	PRJNA967458
SRX20401560	PRJNA973608
SRX20579072	PRJNA979182
SRX20731975	PRJNA985672
SRX20783271	PRJNA987624
SRX20827911	PRJNA989164
SRX20827910	PRJNA989164
SRX1998004	PRJNA336352
SRX1998022	PRJNA336352
SRX1998076	PRJNA336352
SRX1998077	PRJNA336352
SRX1998112	PRJNA336352
SRX1998113	PRJNA336352
SRX2009543	PRJNA313974
SRX2017940	PRJNA338787
SRX20579070	PRJNA979182
SRX2055056	PRJNA340237
SRX20022383	PRJNA957692
SRX20022375	PRJNA957692
SRX20022374	PRJNA957692
SRX20022372	PRJNA957692
SRX20035802	PRJNA958158
SRX20095601	PRJNA961703
SRX20095597	PRJNA961703
SRX20095559	PRJNA961703
SRX20108264	PRJNA962070
SRX20108258	PRJNA962070
SRX20108256	PRJNA962070
SRX20121543	PRJNA962573
SRX20152816	PRJNA964579
SRX20188903	PRJNA966128
SRX20188896	PRJNA966128
SRX20230004	PRJNA967458
SRX20230002	PRJNA967458
SRX20355965	PRJNA972717
SRX20387811	PRJNA973562
SRX20580074	PRJNA854916
SRX20629876	PRJNA981152
SRX20629870	PRJNA981152
SRX20731974	PRJNA985672
SRX20868730	PRJNA990719
SRX20905936	PRJNA991605
SRX20905933	PRJNA991605
SRX21001857	PRJNA994421
SRX1998041	PRJNA336352
SRX1998059	PRJNA336352
SRX1998131	PRJNA336352
SRX1998148	PRJNA336352
SRX2009541	PRJNA313974
SRX20035820	PRJNA958158
SRX20087258	PRJNA961193
SRX20095600	PRJNA961703
SRX20095594	PRJNA961703
SRX20095592	PRJNA961703
SRX20095591	PRJNA961703
SRX20095568	PRJNA961703
SRX20095565	PRJNA961703
SRX20095563	PRJNA961703
SRX20095562	PRJNA961703
SRX20095558	PRJNA961703
SRX20095557	PRJNA961703
SRX20095556	PRJNA961703
SRX20095554	PRJNA961703
SRX20108260	PRJNA962070
SRX20121559	PRJNA962573
SRX20121535	PRJNA962573
SRX20152817	PRJNA964579
SRX20188900	PRJNA966128
SRX20230001	PRJNA967458
SRX20401561	PRJNA973608
SRX20436769	PRJNA974345
SRX20580075	PRJNA854916
SRX20629874	PRJNA981152
SRX20868751	PRJNA990719
SRX20868748	PRJNA990719
SRX20868731	PRJNA990719
SRX20905939	PRJNA991605
SRX20905930	PRJNA991605
SRX21001855	PRJNA994421
SRX1998023	PRJNA336352
SRX1998094	PRJNA336352
SRX2009542	PRJNA313974
SRX19986978	PRJNA956498
SRX20022381	PRJNA957692
SRX20022379	PRJNA957692
SRX20022377	PRJNA957692
SRX20022376	PRJNA957692
SRX20035804	PRJNA958158
SRX20035803	PRJNA958158
SRX20095598	PRJNA961703
SRX20095593	PRJNA961703
SRX20095564	PRJNA961703
SRX20095560	PRJNA961703
SRX20108262	PRJNA962070
SRX20108259	PRJNA962070
SRX20152815	PRJNA964579
SRX20152814	PRJNA964579
SRX20188888	PRJNA966128
SRX20230027	PRJNA967458
SRX20230003	PRJNA967458
SRX20580079	PRJNA854916
SRX20629872	PRJNA981152
SRX20868750	PRJNA990719
SRX20868734	PRJNA990719
SRX20868732	PRJNA990719
SRX20928347	PRJNA991990
SRX21113532	PRJNA996910
SRX1998058	PRJNA336352
SRX1998095	PRJNA336352
SRX1998149	PRJNA336352
SRX205074	PRJNA181207
SRX19986977	PRJNA956498
SRX20035821	PRJNA958158
SRX20095595	PRJNA961703
SRX20095567	PRJNA961703
SRX20230028	PRJNA967458
SRX20230025	PRJNA967458
SRX20401563	PRJNA973608
SRX20401562	PRJNA973608
SRX20629868	PRJNA981152
SRX20629866	PRJNA981152
SRX20731973	PRJNA985672
SRX20731972	PRJNA985672
SRX20868749	PRJNA990719
SRX20928349	PRJNA991990
SRX21001858	PRJNA994421
SRX21001856	PRJNA994421
SRX20108263	PRJNA962070
SRX20108261	PRJNA962070
SRX20108255	PRJNA962070
SRX20121551	PRJNA962573
SRX1998003	PRJNA336352
SRX1998040	PRJNA336352
SRX1998130	PRJNA336352
SRX20579071	PRJNA979182
SRX2017941	PRJNA338787
SRX205075	PRJNA181207
SRX21147153	PRJNA998337
SRX21154895	PRJNA998353
SRX21154891	PRJNA998353
SRX21154877	PRJNA998353
SRX21154876	PRJNA998353
SRX21154875	PRJNA998353
SRX21154867	PRJNA998353
SRX21168147	PRJNA998773
SRX21168145	PRJNA998773
SRX21168142	PRJNA998773
SRX21446099	PRJNA1007635
SRX21457784	PRJNA1008171
SRX21773676	PRJNA1016476
SRX21855194	PRJNA1019788
SRX21991760	PRJNA1023927
SRX22162361	PRJNA1030765
SRX22162341	PRJNA1030765
SRX22162337	PRJNA1030765
SRX22162333	PRJNA1030765
SRX22162331	PRJNA1030765
SRX22182136	PRJNA1031187
SRX22290438	PRJNA873048
SRX22495369	PRJNA1039488
SRX22495368	PRJNA1039488
SRX22643471	PRJNA1045283
SRX22794484	PRJNA1048875
SRX22794481	PRJNA1048875
SRX2156854	PRJNA63443
SRX2156855	PRJNA63443
SRX2156923	PRJNA63443
SRX2156924	PRJNA63443
SRX2157010	PRJNA63443
SRX2161994	PRJNA342801
SRX2267493	PRJNA350359
SRX2267495	PRJNA350359
SRX2267497	PRJNA350359
SRX2157032	PRJNA63443
SRX21154897	PRJNA998353
SRX21154890	PRJNA998353
SRX21154889	PRJNA998353
SRX21154882	PRJNA998353
SRX21154881	PRJNA998353
SRX21154866	PRJNA998353
SRX21168144	PRJNA998773
SRX21168141	PRJNA998773
SRX21334727	PRJNA1004283
SRX21457783	PRJNA1008171
SRX21991761	PRJNA1023927
SRX22162362	PRJNA1030765
SRX22162360	PRJNA1030765
SRX22162334	PRJNA1030765
SRX22162332	PRJNA1030765
SRX22182135	PRJNA1031187
SRX22495388	PRJNA1039488
SRX22643462	PRJNA1045283
SRX22955447	PRJNA1054140
SRX22955445	PRJNA1054140
SRX2156969	PRJNA63443
SRX2194243	PRJNA344724
SRX2254519	PRJNA349456
SRX2254534	PRJNA349456
SRX2267500	PRJNA350359
SRX2267501	PRJNA350359
SRX2270108	PRJNA350685
SRX2270109	PRJNA350685
SRX21113535	PRJNA996910
SRX21147150	PRJNA998337
SRX21147147	PRJNA998337
SRX21154892	PRJNA998353
SRX21154887	PRJNA998353
SRX21154886	PRJNA998353
SRX21154885	PRJNA998353
SRX21154879	PRJNA998353
SRX21168143	PRJNA998773
SRX21334740	PRJNA1004283
SRX21334739	PRJNA1004283
SRX21773683	PRJNA1016476
SRX21773675	PRJNA1016476
SRX21855198	PRJNA1019788
SRX21855190	PRJNA1019788
SRX21855186	PRJNA1019788
SRX22162340	PRJNA1030765
SRX22162339	PRJNA1030765
SRX22162330	PRJNA1030765
SRX22655570	PRJNA1045697
SRX2194245	PRJNA344724
SRX22955359	PRJNA1016476
SRX22955446	PRJNA1054140
SRX22997525	PRJNA1055575
SRX2254518	PRJNA349456
SRX2267494	PRJNA350359
SRX2267496	PRJNA350359
SRX2157031	PRJNA63443
SRX21154878	PRJNA998353
SRX21154874	PRJNA998353
SRX21154868	PRJNA998353
SRX21168146	PRJNA998773
SRX21773684	PRJNA1016476
SRX22162363	PRJNA1030765
SRX22162336	PRJNA1030765
SRX22162335	PRJNA1030765
SRX22290432	PRJNA873048
SRX22290431	PRJNA873048
SRX22655571	PRJNA1045697
SRX22955360	PRJNA1016476
SRX22955443	PRJNA1054140
SRX22997534	PRJNA1055575
SRX22997524	PRJNA1055575
SRX2161993	PRJNA342801
SRX2161995	PRJNA342801
SRX2236970	PRJNA347821
SRX2254531	PRJNA349456
SRX2267490	PRJNA350359
SRX2267491	PRJNA350359
SRX2267499	PRJNA350359
SRX21154896	PRJNA998353
SRX21154894	PRJNA998353
SRX21154893	PRJNA998353
SRX21154888	PRJNA998353
SRX21154884	PRJNA998353
SRX21154883	PRJNA998353
SRX21154880	PRJNA998353
SRX21154873	PRJNA998353
SRX21154872	PRJNA998353
SRX21154871	PRJNA998353
SRX21154870	PRJNA998353
SRX21154869	PRJNA998353
SRX21168140	PRJNA998773
SRX21168139	PRJNA998773
SRX21334728	PRJNA1004283
SRX21446100	PRJNA1007635
SRX21991767	PRJNA1023927
SRX21991766	PRJNA1023927
SRX22162338	PRJNA1030765
SRX22182100	PRJNA1031187
SRX22290439	PRJNA873048
SRX2254533	PRJNA349456
SRX2267492	PRJNA350359
SRX2267498	PRJNA350359
SRX2270107	PRJNA350685
SRX22495387	PRJNA1039488
SRX22495384	PRJNA1039488
SRX22495383	PRJNA1039488
SRX22794476	PRJNA1048875
SRX22794451	PRJNA1048875
SRX22997533	PRJNA1055575
SRX22997529	PRJNA1055575
SRX2156970	PRJNA63443
SRX2194244	PRJNA344724
SRX2194246	PRJNA344724
SRX23177028	PRJNA1063873
SRX23344914	PRJNA1067530
SRX23462735	PRJNA1071542
SRX23475965	PRJNA1071578
SRX23677894	PRJNA1078306
SRX23677888	PRJNA1078306
SRX23677883	PRJNA1078306
SRX24345955	PRJNA1103773
SRX24459658	PRJNA1030399
SRX24510714	PRJNA1109825
SRX24510708	PRJNA1109825
SRX24726258	PRJNA1117467
SRX23866884	PRJNA1085223
SRX23866880	PRJNA1085223
SRX2402096	PRJNA356610
SRX2409854	PRJNA356880
SRX2410103	PRJNA356880
SRX2410183	PRJNA356880
SRX2430631	PRJNA357643
SRX2436038	PRJNA358126
SRX2436047	PRJNA358126
SRX2436051	PRJNA358126
SRX2512460	PRJNA363000
SRX2512461	PRJNA363000
SRX2553923	PRJNA374455
SRX2553930	PRJNA374455
SRX2409797	PRJNA356880
SRX2409855	PRJNA356880
SRX2410189	PRJNA356880
SRX2410246	PRJNA356880
SRX2410250	PRJNA356880
SRX2430636	PRJNA357643
SRX2436055	PRJNA358126
SRX2529795	PRJNA369388
SRX2537511	PRJNA369853
SRX2553922	PRJNA374455
SRX2553931	PRJNA374455
SRX23177027	PRJNA1063873
SRX23177026	PRJNA1063873
SRX23177013	PRJNA1063873
SRX23396172	PRJNA907384
SRX23677882	PRJNA1078306
SRX23866886	PRJNA1085223
SRX24006135	PRJNA1090224
SRX24151135	PRJNA1009123
SRX24351560	PRJNA1103829
SRX24351559	PRJNA1103829
SRX24510711	PRJNA1109825
SRX24584981	PRJNA1112431
SRX24584978	PRJNA1112431
SRX24584977	PRJNA1112431
SRX24584976	PRJNA1112431
SRX24151137	PRJNA1009123
SRX23344911	PRJNA1067530
SRX23462740	PRJNA1071542
SRX23462732	PRJNA1071542
SRX23475967	PRJNA1071578
SRX23866920	PRJNA1085223
SRX23866890	PRJNA1085223
SRX23866878	PRJNA1085223
SRX24459659	PRJNA1030399
SRX24584982	PRJNA1112431
SRX2402102	PRJNA356610
SRX2409741	PRJNA356880
SRX2409743	PRJNA356880
SRX2409796	PRJNA356880
SRX2409830	PRJNA356880
SRX2409929	PRJNA356880
SRX2409964	PRJNA356880
SRX2410152	PRJNA356880
SRX2410154	PRJNA356880
SRX2410184	PRJNA356880
SRX2410247	PRJNA356880
SRX2410249	PRJNA356880
SRX2436034	PRJNA358126
SRX2436040	PRJNA358126
SRX2436044	PRJNA358126
SRX2436045	PRJNA358126
SRX2436053	PRJNA358126
SRX2436054	PRJNA358126
SRX2464020	PRJNA360173
SRX2512462	PRJNA363000
SRX2512566	PRJNA363022
SRX2529792	PRJNA369388
SRX2529793	PRJNA369388
SRX2529794	PRJNA369388
SRX2553932	PRJNA374455
SRX2553933	PRJNA374455
SRX23396171	PRJNA907384
SRX23396169	PRJNA907384
SRX23462743	PRJNA1071542
SRX23677889	PRJNA1078306
SRX24351558	PRJNA1103829
SRX24351557	PRJNA1103829
SRX24510720	PRJNA1109825
SRX24584980	PRJNA1112431
SRX24459665	PRJNA1030399
SRX24459663	PRJNA1030399
SRX2402108	PRJNA356610
SRX2409742	PRJNA356880
SRX2409930	PRJNA356880
SRX2409931	PRJNA356880
SRX2409962	PRJNA356880
SRX2409963	PRJNA356880
SRX2410102	PRJNA356880
SRX2410104	PRJNA356880
SRX2410182	PRJNA356880
SRX2410188	PRJNA356880
SRX2410251	PRJNA356880
SRX2436042	PRJNA358126
SRX2464019	PRJNA360173
SRX2512564	PRJNA363022
SRX2512565	PRJNA363022
SRX2512567	PRJNA363022
SRX23177025	PRJNA1063873
SRX23177014	PRJNA1063873
SRX23396170	PRJNA907384
SRX23475968	PRJNA1071578
SRX23475966	PRJNA1071578
SRX23677895	PRJNA1078306
SRX23866888	PRJNA1085223
SRX23866882	PRJNA1085223
SRX24006134	PRJNA1090224
SRX24151136	PRJNA1009123
SRX24345953	PRJNA1103773
SRX24459664	PRJNA1030399
SRX24459657	PRJNA1030399
SRX24510723	PRJNA1109825
SRX24510717	PRJNA1109825
SRX24726257	PRJNA1117467
SRX24726250	PRJNA1117467
SRX24726249	PRJNA1117467
SRX25331439	PRJNA1135967
SRX2379026	PRJNA319901
SRX2379027	PRJNA319901
SRX2409798	PRJNA356880
SRX2409831	PRJNA356880
SRX2409832	PRJNA356880
SRX2409856	PRJNA356880
SRX2410153	PRJNA356880
SRX2410248	PRJNA356880
SRX2436026	PRJNA358126
SRX2436049	PRJNA358126
SRX2436064	PRJNA358126
SRX2436065	PRJNA358126
SRX2436066	PRJNA358126
SRX2436067	PRJNA358126
SRX2464021	PRJNA360173
SRX2512459	PRJNA363000
SRX2553934	PRJNA374455
SRX26084093	PRJNA1160989
SRX26084091	PRJNA1160989
SRX2708831	PRJNA381706
SRX2731309	PRJNA382164
SRX2731312	PRJNA382164
SRX2731945	PRJNA382388
SRX2733324	PRJNA382194
SRX2733336	PRJNA382194
SRX2733337	PRJNA382194
SRX2733338	PRJNA382194
SRX2733340	PRJNA382194
SRX2733341	PRJNA382194
SRX2733367	PRJNA382194
SRX2749140	PRJNA383670
SRX2749153	PRJNA383670
SRX2749154	PRJNA383670
SRX2796724	PRJNA383670
SRX2911534	PRJNA355381
SRX2911552	PRJNA355381
SRX2911568	PRJNA355381
SRX2917385	PRJNA382164
SRX2924019	PRJNA390679
SRX2924021	PRJNA390679
SRX2943132	PRJNA374455
SRX2956589	PRJNA381790
SRX2578903	PRJNA376133
SRX2582735	PRJNA376433
SRX2628139	PRJNA378619
SRX2636030	PRJNA63443
SRX2636262	PRJNA63443
SRX2636263	PRJNA63443
SRX2636264	PRJNA63443
SRX2917382	PRJNA382164
SRX261275	PRJNA196433
SRX26084094	PRJNA1160989
SRX26084089	PRJNA1160989
SRX2553936	PRJNA374455
SRX2578898	PRJNA376133
SRX2606564	PRJNA377564
SRX2606576	PRJNA377564
SRX2635832	PRJNA63443
SRX2636021	PRJNA63443
SRX2636145	PRJNA63443
SRX2636276	PRJNA63443
SRX2636359	PRJNA63443
SRX2636582	PRJNA63443
SRX2655451	PRJNA379744
SRX2717934	PRJNA381955
SRX2731311	PRJNA382164
SRX2731942	PRJNA382388
SRX2731944	PRJNA382388
SRX2733328	PRJNA382194
SRX2733334	PRJNA382194
SRX2733335	PRJNA382194
SRX2749127	PRJNA383670
SRX2749130	PRJNA383670
SRX2749141	PRJNA383670
SRX2896725	PRJNA389746
SRX2911542	PRJNA355381
SRX2911556	PRJNA355381
SRX2917384	PRJNA382164
SRX2924022	PRJNA390679
SRX2943598	PRJNA391343
SRX2956587	PRJNA381790
SRX2635831	PRJNA63443
SRX2578899	PRJNA376133
SRX2578900	PRJNA376133
SRX2578904	PRJNA376133
SRX2578905	PRJNA376133
SRX2606567	PRJNA377564
SRX2631832	PRJNA378753
SRX2636144	PRJNA63443
SRX2636275	PRJNA63443
SRX2642358	PRJNA379295
SRX2642362	PRJNA379295
SRX26084090	PRJNA1160989
SRX2655453	PRJNA379744
SRX2655454	PRJNA379744
SRX2717943	PRJNA381955
SRX2733331	PRJNA382194
SRX2737858	PRJNA382993
SRX2749133	PRJNA383670
SRX2749147	PRJNA383670
SRX2911558	PRJNA355381
SRX2911562	PRJNA355381
SRX2924020	PRJNA390679
SRX2956588	PRJNA381790
SRX2956590	PRJNA381790
SRX2708830	PRJNA381706
SRX283649	PRJNA151991
SRX2553935	PRJNA374455
SRX2582734	PRJNA376433
SRX2606573	PRJNA377564
SRX2636022	PRJNA63443
SRX2636029	PRJNA63443
SRX2636199	PRJNA63443
SRX2636581	PRJNA63443
SRX2642359	PRJNA379295
SRX2642363	PRJNA379295
SRX2655452	PRJNA379744
SRX2708834	PRJNA381706
SRX2717940	PRJNA381955
SRX2731943	PRJNA382388
SRX2731946	PRJNA382388
SRX2733326	PRJNA382194
SRX2733329	PRJNA382194
SRX2733339	PRJNA382194
SRX2737855	PRJNA382993
SRX2749128	PRJNA383670
SRX2749132	PRJNA383670
SRX2900102	PRJNA381421
SRX2911554	PRJNA355381
SRX2911566	PRJNA355381
SRX2943576	PRJNA391343
SRX2969531	PRJNA392487
SRX261276	PRJNA196433
SRX2636528	PRJNA63443
SRX2917383	PRJNA382164
SRX26084217	PRJNA1160989
SRX26084095	PRJNA1160989
SRX26084087	PRJNA1160989
SRX26084086	PRJNA1160989
SRX2553937	PRJNA374455
SRX2578901	PRJNA376133
SRX2578902	PRJNA376133
SRX2606561	PRJNA377564
SRX2606570	PRJNA377564
SRX2631830	PRJNA378753
SRX2631834	PRJNA378753
SRX2636198	PRJNA63443
SRX2636287	PRJNA63443
SRX2636288	PRJNA63443
SRX2636360	PRJNA63443
SRX2636527	PRJNA63443
SRX2642360	PRJNA379295
SRX2642361	PRJNA379295
SRX2717937	PRJNA381955
SRX2731310	PRJNA382164
SRX2731947	PRJNA382388
SRX2733330	PRJNA382194
SRX2733365	PRJNA382194
SRX2749126	PRJNA383670
SRX2749129	PRJNA383670
SRX2749131	PRJNA383670
SRX2796725	PRJNA383670
SRX2943134	PRJNA374455
SRX2943578	PRJNA391343
SRX2946124	PRJNA391417
SRX2969530	PRJNA392487
SRX2708835	PRJNA381706
SRX2975095	PRJNA392684
SRX3024371	PRJNA395241
SRX3024373	PRJNA395241
SRX3024375	PRJNA395241
SRX3030204	PRJNA395543
SRX3043704	PRJNA396039
SRX3051138	PRJNA396574
SRX3051140	PRJNA396574
SRX3083139	PRJNA397786
SRX3083159	PRJNA397786
SRX3089119	PRJNA398037
SRX3102722	PRJNA401535
SRX3124421	PRJNA399846
SRX3188977	PRJNA407412
SRX3269213	PRJNA413887
SRX3322681	PRJNA63443
SRX3345948	PRJNA416461
SRX3367073	PRJNA417252
SRX3394276	PRJNA418457
SRX3394542	PRJNA418456
SRX3401280	PRJNA418847
SRX3405441	PRJNA418963
SRX3408660	PRJNA419129
SRX3436838	PRJNA420748
SRX3436839	PRJNA420748
SRX3445673	PRJNA421193
SRX2975119	PRJNA392684
SRX3434288	PRJNA420513
SRX3434292	PRJNA420513
SRX3437580	PRJNA420759
SRX3001757	PRJNA394130
SRX3024378	PRJNA395241
SRX3031979	PRJNA395584
SRX3043698	PRJNA396039
SRX3044170	PRJNA396050
SRX3044172	PRJNA396050
SRX3051134	PRJNA396574
SRX3083144	PRJNA397786
SRX3102566	PRJNA399115
SRX3102567	PRJNA399115
SRX3141136	PRJNA400459
SRX3188972	PRJNA407412
SRX3188973	PRJNA407412
SRX3188974	PRJNA407412
SRX3236732	PRJNA412811
SRX3241387	PRJNA413026
SRX3269221	PRJNA413887
SRX3285552	PRJNA414331
SRX3323030	PRJNA63443
SRX3345947	PRJNA416461
SRX3366911	PRJNA417235
SRX3366913	PRJNA417235
SRX3367065	PRJNA417252
SRX3394539	PRJNA418456
SRX3395538	PRJNA418490
SRX3408658	PRJNA419129
SRX3410382	PRJNA419210
SRX3437583	PRJNA420759
SRX3445680	PRJNA421193
SRX3450320	PRJNA421310
SRX3450322	PRJNA421310
SRX2975115	PRJNA392684
SRX2975117	PRJNA392684
SRX2997581	PRJNA398586
SRX3024372	PRJNA395241
SRX3024374	PRJNA395241
SRX3024376	PRJNA395241
SRX3043699	PRJNA396039
SRX3043700	PRJNA396039
SRX3043702	PRJNA396039
SRX3043703	PRJNA396039
SRX3043705	PRJNA396039
SRX3083134	PRJNA397786
SRX3083149	PRJNA397786
SRX3124396	PRJNA399846
SRX3124409	PRJNA399846
SRX3124422	PRJNA399846
SRX3186355	PRJNA349456
SRX3188975	PRJNA407412
SRX3188978	PRJNA407412
SRX3285550	PRJNA414331
SRX3312901	PRJNA415413
SRX3322680	PRJNA63443
SRX3366914	PRJNA417235
SRX3394270	PRJNA418457
SRX3394540	PRJNA418456
SRX3405439	PRJNA418963
SRX3405440	PRJNA418963
SRX3410400	PRJNA419210
SRX3436837	PRJNA420748
SRX3436840	PRJNA420748
SRX3437582	PRJNA420759
SRX3445351	PRJNA421166
SRX3445664	PRJNA421193
SRX3445672	PRJNA421193
SRX3445681	PRJNA421193
SRX3051136	PRJNA396574
SRX3083154	PRJNA397786
SRX332678	PRJNA214613
SRX3001755	PRJNA394130
SRX3031997	PRJNA395584
SRX3031999	PRJNA395584
SRX3044173	PRJNA396050
SRX3089118	PRJNA398037
SRX3124410	PRJNA399846
SRX3141137	PRJNA400459
SRX3164021	PRJNA401723
SRX3188979	PRJNA407412
SRX3188980	PRJNA407412
SRX3236721	PRJNA412811
SRX3244984	PRJNA413376
SRX3244988	PRJNA413376
SRX3322470	PRJNA63443
SRX3323029	PRJNA63443
SRX3367069	PRJNA417252
SRX3405438	PRJNA418963
SRX3405443	PRJNA418963
SRX3445350	PRJNA421166
SRX3437581	PRJNA420759
SRX332679	PRJNA214613
SRX3001756	PRJNA394130
SRX3001758	PRJNA394130
SRX3030203	PRJNA395543
SRX3031989	PRJNA395584
SRX3043701	PRJNA396039
SRX3044171	PRJNA396050
SRX3089117	PRJNA398037
SRX3124395	PRJNA399846
SRX3164014	PRJNA401723
SRX3186357	PRJNA349456
SRX3188976	PRJNA407412
SRX3244983	PRJNA413376
SRX3244987	PRJNA413376
SRX3285551	PRJNA414331
SRX3312900	PRJNA415413
SRX3322469	PRJNA63443
SRX3366909	PRJNA417235
SRX3366910	PRJNA417235
SRX3366912	PRJNA417235
SRX3367067	PRJNA417252
SRX3394529	PRJNA418456
SRX3394530	PRJNA418456
SRX3394531	PRJNA418456
SRX3394538	PRJNA418456
SRX3401277	PRJNA418847
SRX3405442	PRJNA418963
SRX3445349	PRJNA421166
SRX3445665	PRJNA421193
SRX3450321	PRJNA421310
SRX2997583	PRJNA398586
SRX3450323	PRJNA421310
SRX3459088	PRJNA421715
SRX3489839	PRJNA413026
SRX3517804	PRJNA427723
SRX3566200	PRJNA429183
SRX3591817	PRJNA431217
SRX3654158	PRJNA433201
SRX3733790	PRJNA435556
SRX3753499	PRJNA436469
SRX3785307	PRJNA423010
SRX3934083	PRJNA416461
SRX3934084	PRJNA416461
SRX3995684	PRJNA453603
SRX3995689	PRJNA453603
SRX3995699	PRJNA453603
SRX4120889	PRJNA472964
SRX4120891	PRJNA472964
SRX4120893	PRJNA472964
SRX4120895	PRJNA472964
SRX4120897	PRJNA472964
SRX4142975	PRJNA473830
SRX4142999	PRJNA473830
SRX4143003	PRJNA473830
SRX4143007	PRJNA473830
SRX3824036	PRJNA439261
SRX366408	PRJNA223352
SRX3450324	PRJNA421310
SRX3478056	PRJNA422751
SRX3478059	PRJNA422751
SRX3566198	PRJNA429183
SRX3583207	PRJNA428600
SRX3591821	PRJNA431217
SRX3596437	PRJNA431434
SRX3654155	PRJNA433201
SRX3654157	PRJNA433201
SRX3785304	PRJNA423010
SRX3824037	PRJNA439261
SRX3931034	PRJNA449958
SRX3931047	PRJNA449958
SRX3931060	PRJNA449958
SRX3934730	PRJNA450134
SRX3995709	PRJNA453603
SRX3995719	PRJNA453603
SRX4045120	PRJNA464056
SRX4047422	PRJNA464339
SRX4047426	PRJNA464339
SRX4115998	PRJNA472620
SRX4120890	PRJNA472964
SRX4120892	PRJNA472964
SRX4120894	PRJNA472964
SRX4142981	PRJNA473830
SRX4142989	PRJNA473830
SRX4142995	PRJNA473830
SRX4143005	PRJNA473830
SRX3733781	PRJNA435556
SRX3753501	PRJNA436469
SRX3859250	PRJNA423010
SRX3931045	PRJNA449958
SRX3931028	PRJNA449958
SRX3931085	PRJNA449958
SRX3931086	PRJNA449958
SRX3931100	PRJNA449958
SRX3931101	PRJNA449958
SRX3995714	PRJNA453603
SRX4047424	PRJNA464339
SRX4120896	PRJNA472964
SRX4142987	PRJNA473830
SRX4142991	PRJNA473830
SRX4143001	PRJNA473830
SRX398300	PRJNA232472
SRX3450325	PRJNA421310
SRX3459093	PRJNA421715
SRX3482107	PRJNA423010
SRX3566196	PRJNA429183
SRX3583219	PRJNA428600
SRX3590862	PRJNA430511
SRX3590866	PRJNA430511
SRX3590868	PRJNA430511
SRX3596440	PRJNA431434
SRX3459089	PRJNA421715
SRX3459090	PRJNA421715
SRX3478057	PRJNA422751
SRX3482106	PRJNA423010
SRX3482108	PRJNA423010
SRX3517814	PRJNA427723
SRX3583183	PRJNA428600
SRX3583191	PRJNA428600
SRX3590864	PRJNA430511
SRX3591823	PRJNA431217
SRX3591829	PRJNA431217
SRX3591830	PRJNA431217
SRX3591831	PRJNA431217
SRX3595682	PRJNA431417
SRX3596431	PRJNA431434
SRX3596434	PRJNA431434
SRX3785305	PRJNA423010
SRX3785306	PRJNA423010
SRX3859249	PRJNA423010
SRX3888136	PRJNA448843
SRX3931035	PRJNA449958
SRX3931036	PRJNA449958
SRX3931062	PRJNA449958
SRX3931075	PRJNA449958
SRX3931099	PRJNA449958
SRX3995694	PRJNA453603
SRX3995704	PRJNA453603
SRX4001937	PRJNA401748
SRX4115999	PRJNA472620
SRX4142977	PRJNA473830
SRX4142979	PRJNA473830
SRX4142985	PRJNA473830
SRX3623441	PRJNA432044
SRX3654156	PRJNA433201
SRX3675843	PRJNA433584
SRX3675852	PRJNA433584
SRX3678225	PRJNA433671
SRX398094	PRJNA218106
SRX398297	PRJNA232472
SRX3459091	PRJNA421715
SRX3459092	PRJNA421715
SRX3478058	PRJNA422751
SRX3482109	PRJNA423010
SRX3566194	PRJNA429183
SRX3583175	PRJNA428600
SRX3583199	PRJNA428600
SRX3586363	PRJNA430712
SRX3590863	PRJNA430511
SRX3590865	PRJNA430511
SRX3591815	PRJNA431217
SRX3591816	PRJNA431217
SRX3591822	PRJNA431217
SRX3623440	PRJNA432044
SRX3675858	PRJNA433584
SRX3678232	PRJNA433671
SRX3751764	PRJNA436354
SRX3753496	PRJNA436469
SRX3753498	PRJNA436469
SRX3927291	PRJNA449855
SRX3931046	PRJNA449958
SRX3931061	PRJNA449958
SRX3931029	PRJNA449958
SRX3931084	PRJNA449958
SRX3934081	PRJNA416461
SRX3934082	PRJNA416461
SRX4047423	PRJNA464339
SRX4047425	PRJNA464339
SRX4047427	PRJNA464339
SRX4142983	PRJNA473830
SRX4142993	PRJNA473830
SRX4142997	PRJNA473830
SRX448961	PRJNA236555
SRX471880	PRJNA238361
SRX484475	PRJNA241009
SRX4143009	PRJNA473830
SRX4143011	PRJNA473830
SRX4143025	PRJNA473830
SRX4143029	PRJNA473830
SRX4143067	PRJNA473828
SRX4155652	PRJNA474336
SRX4179931	PRJNA475111
SRX4179951	PRJNA475111
SRX4179953	PRJNA475111
SRX4210961	PRJNA475945
SRX4313207	PRJNA478223
SRX4313209	PRJNA478223
SRX4313213	PRJNA478223
SRX4326279	PRJNA421166
SRX4374971	PRJNA480474
SRX4473698	PRJNA483038
SRX4473704	PRJNA483038
SRX4484994	PRJNA483455
SRX4529824	PRJNA485491
SRX4564975	PRJNA486527
SRX4582716	PRJNA486964
SRX4582717	PRJNA486964
SRX4582718	PRJNA486964
SRX4607465	PRJNA485892
SRX4645315	PRJNA475111
SRX4671320	PRJNA490374
SRX4677300	PRJNA490733
SRX4786559	PRJNA494397
SRX4786577	PRJNA494397
SRX4815199	PRJNA495138
SRX4901024	PRJNA497302
SRX4901030	PRJNA497302
SRX4905640	PRJNA497469
SRX4905642	PRJNA497469
SRX4582714	PRJNA486964
SRX484469	PRJNA241009
SRX4607464	PRJNA485892
SRX4607467	PRJNA485892
SRX4645309	PRJNA475111
SRX4645311	PRJNA475111
SRX4645319	PRJNA475111
SRX4666810	PRJNA490189
SRX4671318	PRJNA490374
SRX4677301	PRJNA490733
SRX4143017	PRJNA473830
SRX4143031	PRJNA473830
SRX4143033	PRJNA473830
SRX4179935	PRJNA475111
SRX4210954	PRJNA475945
SRX4279760	PRJNA477361
SRX4313208	PRJNA478223
SRX4326266	PRJNA421166
SRX4326282	PRJNA421166
SRX4374886	PRJNA480472
SRX4374888	PRJNA480472
SRX4374924	PRJNA480477
SRX4374927	PRJNA480477
SRX4374969	PRJNA480474
SRX4393718	PRJNA481263
SRX4398448	PRJNA481496
SRX4409640	PRJNA481998
SRX4582715	PRJNA486964
SRX4720617	PRJNA492264
SRX4786558	PRJNA494397
SRX4901019	PRJNA497302
SRX4901064	PRJNA497305
SRX4905648	PRJNA497469
SRX4905650	PRJNA497469
SRX4978346	PRJNA503844
SRX448954	PRJNA236555
SRX484464	PRJNA241009
SRX4143015	PRJNA473830
SRX4143021	PRJNA473830
SRX4155664	PRJNA474336
SRX4155868	PRJNA474339
SRX4155875	PRJNA474339
SRX4155876	PRJNA474339
SRX4179933	PRJNA475111
SRX4179939	PRJNA475111
SRX4179949	PRJNA475111
SRX4179955	PRJNA475111
SRX4210960	PRJNA475945
SRX4210962	PRJNA475945
SRX4210963	PRJNA475945
SRX4210966	PRJNA475945
SRX4210968	PRJNA475945
SRX4221463	PRJNA476330
SRX4326265	PRJNA421166
SRX4326280	PRJNA421166
SRX4374887	PRJNA480472
SRX4374926	PRJNA480477
SRX4398449	PRJNA481496
SRX4409636	PRJNA481998
SRX4473702	PRJNA483038
SRX4564974	PRJNA486527
SRX4720616	PRJNA492264
SRX4727564	PRJNA492486
SRX4815201	PRJNA495138
SRX4819698	PRJNA495369
SRX4824694	PRJNA495596
SRX4901035	PRJNA497302
SRX4645313	PRJNA475111
SRX4645323	PRJNA475111
SRX4645325	PRJNA475111
SRX4582719	PRJNA486964
SRX4143023	PRJNA473830
SRX4143027	PRJNA473830
SRX4143063	PRJNA473828
SRX4210957	PRJNA475945
SRX4210964	PRJNA475945
SRX4210965	PRJNA475945
SRX4326281	PRJNA421166
SRX4374885	PRJNA480472
SRX4374925	PRJNA480477
SRX4374970	PRJNA480474
SRX4374972	PRJNA480474
SRX4409637	PRJNA481998
SRX4466282	PRJNA482944
SRX4484992	PRJNA483455
SRX4645321	PRJNA475111
SRX4671319	PRJNA490374
SRX4677299	PRJNA490733
SRX4704624	PRJNA491602
SRX4727565	PRJNA492486
SRX4978347	PRJNA503844
SRX4978350	PRJNA503844
SRX4143013	PRJNA473830
SRX4143019	PRJNA473830
SRX4155653	PRJNA474336
SRX4155665	PRJNA474336
SRX4155867	PRJNA474339
SRX4179937	PRJNA475111
SRX4179957	PRJNA475111
SRX4210955	PRJNA475945
SRX4210956	PRJNA475945
SRX4210967	PRJNA475945
SRX4529836	PRJNA485491
SRX4529842	PRJNA485491
SRX4607466	PRJNA485892
SRX4607468	PRJNA485892
SRX4645317	PRJNA475111
SRX4677302	PRJNA490733
SRX4704625	PRJNA491602
SRX4720620	PRJNA492264
SRX4720621	PRJNA492264
SRX4815200	PRJNA495138
SRX4824695	PRJNA495596
SRX535419	PRJNA246455
SRX535430	PRJNA246455
SRX539650	PRJNA246552
SRX5089476	PRJNA508098
SRX5089479	PRJNA508098
SRX5089480	PRJNA508098
SRX5089481	PRJNA508098
SRX5089485	PRJNA508098
SRX5089489	PRJNA508098
SRX5089490	PRJNA508098
SRX5089494	PRJNA508098
SRX5104304	PRJNA508818
SRX5128134	PRJNA509779
SRX5128135	PRJNA509779
SRX5165466	PRJNA510815
SRX5172076	PRJNA511019
SRX5202990	PRJNA513000
SRX5231172	PRJNA513837
SRX5323903	PRJNA518885
SRX5323904	PRJNA518885
SRX5323908	PRJNA518885
SRX5323918	PRJNA518885
SRX5341943	PRJNA521148
SRX5341944	PRJNA521148
SRX5343524	PRJNA521260
SRX5343525	PRJNA521260
SRX5343533	PRJNA521260
SRX5359044	PRJNA521745
SRX5516745	PRJNA526902
SRX5517042	PRJNA526927
SRX5534845	PRJNA527779
SRX5534855	PRJNA527779
SRX5534858	PRJNA527779
SRX5534867	PRJNA527779
SRX5089478	PRJNA508098
SRX5089486	PRJNA508098
SRX5089487	PRJNA508098
SRX5089488	PRJNA508098
SRX5323910	PRJNA518885
SRX5323913	PRJNA518885
SRX5323914	PRJNA518885
SRX5323917	PRJNA518885
SRX5089477	PRJNA508098
SRX5089482	PRJNA508098
SRX5089483	PRJNA508098
SRX5089491	PRJNA508098
SRX5089492	PRJNA508098
SRX5323906	PRJNA518885
SRX5323911	PRJNA518885
SRX535429	PRJNA246455
SRX4978351	PRJNA503844
SRX5027795	PRJNA506104
SRX5089484	PRJNA508098
SRX5104301	PRJNA508818
SRX5104305	PRJNA508818
SRX5104306	PRJNA508818
SRX5104307	PRJNA508818
SRX5104312	PRJNA508818
SRX5165461	PRJNA510815
SRX5165471	PRJNA510815
SRX5172077	PRJNA511019
SRX5213647	PRJNA513316
SRX5231164	PRJNA513837
SRX5231165	PRJNA513837
SRX5231166	PRJNA513837
SRX5231170	PRJNA513837
SRX5234545	PRJNA514244
SRX5323907	PRJNA518885
SRX5323909	PRJNA518885
SRX5340864	PRJNA521113
SRX5343523	PRJNA521260
SRX5343527	PRJNA521260
SRX5343529	PRJNA521260
SRX5343530	PRJNA521260
SRX5359045	PRJNA521745
SRX5516744	PRJNA526902
SRX5517048	PRJNA526927
SRX5202612	PRJNA512869
SRX539662	PRJNA246552
SRX5077400	PRJNA507538
SRX5104308	PRJNA508818
SRX5104315	PRJNA508818
SRX5141108	PRJNA510375
SRX5231163	PRJNA513837
SRX5236152	PRJNA514055
SRX5340863	PRJNA521113
SRX5353585	PRJNA510975
SRX5513523	PRJNA526855
SRX5516746	PRJNA526902
SRX5517052	PRJNA526927
SRX5517054	PRJNA526927
SRX5534836	PRJNA527779
SRX5534838	PRJNA527779
SRX5534856	PRJNA527779
SRX5323905	PRJNA518885
SRX5323912	PRJNA518885
SRX5323916	PRJNA518885
SRX5323915	PRJNA518885
SRX498151	PRJNA230460
SRX5027796	PRJNA506104
SRX5104299	PRJNA508818
SRX5104300	PRJNA508818
SRX5104310	PRJNA508818
SRX5104314	PRJNA508818
SRX5172075	PRJNA511019
SRX5213649	PRJNA513316
SRX5231169	PRJNA513837
SRX5234546	PRJNA514244
SRX5234547	PRJNA514244
SRX5234549	PRJNA514244
SRX5236148	PRJNA514055
SRX5236150	PRJNA514055
SRX5236154	PRJNA514055
SRX5340867	PRJNA521113
SRX5343531	PRJNA521260
SRX5343532	PRJNA521260
SRX5516743	PRJNA526902
SRX5516747	PRJNA526902
SRX5534846	PRJNA527779
SRX5534849	PRJNA527779
SRX5534850	PRJNA527779
SRX5534868	PRJNA527779
SRX535420	PRJNA246455
SRX4993127	PRJNA504459
SRX5077397	PRJNA507538
SRX5104302	PRJNA508818
SRX5104303	PRJNA508818
SRX5104313	PRJNA508818
SRX5141106	PRJNA510375
SRX5172078	PRJNA511019
SRX5180403	PRJNA511879
SRX5202984	PRJNA513000
SRX5202985	PRJNA513000
SRX5202991	PRJNA513000
SRX5231168	PRJNA513837
SRX5234548	PRJNA514244
SRX5313205	PRJNA517964
SRX5313206	PRJNA517964
SRX5313207	PRJNA517964
SRX5313245	PRJNA517964
SRX5340868	PRJNA521113
SRX5343521	PRJNA521260
SRX5343526	PRJNA521260
SRX5343528	PRJNA521260
SRX5513518	PRJNA526855
SRX5517038	PRJNA526927
SRX5517040	PRJNA526927
SRX5534834	PRJNA527779
SRX5534837	PRJNA527779
SRX5534857	PRJNA527779
SRX610761	PRJNA253053
SRX564198	PRJNA251512
SRX5534870	PRJNA527779
SRX5646087	PRJNA531105
SRX5668265	PRJNA531655
SRX5668273	PRJNA531655
SRX5673028	PRJNA532531
SRX5673035	PRJNA532531
SRX5673036	PRJNA532531
SRX5692325	PRJNA533061
SRX5786513	PRJNA541008
SRX5786514	PRJNA541008
SRX5806607	PRJNA541872
SRX5806608	PRJNA541872
SRX5827101	PRJNA542709
SRX5866150	PRJNA543840
SRX5880866	PRJNA544128
SRX5884557	PRJNA544319
SRX5887615	PRJNA544436
SRX5907956	PRJNA545089
SRX5907958	PRJNA545089
SRX5930151	PRJNA478223
SRX5974563	PRJNA546522
SRX5974580	PRJNA546522
SRX5985307	PRJNA547757
SRX5985309	PRJNA547757
SRX5985313	PRJNA547757
SRX5985317	PRJNA547757
SRX6027749	PRJNA548080
SRX6060973	PRJNA548756
SRX6060979	PRJNA548756
SRX6060983	PRJNA548756
SRX6175600	PRJNA550102
SRX6175618	PRJNA550102
SRX6175627	PRJNA550102
SRX6175635	PRJNA550102
SRX6430556	PRJNA554018
SRX6483141	PRJNA555886
SRX6712582	PRJNA560179
SRX648526	PRJNA254813
SRX5574455	PRJNA528991
SRX5574481	PRJNA528991
SRX5668256	PRJNA531655
SRX5668340	PRJNA306953
SRX5673025	PRJNA532531
SRX5673026	PRJNA532531
SRX5786512	PRJNA541008
SRX5824582	PRJNA542646
SRX5824592	PRJNA542646
SRX5883953	PRJNA544287
SRX5884561	PRJNA544319
SRX5974532	PRJNA546522
SRX5974547	PRJNA546522
SRX5974564	PRJNA546522
SRX5974579	PRJNA546522
SRX5975299	PRJNA546568
SRX5975309	PRJNA546568
SRX6060985	PRJNA548756
SRX6060990	PRJNA548756
SRX6430566	PRJNA554018
SRX6651674	PRJNA558544
SRX564199	PRJNA251512
SRX648525	PRJNA254813
SRX669646	PRJNA257496
SRX669647	PRJNA257496
SRX5534869	PRJNA527779
SRX5668271	PRJNA531655
SRX5673027	PRJNA532531
SRX5673038	PRJNA532531
SRX5692322	PRJNA533061
SRX5692323	PRJNA533061
SRX5692324	PRJNA533061
SRX5827104	PRJNA542709
SRX5836721	PRJNA543095
SRX5853002	PRJNA543436
SRX5853003	PRJNA543436
SRX5853004	PRJNA543436
SRX5866148	PRJNA543840
SRX5887622	PRJNA544436
SRX5907957	PRJNA545089
SRX5907960	PRJNA545089
SRX5907961	PRJNA545089
SRX5930152	PRJNA478223
SRX5974531	PRJNA546522
SRX6054275	PRJNA548547
SRX6060981	PRJNA548756
SRX6430561	PRJNA554018
SRX6651676	PRJNA558544
SRX5620948	PRJNA530244
SRX564196	PRJNA251512
SRX658608	PRJNA255872
SRX5548867	PRJNA483455
SRX5574454	PRJNA528991
SRX5574456	PRJNA528991
SRX5574482	PRJNA528991
SRX5646086	PRJNA531105
SRX5668259	PRJNA531655
SRX5668262	PRJNA531655
SRX5668268	PRJNA531655
SRX5673037	PRJNA532531
SRX5824563	PRJNA542646
SRX5824568	PRJNA542646
SRX5824572	PRJNA542646
SRX5824577	PRJNA542646
SRX5853005	PRJNA543436
SRX5865728	PRJNA543772
SRX5884559	PRJNA544319
SRX5938172	PRJNA545651
SRX5974500	PRJNA546522
SRX5974515	PRJNA546522
SRX5974516	PRJNA546522
SRX5985315	PRJNA547757
SRX6027743	PRJNA548080
SRX6054274	PRJNA548547
SRX6060992	PRJNA548756
SRX6093293	PRJNA549608
SRX6175609	PRJNA550102
SRX6351511	PRJNA550207
SRX6651672	PRJNA558544
SRX6704386	PRJNA559892
SRX5620947	PRJNA530244
SRX564197	PRJNA251512
SRX564200	PRJNA251512
SRX5574480	PRJNA528991
SRX5729955	PRJNA484953
SRX5865726	PRJNA543772
SRX5865730	PRJNA543772
SRX5887612	PRJNA544436
SRX5907959	PRJNA545089
SRX5930150	PRJNA478223
SRX5938173	PRJNA545651
SRX5938174	PRJNA545651
SRX5974548	PRJNA546522
SRX5975304	PRJNA546568
SRX5975314	PRJNA546568
SRX6054276	PRJNA548547
SRX6060988	PRJNA548756
SRX6060994	PRJNA548756
SRX6093294	PRJNA549608
SRX6175591	PRJNA550102
SRX6175644	PRJNA550102
SRX6351512	PRJNA550207
SRX6483135	PRJNA555886
SRX6483129	PRJNA555886
SRX6639039	PRJNA491819
SRX6639040	PRJNA491819
SRX6651678	PRJNA558544
SRX6704394	PRJNA559892
SRX5786515	PRJNA541008
SRX5985311	PRJNA547757
SRX6746433	PRJNA561205
SRX6777410	PRJNA563038
SRX6777412	PRJNA563038
SRX6777413	PRJNA563038
SRX6777417	PRJNA563038
SRX6793410	PRJNA563608
SRX6793415	PRJNA563608
SRX6793416	PRJNA563608
SRX6802681	PRJNA563925
SRX6802693	PRJNA563925
SRX6896405	PRJNA565967
SRX6937054	PRJNA575505
SRX6937059	PRJNA575505
SRX7030818	PRJNA578731
SRX7057664	PRJNA579556
SRX7223832	PRJNA591952
SRX7223900	PRJNA591956
SRX7223904	PRJNA591956
SRX7261880	PRJNA593341
SRX7348002	PRJNA527779
SRX683860	PRJNA201426
SRX685192	PRJNA259193
SRX710479	PRJNA262126
SRX712804	PRJNA262500
SRX716561	PRJNA262557
SRX717854	PRJNA262678
SRX725585	PRJNA255872
SRX730456	PRJNA263508
SRX730458	PRJNA263508
SRX7135414	PRJNA589301
SRX7135415	PRJNA589301
SRX710478	PRJNA262126
SRX6746437	PRJNA561205
SRX6802677	PRJNA563925
SRX6802685	PRJNA563925
SRX6845073	PRJNA565373
SRX6845075	PRJNA565373
SRX6853170	PRJNA565701
SRX6860644	PRJNA565967
SRX6937064	PRJNA575505
SRX7057666	PRJNA579556
SRX7157532	PRJNA589902
SRX718151	PRJNA262730
SRX734238	PRJNA264058
SRX7223828	PRJNA591952
SRX7223833	PRJNA591952
SRX7254952	PRJNA592921
SRX7347996	PRJNA527779
SRX7347998	PRJNA527779
SRX7347999	PRJNA527779
SRX7367724	PRJNA595567
SRX683856	PRJNA201426
SRX683864	PRJNA201426
SRX685328	PRJNA259211
SRX6746439	PRJNA561205
SRX6777405	PRJNA563038
SRX6777418	PRJNA563038
SRX6793412	PRJNA563608
SRX6845069	PRJNA565373
SRX6845070	PRJNA565373
SRX6845074	PRJNA565373
SRX6860688	PRJNA565967
SRX6860621	PRJNA565967
SRX6860626	PRJNA565967
SRX6866211	PRJNA566158
SRX6866213	PRJNA566158
SRX6913071	PRJNA574473
SRX6937039	PRJNA575505
SRX6957417	PRJNA576196
SRX6970839	PRJNA576679
SRX7223829	PRJNA591952
SRX7223831	PRJNA591952
SRX7347995	PRJNA527779
SRX7347997	PRJNA527779
SRX685193	PRJNA259193
SRX718150	PRJNA262730
SRX725581	PRJNA255872
SRX730457	PRJNA263508
SRX730460	PRJNA263508
SRX730461	PRJNA263508
SRX734241	PRJNA264058
SRX7135412	PRJNA589301
SRX6777402	PRJNA563038
SRX6802679	PRJNA563925
SRX6802687	PRJNA563925
SRX6802689	PRJNA563925
SRX6802697	PRJNA563925
SRX6832440	PRJNA565047
SRX6845068	PRJNA565373
SRX6853171	PRJNA565701
SRX6860633	PRJNA565967
SRX6860649	PRJNA565967
SRX6866215	PRJNA566158
SRX6909697	PRJNA574266
SRX6913052	PRJNA574473
SRX6913092	PRJNA574473
SRX6937034	PRJNA575505
SRX6937049	PRJNA575505
SRX6957419	PRJNA576196
SRX7030814	PRJNA578731
SRX7030815	PRJNA578731
SRX7030821	PRJNA578731
SRX7348000	PRJNA527779
SRX685191	PRJNA259193
SRX718154	PRJNA262730
SRX7223830	PRJNA591952
SRX7254951	PRJNA592921
SRX7261882	PRJNA593341
SRX6712583	PRJNA560179
SRX6777407	PRJNA563038
SRX6793414	PRJNA563608
SRX6793421	PRJNA563608
SRX6793422	PRJNA563608
SRX6793423	PRJNA563608
SRX6802691	PRJNA563925
SRX6802695	PRJNA563925
SRX6845067	PRJNA565373
SRX6845071	PRJNA565373
SRX6845072	PRJNA565373
SRX6860693	PRJNA565967
SRX6860638	PRJNA565967
SRX6866210	PRJNA566158
SRX6866214	PRJNA566158
SRX6913051	PRJNA574473
SRX6913053	PRJNA574473
SRX6913070	PRJNA574473
SRX6913084	PRJNA574473
SRX6937024	PRJNA575505
SRX6970838	PRJNA576679
SRX7030820	PRJNA578731
SRX7083396	PRJNA587064
SRX716562	PRJNA262557
SRX717853	PRJNA262678
SRX718143	PRJNA262730
SRX718153	PRJNA262730
SRX722329	PRJNA263144
SRX725577	PRJNA255872
SRX7348001	PRJNA527779
SRX7135413	PRJNA589301
SRX7701176	PRJNA605745
SRX7713635	PRJNA606269
SRX7760065	PRJNA607770
SRX7760067	PRJNA607770
SRX7785398	PRJNA608207
SRX7798949	PRJNA608682
SRX7897939	PRJNA612057
SRX8023376	PRJNA616157
SRX8023378	PRJNA616157
SRX8068140	PRJNA623413
SRX795226	PRJNA268319
SRX795231	PRJNA268319
SRX7556076	PRJNA601191
SRX7556080	PRJNA601191
SRX7556082	PRJNA601191
SRX7556095	PRJNA601191
SRX7556099	PRJNA601191
SRX7556114	PRJNA601191
SRX7585989	PRJNA602427
SRX7585995	PRJNA602427
SRX7635194	PRJNA603304
SRX7644309	PRJNA603565
SRX755288	PRJNA266634
SRX7701211	PRJNA605741
SRX7713633	PRJNA606269
SRX7713636	PRJNA606269
SRX7785403	PRJNA608207
SRX7798951	PRJNA608682
SRX7798967	PRJNA608682
SRX7809336	PRJNA608968
SRX7809339	PRJNA608968
SRX7897893	PRJNA612054
SRX7897940	PRJNA612057
SRX7959034	PRJNA613644
SRX8023377	PRJNA616157
SRX8068084	PRJNA623411
SRX8068139	PRJNA623413
SRX8068142	PRJNA623413
SRX8068144	PRJNA623413
SRX8068149	PRJNA623413
SRX795227	PRJNA268319
SRX7367752	PRJNA595567
SRX7554506	PRJNA549087
SRX7556073	PRJNA601191
SRX7556074	PRJNA601191
SRX7556081	PRJNA601191
SRX7556089	PRJNA601191
SRX7556090	PRJNA601191
SRX7556094	PRJNA601191
SRX7556097	PRJNA601191
SRX7556103	PRJNA601191
SRX7556107	PRJNA601191
SRX7556108	PRJNA601191
SRX7556120	PRJNA601191
SRX7668908	PRJNA604629
SRX7367725	PRJNA595567
SRX7556087	PRJNA601191
SRX7556088	PRJNA601191
SRX7556091	PRJNA601191
SRX7556092	PRJNA601191
SRX7556093	PRJNA601191
SRX7556101	PRJNA601191
SRX7556102	PRJNA601191
SRX7556110	PRJNA601191
SRX7556115	PRJNA601191
SRX7556118	PRJNA601191
SRX7556119	PRJNA601191
SRX7556121	PRJNA601191
SRX7556128	PRJNA601191
SRX7635192	PRJNA603304
SRX7635193	PRJNA603304
SRX7701205	PRJNA605741
SRX7701209	PRJNA605741
SRX7760066	PRJNA607770
SRX7785415	PRJNA608207
SRX7809338	PRJNA608968
SRX7897892	PRJNA612054
SRX7902026	PRJNA612299
SRX7902934	PRJNA542646
SRX8068090	PRJNA623411
SRX743828	PRJNA264969
SRX7646662	PRJNA603695
SRX7586003	PRJNA602427
SRX7367739	PRJNA595567
SRX7554505	PRJNA549087
SRX7556071	PRJNA601191
SRX7556075	PRJNA601191
SRX7556077	PRJNA601191
SRX7556084	PRJNA601191
SRX7556085	PRJNA601191
SRX7556086	PRJNA601191
SRX7556109	PRJNA601191
SRX7556111	PRJNA601191
SRX7556116	PRJNA601191
SRX7556123	PRJNA601191
SRX7556125	PRJNA601191
SRX7556126	PRJNA601191
SRX7635189	PRJNA603304
SRX7643936	PRJNA603558
SRX7701207	PRJNA605741
SRX7760068	PRJNA607770
SRX7798953	PRJNA608682
SRX7798955	PRJNA608682
SRX7798957	PRJNA608682
SRX7798959	PRJNA608682
SRX7809337	PRJNA608968
SRX7902025	PRJNA612299
SRX7902039	PRJNA612299
SRX7959035	PRJNA613644
SRX7959036	PRJNA613644
SRX7959850	PRJNA613674
SRX8002111	PRJNA615190
SRX8068091	PRJNA623411
SRX8068141	PRJNA623413
SRX8068085	PRJNA623411
SRX7367738	PRJNA595567
SRX7367753	PRJNA595567
SRX7556069	PRJNA601191
SRX7556070	PRJNA601191
SRX7556072	PRJNA601191
SRX7556079	PRJNA601191
SRX7556083	PRJNA601191
SRX7556098	PRJNA601191
SRX7556100	PRJNA601191
SRX7556112	PRJNA601191
SRX7556117	PRJNA601191
SRX7556122	PRJNA601191
SRX7556124	PRJNA601191
SRX7556127	PRJNA601191
SRX7582518	PRJNA588286
SRX7582519	PRJNA588286
SRX7615735	PRJNA602595
SRX7635190	PRJNA603304
SRX7635191	PRJNA603304
SRX7635195	PRJNA603304
SRX7646663	PRJNA603695
SRX7701174	PRJNA605745
SRX7701210	PRJNA605741
SRX7713634	PRJNA606269
SRX7785393	PRJNA608207
SRX7798963	PRJNA608682
SRX7798965	PRJNA608682
SRX7897941	PRJNA612057
SRX7902024	PRJNA612299
SRX7902940	PRJNA542646
SRX8023379	PRJNA616157
SRX8068143	PRJNA623413
SRX743835	PRJNA264969
SRX761566	PRJNA267665
SRX795232	PRJNA268319
SRX8068150	PRJNA623413
SRX8089659	PRJNA624051
SRX8089660	PRJNA624051
SRX8089662	PRJNA624051
SRX8094345	PRJNA624286
SRX8158059	PRJNA513379
SRX8218244	PRJNA629578
SRX8218256	PRJNA629578
SRX8218268	PRJNA629578
SRX8257607	PRJNA626625
SRX8257610	PRJNA626625
SRX8257611	PRJNA626625
SRX8326233	PRJNA631783
SRX8377177	PRJNA634351
SRX8377181	PRJNA634351
SRX8377228	PRJNA634353
SRX8488071	PRJNA577149
SRX8488082	PRJNA577149
SRX8488092	PRJNA577149
SRX8488096	PRJNA577149
SRX8537755	PRJNA639113
SRX8537757	PRJNA639113
SRX8537763	PRJNA639112
SRX825402	PRJNA271302
SRX849398	PRJNA273301
SRX825367	PRJNA271302
SRX8083090	PRJNA623905
SRX8089656	PRJNA624051
SRX8094346	PRJNA624286
SRX8094356	PRJNA624286
SRX8149402	PRJNA627186
SRX8158058	PRJNA513379
SRX8218262	PRJNA629578
SRX8257608	PRJNA626625
SRX8336400	PRJNA558259
SRX8377200	PRJNA634351
SRX8377202	PRJNA634351
SRX8377229	PRJNA634353
SRX8377230	PRJNA634353
SRX8377232	PRJNA634353
SRX8488072	PRJNA577149
SRX8488076	PRJNA577149
SRX8488079	PRJNA577149
SRX8488095	PRJNA577149
SRX8488101	PRJNA577149
SRX8488102	PRJNA577149
SRX8537758	PRJNA639113
SRX8537759	PRJNA639113
SRX825403	PRJNA271302
SRX849390	PRJNA273301
SRX850180	PRJNA273393
SRX825366	PRJNA271302
SRX825368	PRJNA271302
SRX8218274	PRJNA629578
SRX8089658	PRJNA624051
SRX8089663	PRJNA624051
SRX8094347	PRJNA624286
SRX8094354	PRJNA624286
SRX8149401	PRJNA627186
SRX8213855	PRJNA629529
SRX8218238	PRJNA629578
SRX8218250	PRJNA629578
SRX8257609	PRJNA626625
SRX8299193	PRJNA631500
SRX8326231	PRJNA631783
SRX8326232	PRJNA631783
SRX8336399	PRJNA558259
SRX8375991	PRJNA634319
SRX8375992	PRJNA634319
SRX8377169	PRJNA634351
SRX8377171	PRJNA634351
SRX8377179	PRJNA634351
SRX8377187	PRJNA634351
SRX8377207	PRJNA634351
SRX8377224	PRJNA634353
SRX8377227	PRJNA634353
SRX8377236	PRJNA634353
SRX8474755	PRJNA637435
SRX8474754	PRJNA637435
SRX8488077	PRJNA577149
SRX8488080	PRJNA577149
SRX8488083	PRJNA577149
SRX8488091	PRJNA577149
SRX8488093	PRJNA577149
SRX8504290	PRJNA638173
SRX8504276	PRJNA638173
SRX8504277	PRJNA638173
SRX8517998	PRJNA638596
SRX825364	PRJNA271302
SRX8089657	PRJNA624051
SRX849370	PRJNA273301
SRX8089661	PRJNA624051
SRX8257606	PRJNA626625
SRX8299194	PRJNA631500
SRX8299195	PRJNA631500
SRX8336404	PRJNA558259
SRX8336409	PRJNA558259
SRX8377234	PRJNA634353
SRX8377235	PRJNA634353
SRX8377237	PRJNA634353
SRX8377238	PRJNA634353
SRX8472390	PRJNA637334
SRX8474757	PRJNA637435
SRX8488085	PRJNA577149
SRX8488086	PRJNA577149
SRX8488104	PRJNA577149
SRX8488105	PRJNA577149
SRX8504278	PRJNA638173
SRX8504280	PRJNA638173
SRX8504281	PRJNA638173
SRX8537754	PRJNA639113
SRX8537756	PRJNA639113
SRX8537760	PRJNA639113
SRX8537761	PRJNA639113
SRX8537762	PRJNA639112
SRX849392	PRJNA273301
SRX850184	PRJNA273393
SRX825369	PRJNA271302
SRX825404	PRJNA271302
SRX825405	PRJNA271302
SRX8149403	PRJNA627186
SRX825400	PRJNA271302
SRX8083089	PRJNA623905
SRX8149404	PRJNA627186
SRX8213854	PRJNA629529
SRX8299192	PRJNA631500
SRX8336405	PRJNA558259
SRX8336410	PRJNA558259
SRX8377175	PRJNA634351
SRX8377183	PRJNA634351
SRX8377185	PRJNA634351
SRX8377189	PRJNA634351
SRX8377190	PRJNA634351
SRX8377209	PRJNA634351
SRX8377211	PRJNA634351
SRX8377226	PRJNA634353
SRX8377233	PRJNA634353
SRX8488087	PRJNA577149
SRX8488098	PRJNA577149
SRX8488099	PRJNA577149
SRX8497238	PRJNA638106
SRX8504291	PRJNA638173
SRX825365	PRJNA271302
SRX825401	PRJNA271302
SRX825406	PRJNA271302
SRX849386	PRJNA273301
SRX849388	PRJNA273301
SRX849402	PRJNA273301
SRX850182	PRJNA273393
SRX850186	PRJNA273393
SRX8537764	PRJNA639112
SRX8537765	PRJNA639112
SRX8588595	PRJNA640799
SRX8722279	PRJNA645924
SRX8722282	PRJNA645924
SRX8722283	PRJNA645924
SRX8722285	PRJNA645924
SRX8722292	PRJNA645924
SRX8722293	PRJNA645924
SRX8807162	PRJNA648101
SRX8807163	PRJNA648101
SRX8807167	PRJNA648101
SRX8823213	PRJNA648647
SRX8827522	PRJNA648756
SRX8827561	PRJNA648756
SRX8827526	PRJNA648756
SRX8848848	PRJNA601191
SRX8848852	PRJNA601191
SRX8848862	PRJNA601191
SRX8848911	PRJNA601191
SRX8848915	PRJNA601191
SRX8848918	PRJNA601191
SRX8848922	PRJNA601191
SRX8848925	PRJNA601191
SRX8848926	PRJNA601191
SRX8848962	PRJNA601191
SRX8848963	PRJNA601191
SRX8848970	PRJNA601191
SRX8848973	PRJNA601191
SRX8848978	PRJNA601191
SRX8868923	PRJNA650297
SRX8886210	PRJNA655222
SRX8887744	PRJNA655249
SRX8951997	PRJNA657363
SRX8952000	PRJNA657363
SRX8952002	PRJNA657363
SRX8957551	PRJNA600511
SRX8957552	PRJNA600511
SRX8971965	PRJNA658126
SRX8984306	PRJNA550102
SRX8984307	PRJNA550102
SRX8617900	PRJNA641910
SRX8617901	PRJNA641910
SRX8673473	PRJNA644375
SRX8673480	PRJNA644375
SRX8673499	PRJNA644375
SRX8699641	PRJNA645103
SRX8722278	PRJNA645924
SRX8722281	PRJNA645924
SRX8722284	PRJNA645924
SRX8722291	PRJNA645924
SRX8807155	PRJNA648101
SRX8827549	PRJNA648756
SRX8827550	PRJNA648756
SRX8827552	PRJNA648756
SRX8848912	PRJNA601191
SRX8848913	PRJNA601191
SRX8848920	PRJNA601191
SRX8848928	PRJNA601191
SRX8848930	PRJNA601191
SRX8848934	PRJNA601191
SRX8848959	PRJNA601191
SRX8848971	PRJNA601191
SRX8848972	PRJNA601191
SRX8848974	PRJNA601191
SRX8868925	PRJNA650297
SRX8886213	PRJNA655222
SRX8887746	PRJNA655249
SRX8887749	PRJNA655249
SRX8951999	PRJNA657363
SRX8952001	PRJNA657363
SRX8984308	PRJNA550102
SRX866611	PRJNA274662
SRX8564284	PRJNA640008
SRX8673487	PRJNA644375
SRX8722289	PRJNA645924
SRX8807166	PRJNA648101
SRX8814916	PRJNA648127
SRX8814917	PRJNA648127
SRX8827523	PRJNA648756
SRX8831617	PRJNA648933
SRX8848851	PRJNA601191
SRX8848860	PRJNA601191
SRX8848914	PRJNA601191
SRX8848924	PRJNA601191
SRX8848960	PRJNA601191
SRX8848966	PRJNA601191
SRX8848967	PRJNA601191
SRX8848977	PRJNA601191
SRX8848979	PRJNA601191
SRX8886207	PRJNA655222
SRX8886209	PRJNA655222
SRX8886211	PRJNA655222
SRX8951996	PRJNA657363
SRX865415	PRJNA230503
SRX865416	PRJNA230503
SRX8673483	PRJNA644375
SRX8673497	PRJNA644375
SRX8722277	PRJNA645924
SRX8722286	PRJNA645924
SRX8722287	PRJNA645924
SRX8722288	PRJNA645924
SRX8722290	PRJNA645924
SRX8722294	PRJNA645924
SRX8827551	PRJNA648756
SRX8827553	PRJNA648756
SRX8827554	PRJNA648756
SRX8848849	PRJNA601191
SRX8848854	PRJNA601191
SRX8848855	PRJNA601191
SRX8848856	PRJNA601191
SRX8848858	PRJNA601191
SRX8848859	PRJNA601191
SRX8848916	PRJNA601191
SRX8848919	PRJNA601191
SRX8848921	PRJNA601191
SRX8848927	PRJNA601191
SRX8848929	PRJNA601191
SRX8848961	PRJNA601191
SRX8848965	PRJNA601191
SRX8848969	PRJNA601191
SRX8848975	PRJNA601191
SRX8848976	PRJNA601191
SRX8868928	PRJNA650297
SRX8868932	PRJNA650297
SRX8868934	PRJNA650297
SRX8886208	PRJNA655222
SRX8886212	PRJNA655222
SRX8886214	PRJNA655222
SRX8887745	PRJNA655249
SRX8887747	PRJNA655249
SRX8887748	PRJNA655249
SRX8951998	PRJNA657363
SRX8566547	PRJNA640096
SRX8566548	PRJNA640096
SRX8673477	PRJNA644375
SRX8673490	PRJNA644375
SRX8722280	PRJNA645924
SRX8807154	PRJNA648101
SRX8814918	PRJNA648127
SRX8814919	PRJNA648127
SRX8827524	PRJNA648756
SRX8827525	PRJNA648756
SRX8848850	PRJNA601191
SRX8848853	PRJNA601191
SRX8848861	PRJNA601191
SRX8848917	PRJNA601191
SRX8848968	PRJNA601191
SRX8868927	PRJNA650297
SRX8951995	PRJNA657363
SRX8984314	PRJNA658585
SRX9005644	PRJNA659364
SRX9006855	PRJNA659348
SRX9031549	PRJNA660044
SRX9031610	PRJNA660049
SRX9046871	PRJNA660462
SRX9054668	PRJNA660797
SRX9063313	PRJNA661087
SRX9063314	PRJNA661087
SRX9271575	PRJNA668355
SRX9309672	PRJNA670015
SRX9309677	PRJNA670015
SRX9309678	PRJNA670015
SRX9390325	PRJNA672966
SRX9410585	PRJNA673531
SRX9410494	PRJNA673531
SRX9410504	PRJNA673531
SRX9410544	PRJNA673531
SRX9410456	PRJNA673531
SRX9410495	PRJNA673531
SRX9690604	PRJNA685771
SRX9738653	PRJNA688075
SRX9844034	PRJNA691927
SRX9537191	PRJNA679752
SRX9562898	PRJNA680368
SRX9562904	PRJNA680368
SRX9567091	PRJNA680475
SRX9613118	PRJNA681829
SRX8984332	PRJNA658585
SRX8999070	PRJNA659004
SRX9031547	PRJNA660044
SRX9031609	PRJNA660049
SRX9046870	PRJNA660462
SRX9046874	PRJNA660462
SRX9054666	PRJNA660797
SRX9054667	PRJNA660797
SRX9243960	PRJNA550207
SRX9243994	PRJNA550207
SRX9243995	PRJNA550207
SRX9285864	PRJNA669005
SRX9309774	PRJNA669844
SRX9350934	PRJNA671178
SRX9380462	PRJNA672687
SRX9398741	PRJNA673305
SRX9410492	PRJNA673531
SRX9419927	PRJNA673895
SRX9419940	PRJNA673895
SRX9690600	PRJNA685771
SRX9849998	PRJNA692194
SRX9001822	PRJNA622091
SRX9844035	PRJNA691927
SRX8999068	PRJNA659004
SRX9031546	PRJNA660044
SRX9031551	PRJNA660044
SRX9046873	PRJNA660462
SRX9054661	PRJNA660797
SRX9054663	PRJNA660797
SRX9054664	PRJNA660797
SRX9398734	PRJNA673305
SRX9410506	PRJNA673531
SRX9410510	PRJNA673531
SRX9410514	PRJNA673531
SRX9419926	PRJNA673895
SRX9419928	PRJNA673895
SRX9419941	PRJNA673895
SRX9562893	PRJNA680368
SRX9613080	PRJNA681829
SRX9670431	PRJNA684123
SRX9670462	PRJNA684123
SRX9670463	PRJNA684123
SRX9721701	PRJNA687477
SRX9738661	PRJNA688075
SRX9738662	PRJNA688075
SRX9738673	PRJNA688075
SRX9779522	PRJNA689624
SRX9844036	PRJNA691927
SRX9849475	PRJNA692161
SRX9849991	PRJNA692194
SRX9243954	PRJNA550207
SRX9271576	PRJNA668355
SRX9309673	PRJNA670015
SRX9309676	PRJNA670015
SRX9309679	PRJNA670015
SRX9350346	PRJNA486548
SRX9350606	PRJNA670965
SRX9350926	PRJNA671178
SRX9001823	PRJNA622091
SRX8999067	PRJNA659004
SRX8999069	PRJNA659004
SRX9001824	PRJNA622091
SRX9006854	PRJNA659348
SRX9031548	PRJNA660044
SRX9031550	PRJNA660044
SRX9031624	PRJNA660049
SRX9046875	PRJNA660462
SRX9046876	PRJNA660462
SRX9063316	PRJNA661087
SRX9234586	PRJNA667133
SRX9243988	PRJNA550207
SRX9271574	PRJNA668355
SRX9285863	PRJNA669005
SRX9350925	PRJNA671178
SRX9350933	PRJNA671178
SRX9410508	PRJNA673531
SRX9410542	PRJNA673531
SRX9537188	PRJNA679752
SRX9562907	PRJNA680368
SRX9599277	PRJNA631681
SRX9613084	PRJNA681829
SRX9721702	PRJNA687477
SRX9849989	PRJNA692194
SRX9849990	PRJNA692194
SRX9599276	PRJNA631681
SRX8984325	PRJNA658585
SRX9006856	PRJNA659348
SRX9031611	PRJNA660049
SRX9046869	PRJNA660462
SRX9046872	PRJNA660462
SRX9054662	PRJNA660797
SRX9054665	PRJNA660797
SRX9063315	PRJNA661087
SRX9243955	PRJNA550207
SRX9243961	PRJNA550207
SRX9243989	PRJNA550207
SRX9271572	PRJNA668355
SRX9309775	PRJNA669844
SRX9350610	PRJNA670965
SRX9350614	PRJNA670965
SRX9380463	PRJNA672687
SRX9380464	PRJNA672687
SRX9390323	PRJNA672966
SRX9410512	PRJNA673531
SRX9410540	PRJNA673531
SRX9419929	PRJNA673895
SRX9419939	PRJNA673895
SRX9419942	PRJNA673895
SRX9537189	PRJNA679752
SRX9537190	PRJNA679752
SRX9613090	PRJNA681829
SRX9613100	PRJNA681829
SRX9690598	PRJNA685771
SRX9690602	PRJNA685771
SRX9721700	PRJNA687477
SRX9738652	PRJNA688075
SRX9738668	PRJNA688075
SRX9779486	PRJNA689624
SRX9779487	PRJNA689624
SRX9670432	PRJNA684123
SRX9674628	PRJNA684593
SRX9844037	PRJNA691927
SRX9867023	PRJNA692971
SRX9931428	PRJNA694582
SRX9973271	PRJNA695581
SRX9931424	PRJNA694582
SRX9931431	PRJNA694582
SRX9931435	PRJNA694582
SRX9973273	PRJNA695581
SRX9973274	PRJNA695581
SRX9931423	PRJNA694582
SRX9933955	PRJNA694667
SRX9867027	PRJNA692971
SRX9850000	PRJNA692194
SRX9931436	PRJNA694582
SRX9933956	PRJNA694667
SRX9973270	PRJNA695581
SRX9849999	PRJNA692194
SRX9931427	PRJNA694582
SRX9931432	PRJNA694582
