level	group	se	rank	jsd	fdr	nearest_gene	dist_kb	identity	cn_mean
OncotreeLineage	Biliary Tract	USE_15507	1	0.3344181765490115	0.16324566534853646	CNGB1	29		0.758
OncotreeLineage	Biliary Tract	USE_15506	2	0.3365341635728906	0.16656279421351505	CNGB1	34		0.758
OncotreeLineage	Biliary Tract	USE_15925	3	0.36042645592118083	0.2041110581536552	FOXL1	5		0.658
OncotreeLineage	Biliary Tract	USE_1760	4	0.3673361087721758	0.21612123191175478	SLC44A3	73		1.026
OncotreeLineage	Biliary Tract	USE_27332	5	0.3719293894350528	0.22437524112900617	ADAMTS9	433		0.656
OncotreeLineage	Biliary Tract	USE_1755	6	0.3907527990517724	0.25975623905027695	F3	71		0.991
OncotreeLineage	Biliary Tract	USE_1791	7	0.39199106151557994	0.26216847095105095	DPYD	151		0.986
OncotreeLineage	Biliary Tract	USE_11771	8	0.39581288362925726	0.26979283053211184	MYO16	128		0.779
OncotreeLineage	Biliary Tract	USE_24784	9	0.3988002094974662	0.276221191724407	BMP7	229		1.302
OncotreeLineage	Biliary Tract	USE_14330	10	0.40083052904964905	0.28066573377609894	ARNT2	87		1.008
OncotreeLineage	Biliary Tract	USE_15549	11	0.40344148135250985	0.2864073988746186	BEAN1	26		0.759
OncotreeLineage	Biliary Tract	USE_19982	12	0.4041020540952809	0.2877802944340626	SIGLEC8	18		0.898
OncotreeLineage	Biliary Tract	USE_41918	13	0.40449715124599456	0.28850462706344815	LCN2	1		0.923
OncotreeLineage	Biliary Tract	USE_42939	14	0.40469465255926795	0.2888628475746851	CDY1	31071		1.0
OncotreeLineage	Biliary Tract	USE_14194	15	0.406901148014626	0.29335151038668184	CYP11A1	31		1.017
OncotreeLineage	Bladder/Urinary Tract	USE_41579	1	0.39662603759963344	0.06935221848853097	PTPN3	100		1.174
OncotreeLineage	Bladder/Urinary Tract	USE_20043	2	0.3999367725183668	0.07118392415379991	VSTM1	13		0.702
OncotreeLineage	Bladder/Urinary Tract	USE_3506	3	0.42667936043343946	0.0917858986459008	GOLT1A	20		1.039
OncotreeLineage	Bladder/Urinary Tract	USE_41580	4	0.4268028423090728	0.09185479193556301	PTPN3	119		1.174
OncotreeLineage	Bladder/Urinary Tract	USE_486	5	0.42760320741260743	0.09262541966533347	UBXN10	20		1.098
OncotreeLineage	Bladder/Urinary Tract	USE_22142	6	0.4307173339723528	0.09652285752523941	GYPC	964		0.962
OncotreeLineage	Bladder/Urinary Tract	USE_2545	7	0.4431543490250297	0.11427362791219473	IVL	3		1.103
OncotreeLineage	Bladder/Urinary Tract	USE_25514	8	0.44372442774283066	0.11525588190225353	WDR4	48		1.147
OncotreeLineage	Bladder/Urinary Tract	USE_34405	9	0.4470442097346203	0.1206007192132701	HTR1E	621		0.884
OncotreeLineage	Bladder/Urinary Tract	USE_27788	10	0.4496970445524101	0.1254285685077563	TEX55	7		1.315
OncotreeLineage	Bladder/Urinary Tract	USE_3664	11	0.4539258552509171	0.1336964544752135	CAMK1G	214		1.077
OncotreeLineage	Bladder/Urinary Tract	USE_27790	12	0.4547715598551791	0.13556568910139666	UPK1B	12		1.221
OncotreeLineage	Bladder/Urinary Tract	USE_28466	13	0.45502231627491435	0.13610664074649262	GOLIM4	368		1.174
OncotreeLineage	Bladder/Urinary Tract	USE_3456	14	0.45713514915920184	0.14051544573065164	RABIF	46		0.995
OncotreeLineage	Bladder/Urinary Tract	USE_20032	15	0.4577729070674397	0.14191336075060834	DPRX	11		0.853
OncotreeLineage	Bone	USE_13093	1	0.19244806102725165	0.03621052547256651	VRK1	339		1.094
OncotreeLineage	Bone	USE_13092	2	0.21356150422991219	0.05333333209137703	VRK1	337		1.094
OncotreeLineage	Bone	USE_3242	3	0.237387307911547	0.05377926296170624	HMCN1	246		1.22
OncotreeLineage	Bone	USE_18121	4	0.24119136226696894	0.05377926296170624	APCDD1	9		1.084
OncotreeLineage	Bone	USE_38410	5	0.2500510357619531	0.05377926296170624	STMN4	33		1.285
OncotreeLineage	Bone	USE_26516	6	0.2541634961768398	0.05377926296170624	LMCD1	226		0.889
OncotreeLineage	Bone	USE_36057	7	0.26509545228041514	0.05377926296170624	NEUROD6	4		1.115
OncotreeLineage	Bone	USE_41696	8	0.26651857406291735	0.05377926296170624	TNC	345		1.035
OncotreeLineage	Bone	USE_41707	9	0.2694504537959661	0.05377926296170624	PAPPA	413		0.99
OncotreeLineage	Bone	USE_42547	10	0.26986914532636896	0.05377926296170624	XAGE1B	1		0.97
OncotreeLineage	Bone	USE_5901	11	0.27342973746512134	0.05377926296170624	XPNPEP1	702		0.993
OncotreeLineage	Bone	USE_29389	12	0.2753877333794622	0.05377926296170624	QDPR	391		0.887
OncotreeLineage	Bone	USE_3241	13	0.2754761000474614	0.05377926296170624	HMCN1	275		1.22
OncotreeLineage	Bone	USE_40679	14	0.2770690702085451	0.05377926296170624	CER1	1		2.054
OncotreeLineage	Bone	USE_41223	15	0.27767368134599335	0.05377926296170624	GAS1	297		0.968
OncotreeLineage	Bowel	USE_15392	1	0.30058081941657644	0.05377926296170624	CYLD	16		1.096
OncotreeLineage	Bowel	USE_33073	2	0.37926014846324585	0.056921251849768116	FOXQ1	258		0.804
OncotreeLineage	Bowel	USE_17405	3	0.3923083552479595	0.05763334980702859	AXIN2	87		1.213
OncotreeLineage	Bowel	USE_24422	4	0.4059601598187006	0.05763334980702859	R3HDML	12	HNF4A	1.24
OncotreeLineage	Bowel	USE_17306	5	0.40670098830525203	0.05763334980702859	MED13	161		1.084
OncotreeLineage	Bowel	USE_16174	6	0.4137659449414292	0.05790814679965952	SPNS3	15		0.973
OncotreeLineage	Bowel	USE_597	7	0.41409926411826914	0.05790814679965952	SYF2	28		0.94
OncotreeLineage	Bowel	USE_39987	8	0.4193273573096066	0.058791567717590476	POU5F1B	123		9.498
OncotreeLineage	Bowel	USE_10869	9	0.4194185502600509	0.058791567717590476	SGCG	461		1.096
OncotreeLineage	Bowel	USE_10073	10	0.42129162565634865	0.05904831220745842	EEA1	170		1.06
OncotreeLineage	Bowel	USE_478	11	0.42237434608304786	0.05938378240093252	PLA2G2E	4		0.992
OncotreeLineage	Bowel	USE_35527	12	0.4240348595558123	0.05978411444810713	ADAP1	0		1.139
OncotreeLineage	Bowel	USE_20536	13	0.42557238864023905	0.05997939774490969	VSNL1	18		1.091
OncotreeLineage	Bowel	USE_10951	14	0.4264092197866134	0.06017406003219289	CDX2	3	CDX2	6.288
OncotreeLineage	Bowel	USE_17403	15	0.4280456675561848	0.06075313666057484	AXIN2	142		1.213
OncotreeLineage	Breast	USE_7091	1	0.4364090230825583	0.056921251849768116	SLC15A3	2		1.078
OncotreeLineage	Breast	USE_20580	2	0.44153474379837976	0.056921251849768116	RHOB	26		1.116
OncotreeLineage	Breast	USE_23653	3	0.4419411369059091	0.056921251849768116	FAM240C	5		0.79
OncotreeLineage	Breast	USE_34548	4	0.44299079825594073	0.05706800874664219	QRSL1	124		0.978
OncotreeLineage	Breast	USE_15826	5	0.44883659526264097	0.05763334980702859	MPHOSPH6	170		1.031
OncotreeLineage	Breast	USE_2034	6	0.45025864431947416	0.05763334980702859	LRIG2	149		0.984
OncotreeLineage	Breast	USE_34547	7	0.4525025496196722	0.05763334980702859	QRSL1	118		0.978
OncotreeLineage	Breast	USE_42158	8	0.4526294112835331	0.05763334980702859	PPP1R26	90		1.016
OncotreeLineage	Breast	USE_39607	9	0.4548105679130435	0.05763334980702859	TRPS1	170		2.009
OncotreeLineage	Breast	USE_41725	10	0.4559823604704375	0.05763334980702859	TLR4	319		0.948
OncotreeLineage	Breast	USE_19062	11	0.45781249207637204	0.05763334980702859	XAB2	5		0.929
OncotreeLineage	Breast	USE_28966	12	0.460465837888985	0.05763334980702859	FGF12	144		1.225
OncotreeLineage	Breast	USE_424	13	0.4628916383011042	0.05790814679965952	RCC2	13		0.935
OncotreeLineage	Breast	USE_7309	14	0.46290337021162564	0.05790814679965952	ALDH3B2	3		1.338
OncotreeLineage	Breast	USE_42159	15	0.46368749782486085	0.058000981450332424	PPP1R26	85		1.016
OncotreeLineage	CNS/Brain	USE_40282	1	0.16859583883442653	0.004799999888223929	KHDRBS3	962		0.948
OncotreeLineage	CNS/Brain	USE_40285	2	0.1872278303653525	0.03333333255711063	KHDRBS3	1064		0.948
OncotreeLineage	CNS/Brain	USE_40284	3	0.19665169648804726	0.03621052547256651	KHDRBS3	1016		0.948
OncotreeLineage	CNS/Brain	USE_40281	4	0.22439315991313424	0.05377926296170624	KHDRBS3	917		0.948
OncotreeLineage	CNS/Brain	USE_40100	5	0.22749299425632571	0.05377926296170624	GSDMC	693		1.012
OncotreeLineage	CNS/Brain	USE_40283	6	0.23130059917613988	0.05377926296170624	KHDRBS3	1021		0.948
OncotreeLineage	CNS/Brain	USE_40273	7	0.2494470768843985	0.05377926296170624	KHDRBS3	446		0.948
OncotreeLineage	CNS/Brain	USE_40280	8	0.2643160454334289	0.05377926296170624	KHDRBS3	924		0.948
OncotreeLineage	CNS/Brain	USE_11694	9	0.30812068902956224	0.05406360298132074	TMTC4	236		0.941
OncotreeLineage	CNS/Brain	USE_40101	10	0.32759289898996613	0.05428653998041963	GSDMC	688		1.012
OncotreeLineage	CNS/Brain	USE_40278	11	0.340569049110626	0.05501754257847317	KHDRBS3	706		0.948
OncotreeLineage	CNS/Brain	USE_39995	12	0.3476916646681347	0.056921251849768116	POU5F1B	40		14.478
OncotreeLineage	CNS/Brain	USE_11693	13	0.3478275182738826	0.056921251849768116	TMTC4	242		0.941
OncotreeLineage	CNS/Brain	USE_40266	14	0.35507788447500377	0.056921251849768116	KHDRBS3	335		0.948
OncotreeLineage	CNS/Brain	USE_20823	15	0.36583857465511516	0.05737528646131058	TTC27	191		1.023
OncotreeLineage	Cervix	USE_23098	1	0.2400662531726953	0.0768592446372279	IKZF2	537		0.269
OncotreeLineage	Cervix	USE_4996	2	0.29773207730673473	0.12523261988263557	ANKRD30A	379		1.0
OncotreeLineage	Cervix	USE_36835	3	0.2988271795946583	0.1263902689393183	SEMA3D	745		1.601
OncotreeLineage	Cervix	USE_38011	4	0.32270906867983945	0.15583028577836652	PTPRN2	270		1.348
OncotreeLineage	Cervix	USE_12661	5	0.32886089771737625	0.16466166640112218	RAD51B	204		1.051
OncotreeLineage	Cervix	USE_42846	6	0.3297110576920102	0.16601561004462193	MAGEA4	5		0.932
OncotreeLineage	Cervix	USE_42712	7	0.33525539744998606	0.17280647480162337	PLS3	126		0.945
OncotreeLineage	Cervix	USE_32142	8	0.33662407159725877	0.1748173814300425	ZNF608	630		1.071
OncotreeLineage	Cervix	USE_4987	9	0.3479896621778146	0.19190854605692095	ANKRD30A	729		1.0
OncotreeLineage	Cervix	USE_34221	10	0.35265607316077174	0.19946634822704754	MLIP	81		1.117
OncotreeLineage	Cervix	USE_33551	11	0.3541991523872566	0.20220213456228475	SOX4	69		1.018
OncotreeLineage	Cervix	USE_32141	12	0.3552276821166077	0.20409978554294847	ZNF608	502		1.071
OncotreeLineage	Cervix	USE_8932	13	0.3610149490219311	0.21368472816424822	SOX5	269		1.066
OncotreeLineage	Cervix	USE_11551	14	0.36302272056885493	0.21720716301147408	GPC5	1702		0.5
OncotreeLineage	Cervix	USE_10202	15	0.364415372453202	0.21967965089083938	ACTR6	229		0.285
OncotreeLineage	Esophagus/Stomach	USE_28201	1	0.3383093037165301	0.05406360298132074	DIPK2A	789		1.012
OncotreeLineage	Esophagus/Stomach	USE_30907	2	0.3646874044982825	0.054663315309987366	ADAMTS16	809		1.263
OncotreeLineage	Esophagus/Stomach	USE_19729	3	0.36957920818501977	0.05501754257847317	PSG3	67		0.972
OncotreeLineage	Esophagus/Stomach	USE_3147	4	0.3784756704280774	0.056921251849768116	CACNA1E	187		1.115
OncotreeLineage	Esophagus/Stomach	USE_26951	5	0.39543551754008016	0.05763334980702859	CTNNB1	46		0.964
OncotreeLineage	Esophagus/Stomach	USE_30617	6	0.4106317922002053	0.05763334980702859	GALNT7	300		0.738
OncotreeLineage	Esophagus/Stomach	USE_30848	7	0.4250906293542519	0.05964611121157612	ZDHHC11B	11		1.063
OncotreeLineage	Esophagus/Stomach	USE_29417	8	0.4304492123940619	0.060883795636228304	PPARGC1A	652		0.803
OncotreeLineage	Esophagus/Stomach	USE_39580	9	0.43105955821402164	0.06104835290589553	CSMD3	237		1.107
OncotreeLineage	Esophagus/Stomach	USE_11776	10	0.43309333799231897	0.061280372404759156	MYO16	86		1.026
OncotreeLineage	Esophagus/Stomach	USE_41205	11	0.4368694631803132	0.06214096771593871	NTRK2	239		1.051
OncotreeLineage	Esophagus/Stomach	USE_17408	12	0.4476584348891052	0.06610962087221933	AXIN2	28		1.103
OncotreeLineage	Esophagus/Stomach	USE_5454	13	0.4484078892652832	0.06649501205082649	LRMDA	258		0.977
OncotreeLineage	Esophagus/Stomach	USE_27884	14	0.45108278615365915	0.06770045925297409	KALRN	111		1.084
OncotreeLineage	Esophagus/Stomach	USE_42706	15	0.4512758604983807	0.06781651218224631	LRCH2	46		0.729
OncotreeLineage	Eye	USE_1561	1	0.23458694966127214	0.05707782293862934	IFI44	75		0.836
OncotreeLineage	Eye	USE_36751	2	0.2349589873244053	0.05719233838508279	GNAI1	199		1.007
OncotreeLineage	Eye	USE_4807	3	0.2421076587572565	0.05763334980702859	ANKRD26	82		0.821
OncotreeLineage	Eye	USE_4806	4	0.2558561232283657	0.05763334980702859	ANKRD26	100		0.821
OncotreeLineage	Eye	USE_36754	5	0.2654284683731283	0.05914402406571232	GNAT3	224		1.007
OncotreeLineage	Eye	USE_2856	6	0.27914972001307853	0.06250881466528395	NUF2	362		1.622
OncotreeLineage	Eye	USE_10543	7	0.28061765827481344	0.06277245572104098	CCDC60	98		0.884
OncotreeLineage	Eye	USE_22346	8	0.281182635169372	0.0628184004742139	ZEB2	328		0.855
OncotreeLineage	Eye	USE_42435	9	0.2851122698443063	0.0644788993817192	DMD	871		0.701
OncotreeLineage	Eye	USE_41886	10	0.28548550380687615	0.0646759815943334	GARNL3	7		1.275
OncotreeLineage	Eye	USE_9716	11	0.3011686881051046	0.07143673303035311	CAND1	60		1.022
OncotreeLineage	Eye	USE_15529	12	0.3011694611282114	0.07143673303035311	CDH11	841		0.949
OncotreeLineage	Eye	USE_10542	13	0.30166120881470737	0.07182325886581892	CCDC60	104		0.884
OncotreeLineage	Eye	USE_37424	14	0.3029261164534827	0.0723519744523737	GPR37	117		0.953
OncotreeLineage	Eye	USE_7737	15	0.30450853835823694	0.07310070201041835	CHORDC1	1019		0.951
OncotreeLineage	Head and Neck	USE_10670	1	0.2065060457011195	0.05377926296170624	RFLNA	51		1.022
OncotreeLineage	Head and Neck	USE_37922	2	0.2111756202282648	0.05377926296170624	ACTR3B	106		0.949
OncotreeLineage	Head and Neck	USE_10524	3	0.2192264854422718	0.05377926296170624	KSR2	82		0.992
OncotreeLineage	Head and Neck	USE_42198	4	0.2331634612424007	0.05377926296170624	EGFL7	34		1.463
OncotreeLineage	Head and Neck	USE_30880	5	0.24032337112543556	0.05377926296170624	IRX4	47		1.366
OncotreeLineage	Head and Neck	USE_6313	6	0.25652122084478346	0.05406360298132074	KNDC1	12		0.873
OncotreeLineage	Head and Neck	USE_26428	7	0.2678447685529005	0.05406360298132074	BRD1	203		1.143
OncotreeLineage	Head and Neck	USE_8316	8	0.2766607529338512	0.05406360298132074	ST3GAL4	46		0.766
OncotreeLineage	Head and Neck	USE_110	9	0.2852773333418736	0.05428653998041963	NPHP4	53		1.025
OncotreeLineage	Head and Neck	USE_41363	10	0.2930037261492713	0.054663315309987366	PHF2	8		1.294
OncotreeLineage	Head and Neck	USE_13290	11	0.294254494439223	0.054663315309987366	TMEM121	132		1.132
OncotreeLineage	Head and Neck	USE_42155	12	0.2947201433055029	0.054663315309987366	OLFM1	127		1.411
OncotreeLineage	Head and Neck	USE_19052	13	0.29674933978013757	0.054663315309987366	ZNF557	34		0.808
OncotreeLineage	Head and Neck	USE_41273	14	0.2968855790342469	0.054663315309987366	CKS2	56		1.349
OncotreeLineage	Head and Neck	USE_23566	15	0.3016112305467318	0.0550012348131469	ASB1	46		0.925
OncotreeLineage	Kidney	USE_16793	1	0.3062385670021879	0.05501754257847317	KRT24	18		1.014
OncotreeLineage	Kidney	USE_25983	2	0.3466777080702089	0.05763334980702859	NF2	12		0.919
OncotreeLineage	Kidney	USE_27605	3	0.34790725675774625	0.05763334980702859	ZPLD1	197		1.028
OncotreeLineage	Kidney	USE_9257	4	0.3621056773988178	0.05808345188483916	TMEM117	41		1.187
OncotreeLineage	Kidney	USE_35372	5	0.36383545390725613	0.05862905364177608	PDE10A	38		0.878
OncotreeLineage	Kidney	USE_27604	6	0.36666014408696074	0.0593769737866075	ZPLD1	199		1.028
OncotreeLineage	Kidney	USE_6028	7	0.3676147152774234	0.05967999861025089	GFRA1	67		1.175
OncotreeLineage	Kidney	USE_40377	8	0.369683760363702	0.05997939774490969	PTP4A3	390		1.115
OncotreeLineage	Kidney	USE_10031	9	0.37760740204380716	0.062087918761049535	DCN	166		1.158
OncotreeLineage	Kidney	USE_31880	10	0.3791673017130591	0.06254153036670045	NR2F1	596		0.816
OncotreeLineage	Kidney	USE_27552	11	0.3820850671057703	0.0631758711144078	COL8A1	59		1.035
OncotreeLineage	Kidney	USE_4618	12	0.3831809175981655	0.06382329168645814	CAMK1D	98		1.056
OncotreeLineage	Kidney	USE_28859	13	0.3864952787087884	0.06527237943240387	RTP4	137		1.057
OncotreeLineage	Kidney	USE_30529	14	0.3881064671091067	0.06597036883413933	PDGFC	23		0.904
OncotreeLineage	Kidney	USE_40124	15	0.39045226390404547	0.06695595469266541	GSDMC	40		1.185
OncotreeLineage	Liver	USE_18627	1	0.3108537620326589	0.056309733202007495	ALPK2	142		0.721
OncotreeLineage	Liver	USE_19467	2	0.3144633378861759	0.056673772667462714	CEBPA	23		1.103
OncotreeLineage	Liver	USE_35423	3	0.31657295300463767	0.056921251849768116	AFDN	223		1.022
OncotreeLineage	Liver	USE_29822	4	0.3277510654068088	0.056921251849768116	AFP	11		0.896
OncotreeLineage	Liver	USE_4543	5	0.32931850233094745	0.056921251849768116	ITIH2	22		0.964
OncotreeLineage	Liver	USE_38270	6	0.3352380692836942	0.056921251849768116	FGL1	20		0.919
OncotreeLineage	Liver	USE_28895	7	0.33745439342453093	0.0572262760396527	LPP	224		0.945
OncotreeLineage	Liver	USE_18628	8	0.34147352061163705	0.057338520065554295	ALPK2	108		0.811
OncotreeLineage	Liver	USE_15064	9	0.3491157280999696	0.05763334980702859	ACSM5	1		0.897
OncotreeLineage	Liver	USE_19331	10	0.3549639854682315	0.05763334980702859	SLC25A42	10		1.451
OncotreeLineage	Liver	USE_28291	11	0.36082497310898864	0.05763334980702859	GPR171	2		0.939
OncotreeLineage	Liver	USE_2791	12	0.3616722177444131	0.05763334980702859	APOA2	1		1.18
OncotreeLineage	Liver	USE_34278	13	0.36170850361370965	0.05763334980702859	EYS	411		1.064
OncotreeLineage	Liver	USE_20595	14	0.36226792890569937	0.05763334980702859	APOB	27		1.237
OncotreeLineage	Liver	USE_5688	15	0.36492353090439283	0.05763334980702859	CYP2C9	60		0.983
OncotreeLineage	Lung	USE_20518	1	0.40746169791971687	0.05377926296170624	CYRIA	105		1.052
OncotreeLineage	Lung	USE_20823	2	0.44650207542695663	0.05428653998041963	TTC27	191		1.089
OncotreeLineage	Lung	USE_20822	3	0.4531377652026314	0.054959106526876245	TTC27	199		1.089
OncotreeLineage	Lung	USE_27475	4	0.4543678466366822	0.05501754257847317	VGLL3	520		0.797
OncotreeLineage	Lung	USE_39938	5	0.4588596216285085	0.05674813895482591	LRATD2	456		1.905
OncotreeLineage	Lung	USE_24383	6	0.45994870040117664	0.056921251849768116	CHD6	140		1.25
OncotreeLineage	Lung	USE_39937	7	0.46255533821420125	0.056921251849768116	LRATD2	471		1.905
OncotreeLineage	Lung	USE_24022	8	0.467598002683024	0.057338520065554295	NKX2-2	76		0.873
OncotreeLineage	Lung	USE_10233	9	0.4688731999543374	0.05737528646131058	C12orf42	121		1.05
OncotreeLineage	Lung	USE_17525	10	0.4703830324751481	0.05763334980702859	SOX9	960		0.949
OncotreeLineage	Lung	USE_42261	11	0.4707839007396199	0.05763334980702859	SHOX	185		0.768
OncotreeLineage	Lung	USE_39944	12	0.47219129081125893	0.05763334980702859	LRATD2	377		1.905
OncotreeLineage	Lung	USE_39943	13	0.47298147945375224	0.05763334980702859	LRATD2	392		1.905
OncotreeLineage	Lung	USE_924	14	0.47536135708595106	0.05763334980702859	MACF1	64		1.284
OncotreeLineage	Lung	USE_20183	15	0.47576000837319055	0.05763334980702859	MYT1L	271		1.036
OncotreeLineage	Lymphoid	USE_25829	1	0.16366051481475885	0.0022857142324875864	IGLL5	50		0.798
OncotreeLineage	Lymphoid	USE_25830	2	0.18625141422080618	0.0022857142324875864	IGLL5	37		0.798
OncotreeLineage	Lymphoid	USE_37772	3	0.2071601875146999	0.0022857142324875864	PRSS2	29		0.913
OncotreeLineage	Lymphoid	USE_13286	4	0.2600305381380774	0.0022857142324875864	TMEM121	47		1.243
OncotreeLineage	Lymphoid	USE_13292	5	0.2760943060317695	0.0022857142324875864	TMEM121	157		1.243
OncotreeLineage	Lymphoid	USE_25828	6	0.27878684012421695	0.0022857142324875864	IGLL5	13		0.798
OncotreeLineage	Lymphoid	USE_8356	7	0.2931160542124356	0.0022857142324875864	ETS1	87		1.052
OncotreeLineage	Lymphoid	USE_34438	8	0.29716980808432303	0.0022857142324875864	UBE2J1	17		0.925
OncotreeLineage	Lymphoid	USE_13288	9	0.298155837989979	0.0022857142324875864	TMEM121	54		1.243
OncotreeLineage	Lymphoid	USE_37771	10	0.2996872523219977	0.0022857142324875864	PRSS2	31		0.913
OncotreeLineage	Lymphoid	USE_13293	11	0.30481400169277995	0.0022857142324875864	TMEM121	172		1.243
OncotreeLineage	Lymphoid	USE_36382	12	0.30694654110964015	0.0022857142324875864	IKZF1	43		1.156
OncotreeLineage	Lymphoid	USE_13287	13	0.3143192110728811	0.0022857142324875864	TMEM121	55		1.243
OncotreeLineage	Lymphoid	USE_13285	14	0.31627034148414823	0.0022857142324875864	TMEM121	45		1.243
OncotreeLineage	Lymphoid	USE_13299	15	0.3195697505036972	0.0022857142324875864	TMEM121	327		1.243
OncotreeLineage	Myeloid	USE_13442	1	0.3016073424707961	0.05377926296170624	GOLGA8Q	12		0.985
OncotreeLineage	Myeloid	USE_13476	2	0.30478114200327355	0.05377926296170624	GOLGA8N	12		1.018
OncotreeLineage	Myeloid	USE_42580	3	0.30744950110975316	0.05377926296170624	VSIG4	29		0.596
OncotreeLineage	Myeloid	USE_13472	4	0.30804377718661313	0.05377926296170624	GOLGA8O	12		1.018
OncotreeLineage	Myeloid	USE_3435	5	0.3313659231525009	0.05377926296170624	PTPN7	6		1.186
OncotreeLineage	Myeloid	USE_40120	6	0.33319180181409985	0.05377926296170624	GSDMC	101		1.528
OncotreeLineage	Myeloid	USE_31849	7	0.3345726120035399	0.05377926296170624	MEF2C	238		0.874
OncotreeLineage	Myeloid	USE_19395	8	0.3437998149682167	0.05377926296170624	UQCRFS1	602		1.021
OncotreeLineage	Myeloid	USE_6995	9	0.34466947936927583	0.05377926296170624	SPI1	10	SPI1	0.988
OncotreeLineage	Myeloid	USE_22641	10	0.3453637636004422	0.05406360298132074	ITGA6	47		1.832
OncotreeLineage	Myeloid	USE_1703	11	0.348891221285244	0.05406360298132074	GFI1	19		1.069
OncotreeLineage	Myeloid	USE_28939	12	0.3491160165545189	0.05406360298132074	IL1RAP	31		1.012
OncotreeLineage	Myeloid	USE_2697	13	0.3506037954405514	0.05406360298132074	FCRL5	129		1.099
OncotreeLineage	Myeloid	USE_31848	14	0.352686640713631	0.05406360298132074	MEF2C	78		0.874
OncotreeLineage	Myeloid	USE_28938	15	0.3553240153908295	0.05406360298132074	IL1RAP	25		1.012
OncotreeLineage	Ovary/Fallopian Tube	USE_28474	1	0.2967686805519549	0.05406360298132074	MECOM	365	MECOM	1.367
OncotreeLineage	Ovary/Fallopian Tube	USE_28475	2	0.3190946996987708	0.05501754257847317	MECOM	364	MECOM	1.367
OncotreeLineage	Ovary/Fallopian Tube	USE_28473	3	0.3258507235687959	0.056673772667462714	MECOM	392		1.367
OncotreeLineage	Ovary/Fallopian Tube	USE_31707	4	0.348154525997156	0.0572262760396527	CERT1	30		0.849
OncotreeLineage	Ovary/Fallopian Tube	USE_12264	5	0.3834960352650378	0.05790814679965952	FBXO33	460		1.075
OncotreeLineage	Ovary/Fallopian Tube	USE_38793	6	0.38580682912156317	0.05808345188483916	SOX17	6	SOX17	1.374
OncotreeLineage	Ovary/Fallopian Tube	USE_24230	7	0.39100627471649196	0.0593769737866075	ASIP	51		1.134
OncotreeLineage	Ovary/Fallopian Tube	USE_28472	8	0.4004518707942766	0.06153515031503368	MECOM	395	MECOM	1.367
OncotreeLineage	Ovary/Fallopian Tube	USE_11126	9	0.41586539854176796	0.06661445628009563	COG6	367		0.947
OncotreeLineage	Ovary/Fallopian Tube	USE_361	10	0.41672306397864317	0.06684597000736019	TMEM51	156		1.194
OncotreeLineage	Ovary/Fallopian Tube	USE_34332	11	0.4229812689120435	0.0698693993443712	COL12A1	673		1.034
OncotreeLineage	Ovary/Fallopian Tube	USE_10141	12	0.4323592756198513	0.07477303814874281	USP44	90		1.066
OncotreeLineage	Ovary/Fallopian Tube	USE_15675	13	0.4334792732788717	0.07531851676460008	ZNF19	0		0.912
OncotreeLineage	Ovary/Fallopian Tube	USE_31116	14	0.43429283684337716	0.07591500487229758	CDH6	190		1.192
OncotreeLineage	Ovary/Fallopian Tube	USE_38985	15	0.4422243295243211	0.08141303319864578	CPA6	240		1.24
OncotreeLineage	Pancreas	USE_18606	1	0.35995813886375405	0.056921251849768116	ONECUT2	35		0.649
OncotreeLineage	Pancreas	USE_23920	2	0.4336184094662738	0.06525285743854611	MACROD2	41		0.818
OncotreeLineage	Pancreas	USE_34793	3	0.43896972908208226	0.0676853916822587	ARHGAP18	138		0.814
OncotreeLineage	Pancreas	USE_30029	4	0.44934265011782926	0.07344045740028887	CCSER1	421		0.667
OncotreeLineage	Pancreas	USE_15138	5	0.4596693251755291	0.08056267002966004	ERN2	4		0.943
OncotreeLineage	Pancreas	USE_14655	6	0.4609452867853146	0.08151890768126892	ASB7	115		1.127
OncotreeLineage	Pancreas	USE_18716	7	0.46745054646731343	0.08864872025253089	SERPINB5	16		0.677
OncotreeLineage	Pancreas	USE_29691	8	0.4681000399788439	0.0894335784972943	RASL11B	48		0.905
OncotreeLineage	Pancreas	USE_40773	9	0.4694988537215313	0.09133869431039149	DMRTA1	474		0.397
OncotreeLineage	Pancreas	USE_38201	10	0.4698770103164921	0.0917858986459008	FAM86B2	12		0.802
OncotreeLineage	Pancreas	USE_22312	11	0.47055888291590703	0.09254992548591925	KYNU	778		0.799
OncotreeLineage	Pancreas	USE_41395	12	0.47080359358807644	0.09283875926918589	FANCC	163		0.946
OncotreeLineage	Pancreas	USE_27170	13	0.4720564215389823	0.09450140978556967	SFMBT1	24		0.884
OncotreeLineage	Pancreas	USE_41461	14	0.47229382190812347	0.09486321492398161	ANKS6	31		0.906
OncotreeLineage	Pancreas	USE_34791	15	0.4724254779295397	0.09506425230903884	ARHGAP18	147		0.814
OncotreeLineage	Peripheral Nervous System	USE_29619	1	0.24388348333421217	0.05377926296170624	TMEM33	73		1.068
OncotreeLineage	Peripheral Nervous System	USE_27975	2	0.2537785792510625	0.05377926296170624	DNAJB8	6		1.041
OncotreeLineage	Peripheral Nervous System	USE_29616	3	0.2638669382945401	0.05377926296170624	PHOX2B	2		1.024
OncotreeLineage	Peripheral Nervous System	USE_20487	4	0.27488908651239513	0.05377926296170624	MYCN	328		14.159
OncotreeLineage	Peripheral Nervous System	USE_27973	5	0.2773151695828605	0.05377926296170624	DNAJB8	54		1.073
OncotreeLineage	Peripheral Nervous System	USE_14189	6	0.28059771830274605	0.05377926296170624	CCDC33	22		1.145
OncotreeLineage	Peripheral Nervous System	USE_41969	7	0.28413386422403525	0.05377926296170624	IER5L	217		1.066
OncotreeLineage	Peripheral Nervous System	USE_29618	8	0.2843669999531973	0.05377926296170624	TMEM33	78		1.068
OncotreeLineage	Peripheral Nervous System	USE_5037	9	0.2849517268948322	0.05377926296170624	RET	132		1.022
OncotreeLineage	Peripheral Nervous System	USE_20489	10	0.28991650183829276	0.05377926296170624	CYRIA	314		14.159
OncotreeLineage	Peripheral Nervous System	USE_20488	11	0.28991650183829276	0.05377926296170624	CYRIA	314		14.159
OncotreeLineage	Peripheral Nervous System	USE_13245	12	0.2915516407615284	0.05377926296170624	KIF26A	131		0.958
OncotreeLineage	Peripheral Nervous System	USE_23548	13	0.291843395522771	0.05377926296170624	RAMP1	0		1.049
OncotreeLineage	Peripheral Nervous System	USE_3110	14	0.29225759716237604	0.05377926296170624	FAM163A	35		1.369
OncotreeLineage	Peripheral Nervous System	USE_20494	15	0.2939885948381197	0.05377926296170624	CYRIA	272		14.159
OncotreeLineage	Pleura	USE_14536	1	0.228855470742433	0.056921251849768116	SLCO3A1	7		1.054
OncotreeLineage	Pleura	USE_3340	2	0.3018057449182665	0.0710841104942196	NEK7	28		0.996
OncotreeLineage	Pleura	USE_31652	3	0.30257113333756314	0.07134752334496473	PTCD2	58		1.179
OncotreeLineage	Pleura	USE_31556	4	0.3114114128769552	0.07548846408758884	SREK1	292		1.127
OncotreeLineage	Pleura	USE_33274	5	0.31721010556938856	0.07865030491696166	TFAP2A	758		0.952
OncotreeLineage	Pleura	USE_27550	6	0.31963743316245263	0.08027684210926218	COL8A1	155		1.004
OncotreeLineage	Pleura	USE_36435	7	0.3227787719547732	0.08238391310431373	LANCL2	91		1.09
OncotreeLineage	Pleura	USE_36203	8	0.3231173322189551	0.08266213729408839	SUGCT	420		1.186
OncotreeLineage	Pleura	USE_36066	9	0.32505740547634315	0.08396904741825778	PDE1C	3		1.458
OncotreeLineage	Pleura	USE_33273	10	0.3253061494470391	0.08416913587633372	TFAP2A	753		0.952
OncotreeLineage	Pleura	USE_22610	11	0.3282616129780058	0.08662195350704147	METTL8	130		1.111
OncotreeLineage	Pleura	USE_31653	12	0.3323649036801296	0.08983349840958042	PTCD2	62		1.192
OncotreeLineage	Pleura	USE_14150	13	0.3335049649634384	0.09097969079867069	NR2E3	113		1.127
OncotreeLineage	Pleura	USE_2178	14	0.33441544569614784	0.09175432651411394	HSD3B1	24		1.15
OncotreeLineage	Pleura	USE_4645	15	0.3345926080484195	0.09185479193556301	FAM107B	169		0.983
OncotreeLineage	Prostate	USE_7057	1	0.3053527660044153	0.06120190636495375	GLYATL1	51		1.127
OncotreeLineage	Prostate	USE_25078	2	0.306706588255338	0.06139405491923625	TPTE	669		1.084
OncotreeLineage	Prostate	USE_30670	3	0.3094207512271672	0.062087918761049535	GPM6A	105		0.663
OncotreeLineage	Prostate	USE_42762	4	0.3190674632707776	0.0655969852897897	APLN	11		0.574
OncotreeLineage	Prostate	USE_22198	5	0.3208536786741214	0.06610962087221933	POTEJ	12		0.812
OncotreeLineage	Prostate	USE_11908	6	0.32713911838001786	0.06852193066420721	CHAMP1	28		0.653
OncotreeLineage	Prostate	USE_6900	7	0.3359339956189691	0.07302363953764023	LRRC4C	993		0.846
OncotreeLineage	Prostate	USE_29477	8	0.33600070426914574	0.07302648675632065	STIM2	1188		0.925
OncotreeLineage	Prostate	USE_34611	9	0.3388408884419616	0.07430006805346857	CDK19	57		0.762
OncotreeLineage	Prostate	USE_15437	10	0.34336127485969953	0.07662827046689077	IRX3	138		0.851
OncotreeLineage	Prostate	USE_31641	11	0.3433694963242685	0.07662827046689077	CARTPT	27		0.961
OncotreeLineage	Prostate	USE_37432	12	0.34438709483495156	0.07700900721572473	POT1	772		1.192
OncotreeLineage	Prostate	USE_7056	13	0.34834042061168674	0.07930096902712999	GLYATL1	43		1.127
OncotreeLineage	Prostate	USE_7054	14	0.35548050147685334	0.08416913587633372	GLYATL1	47		1.127
OncotreeLineage	Prostate	USE_9633	15	0.36517677263182563	0.09220827728356432	DPY19L2	173		0.956
OncotreeLineage	Skin	USE_37168	1	0.23575144126552078	0.05377926296170624	LHFPL3	177		1.299
OncotreeLineage	Skin	USE_37167	2	0.24767020383131028	0.05406360298132074	LHFPL3	181		1.299
OncotreeLineage	Skin	USE_40272	3	0.25081947278506606	0.05406360298132074	KHDRBS3	369		1.095
OncotreeLineage	Skin	USE_2810	4	0.2569579581148139	0.05406360298132074	FCGR2B	5		0.996
OncotreeLineage	Skin	USE_27795	5	0.2656068064425736	0.05406360298132074	ARHGAP31	27		1.146
OncotreeLineage	Skin	USE_19518	6	0.26662912625999013	0.05406360298132074	GPR42	16		0.869
OncotreeLineage	Skin	USE_40240	7	0.26951603023547316	0.05406360298132074	ZFAT	304		1.226
OncotreeLineage	Skin	USE_3889	8	0.27574276198294756	0.05406360298132074	DUSP10	273		1.203
OncotreeLineage	Skin	USE_24368	9	0.28010111238892726	0.05428653998041963	TOP1	114		1.369
OncotreeLineage	Skin	USE_34265	10	0.2802584454004834	0.05428653998041963	KHDRBS2	360		0.988
OncotreeLineage	Skin	USE_7727	11	0.28154535440410944	0.05428653998041963	TYR	63		0.943
OncotreeLineage	Skin	USE_10207	12	0.2817149847785663	0.05428653998041963	GAS2L3	87		1.004
OncotreeLineage	Skin	USE_13799	13	0.2820071532681615	0.05428653998041963	WDR72	420		1.1
OncotreeLineage	Skin	USE_31457	14	0.28428443628568445	0.05428653998041963	ACTBL2	86		1.1
OncotreeLineage	Skin	USE_1383	15	0.28593448876463995	0.05428653998041963	ATG4C	51		1.04
OncotreeLineage	Soft Tissue	USE_14857	1	0.32481891346583835	0.056673772667462714	RBFOX1	875		0.965
OncotreeLineage	Soft Tissue	USE_19442	2	0.329075040480809	0.056921251849768116	TSHZ3	5		1.153
OncotreeLineage	Soft Tissue	USE_12540	3	0.33880511443735717	0.056921251849768116	TMEM30B	81		1.032
OncotreeLineage	Soft Tissue	USE_5293	4	0.34156142944924983	0.056921251849768116	LRRTM3	104		0.819
OncotreeLineage	Soft Tissue	USE_11336	5	0.3497233499312268	0.057338520065554295	PCDH8	81		0.86
OncotreeLineage	Soft Tissue	USE_8292	6	0.35020206021283173	0.057338520065554295	PKNOX2	35		1.027
OncotreeLineage	Soft Tissue	USE_1943	7	0.35362744721067774	0.05763334980702859	GPR61	13		1.243
OncotreeLineage	Soft Tissue	USE_27451	8	0.36087174287178153	0.05763334980702859	ROBO1	436		1.02
OncotreeLineage	Soft Tissue	USE_6642	9	0.36169632683095454	0.05763334980702859	OTOG	54		1.109
OncotreeLineage	Soft Tissue	USE_5287	10	0.36213150482680956	0.05763334980702859	CTNNA3	1520		0.819
OncotreeLineage	Soft Tissue	USE_42676	11	0.3634893728342159	0.05763334980702859	NRK	12		0.638
OncotreeLineage	Soft Tissue	USE_8553	12	0.36929756876395226	0.05763334980702859	TEAD4	33		1.061
OncotreeLineage	Soft Tissue	USE_5288	13	0.37169302163006535	0.05763334980702859	CTNNA3	1496		0.819
OncotreeLineage	Soft Tissue	USE_14275	14	0.37661505615802615	0.05790814679965952	TBC1D2B	6		0.97
OncotreeLineage	Soft Tissue	USE_17037	15	0.3783994039686579	0.05790814679965952	NGFR	66		1.347
OncotreeLineage	Testis	USE_32492	1	0.17203275575002075	0.05406360298132074	SCGB3A2	4		1.054
OncotreeLineage	Testis	USE_39006	2	0.18213537972839275	0.05406360298132074	PRDM14	9		0.959
OncotreeLineage	Testis	USE_37092	3	0.1937914708492825	0.05406360298132074	IFT22	21		0.974
OncotreeLineage	Testis	USE_42812	4	0.19509250619267893	0.05415597794165991	ZIC3	2		0.873
OncotreeLineage	Testis	USE_30963	5	0.21111125409147208	0.054663315309987366	ATPSCKMT	134		1.065
OncotreeLineage	Testis	USE_1369	6	0.22494731938148416	0.05687671100429721	L1TD1	7		1.592
OncotreeLineage	Testis	USE_4126	7	0.22825160128772143	0.056921251849768116	DISC1	285		1.365
OncotreeLineage	Testis	USE_42667	8	0.23028264599409326	0.056921251849768116	TMEM31	29		1.143
OncotreeLineage	Testis	USE_16619	9	0.2354491271084455	0.056921251849768116	RHBDL3	8		0.846
OncotreeLineage	Testis	USE_13342	10	0.23914539764033643	0.057338520065554295	GOLGA6L6	195		1.112
OncotreeLineage	Testis	USE_2301	11	0.2397735909785306	0.057338520065554295	FAM72C	140		1.266
OncotreeLineage	Testis	USE_22686	12	0.2400111373839291	0.05737528646131058	CHN1	23		1.308
OncotreeLineage	Testis	USE_13338	13	0.2400290441740302	0.05737528646131058	GOLGA6L6	432		1.112
OncotreeLineage	Testis	USE_37657	14	0.2405042502987238	0.057397699812823305	AKR1D1	109		0.972
OncotreeLineage	Testis	USE_13822	15	0.24099470776938076	0.05759270382603032	PRTG	15		1.093
OncotreeLineage	Uterus	USE_6765	1	0.2370915027912937	0.0572262760396527	EIF3M	67		0.912
OncotreeLineage	Uterus	USE_11408	2	0.24919195076930994	0.05763334980702859	MZT1	152		0.775
OncotreeLineage	Uterus	USE_11406	3	0.25940495961260635	0.05790814679965952	MZT1	206		0.775
OncotreeLineage	Uterus	USE_33677	4	0.2796914578408357	0.06296800678961809	OR2B6	48		0.633
OncotreeLineage	Uterus	USE_11409	5	0.29188087335850366	0.06794919401464046	MZT1	68		0.775
OncotreeLineage	Uterus	USE_28647	6	0.3121271693658435	0.07849927904318546	KCNMB2	376		1.257
OncotreeLineage	Uterus	USE_35197	7	0.3289913658450492	0.09132785055331676	CNKSR3	100		0.759
OncotreeLineage	Uterus	USE_30130	8	0.3369894486436501	0.09901028852211928	DKK2	77		0.79
OncotreeLineage	Uterus	USE_28640	9	0.3402693560688542	0.1023194220777518	KCNMB2	565		1.257
OncotreeLineage	Uterus	USE_33588	10	0.3436337841901559	0.10579991451427014	KAAG1	22		0.53
OncotreeLineage	Uterus	USE_11404	11	0.3465255558555661	0.10877108180443178	MZT1	288		0.775
OncotreeLineage	Uterus	USE_33586	12	0.34662411796868076	0.10886458776032001	KAAG1	33		0.621
OncotreeLineage	Uterus	USE_11407	13	0.3471247128456564	0.10946465870475809	MZT1	173		0.775
OncotreeLineage	Uterus	USE_5230	14	0.3491246416531602	0.11190722866441027	CABCOCO1	103		0.932
OncotreeLineage	Uterus	USE_28638	15	0.35047932086656464	0.1135212616504404	KCNMB2	591		1.257
