level	group	se	rank	jsd	fdr	nearest_gene	dist_kb	identity
OncotreeSubtype	Acute Myeloid Leukemia	USE_2743	1	0.021137523287165484	0.002047892729736449	TXLNB	37	
OncotreeSubtype	Acute Myeloid Leukemia	USE_1	2	0.03237175581144464	0.002763734141565765	OR4F16	47	
OncotreeSubtype	Acute Myeloid Leukemia	USE_362	3	0.035531541546040615	0.002930858946334832	ZC3H11B	149	
OncotreeSubtype	Acute Myeloid Leukemia	USE_3095	4	0.035708088528950396	0.002930858946334832	EFR3A	137	
OncotreeSubtype	Acute Myeloid Leukemia	USE_878	5	0.03597923699777268	0.002939470456379833	DUSP6	218	
OncotreeSubtype	Acute Myeloid Leukemia	USE_2434	6	0.039714852150651195	0.003209705516652199	TLR2	38	
OncotreeSubtype	Acute Myeloid Leukemia	USE_786	7	0.03984197263216778	0.003209705516652199	IPO8	209	
OncotreeSubtype	Acute Myeloid Leukemia	USE_1876	8	0.04144121486760191	0.0033236082397780386	RND3	182	
OncotreeSubtype	Acute Myeloid Leukemia	USE_170	9	0.04343358991402763	0.0035065108851190826	DYNLT5	23	
OncotreeSubtype	Acute Myeloid Leukemia	USE_2567	10	0.04914371602382861	0.0039968883625082505	COL23A1	86	
OncotreeSubtype	Acute Myeloid Leukemia	USE_1808	11	0.04935759082228079	0.004010837666490498	VRK2	596	
OncotreeSubtype	Acute Myeloid Leukemia	USE_3302	12	0.050297208794263665	0.004129064644073725	CDY1	31133	
OncotreeSubtype	Acute Myeloid Leukemia	USE_1314	13	0.05120373165223389	0.004228664289686729	PIK3R5	3	
OncotreeSubtype	Acute Myeloid Leukemia	USE_2153	14	0.05450668292962384	0.004546935008138391	COL6A2	60	
OncotreeSubtype	Acute Myeloid Leukemia	USE_950	15	0.055497582872141904	0.004626615042300627	RUBCNL	57	
OncotreeSubtype	Chronic Myeloid Leukemia, BCR-ABL1+	USE_525	1	0.04112444046815718	0.00027564414032248445	PPP2R2D	12	
OncotreeSubtype	Chronic Myeloid Leukemia, BCR-ABL1+	USE_1058	2	0.04284355667327769	0.0002896491615039648	PPP2R5C	132	
OncotreeSubtype	Chronic Myeloid Leukemia, BCR-ABL1+	USE_3132	3	0.04436030770779778	0.0003049933721613886	WASHC1	8	
OncotreeSubtype	Chronic Myeloid Leukemia, BCR-ABL1+	USE_3088	4	0.04996436135055725	0.00038323293283044554	GSDMC	188	
OncotreeSubtype	Chronic Myeloid Leukemia, BCR-ABL1+	USE_1781	5	0.05024150465472157	0.00038430099941177606	MFSD2B	25	
OncotreeSubtype	Chronic Myeloid Leukemia, BCR-ABL1+	USE_3280	6	0.05736006664670245	0.0005185044532212945	MAGIX	17	
OncotreeSubtype	Chronic Myeloid Leukemia, BCR-ABL1+	USE_455	7	0.057872366464202345	0.000525964911450693	HK1	19	
OncotreeSubtype	Chronic Myeloid Leukemia, BCR-ABL1+	USE_2390	8	0.05842411848639619	0.0005312717532232652	WDR1	82	
OncotreeSubtype	Chronic Myeloid Leukemia, BCR-ABL1+	USE_708	9	0.0585012882275845	0.0005312717532232652	JRKL	1515	
OncotreeSubtype	Chronic Myeloid Leukemia, BCR-ABL1+	USE_2221	10	0.06153990365887438	0.0005846789697743584	EDEM1	225	
OncotreeSubtype	Chronic Myeloid Leukemia, BCR-ABL1+	USE_2598	11	0.06328506532764507	0.0006173960235977424	HIVEP1	151	
OncotreeSubtype	Chronic Myeloid Leukemia, BCR-ABL1+	USE_734	12	0.06651520474770359	0.0007116948069426047	IQSEC3	84	
OncotreeSubtype	Chronic Myeloid Leukemia, BCR-ABL1+	USE_3292	13	0.06751056785328413	0.0007203648504403885	TEX13C	79	
OncotreeSubtype	Chronic Myeloid Leukemia, BCR-ABL1+	USE_1153	14	0.06753470269830963	0.0007203648504403885	OR4F4	32	
OncotreeSubtype	Chronic Myeloid Leukemia, BCR-ABL1+	USE_448	15	0.06850596968832386	0.0007407671363813993	ARHGAP22	81	
OncotreeSubtype	Colon Adenocarcinoma	USE_438	1	0.06852536456569339	0.001231241948430597	MPP7	54	
OncotreeSubtype	Colon Adenocarcinoma	USE_1932	2	0.0688739310654044	0.0012360860695403992	IRS1	574	
OncotreeSubtype	Colon Adenocarcinoma	USE_2302	3	0.07110682400038047	0.001321638803569608	ZBTB20	83	
OncotreeSubtype	Colon Adenocarcinoma	USE_2436	4	0.07803965033256938	0.001739509835973274	ANXA10	66	
OncotreeSubtype	Colon Adenocarcinoma	USE_2393	5	0.08110671416053317	0.001944520251624355	HS3ST1	287	
OncotreeSubtype	Colon Adenocarcinoma	USE_1507	6	0.08170800879509742	0.0019731534943998605	AATK	5	
OncotreeSubtype	Colon Adenocarcinoma	USE_3071	7	0.08426994298328214	0.002185204179750654	POU5F1B	114	
OncotreeSubtype	Colon Adenocarcinoma	USE_2510	8	0.08550555085153083	0.0022643818188222485	AP3S1	51	
OncotreeSubtype	Colon Adenocarcinoma	USE_576	9	0.08577359594515283	0.0022763844908696984	KIF18A	129	
OncotreeSubtype	Colon Adenocarcinoma	USE_3064	10	0.08666272275354439	0.0023398343485486884	TRIB1	248	
OncotreeSubtype	Colon Adenocarcinoma	USE_2747	11	0.0875441356686738	0.0024302492304639936	UTRN	328	
OncotreeSubtype	Colon Adenocarcinoma	USE_2399	12	0.09095370750428686	0.002763734141565765	PCDH7	130	
OncotreeSubtype	Colon Adenocarcinoma	USE_2907	13	0.09259081547271007	0.002874800210108035	KLF14	117	
OncotreeSubtype	Colon Adenocarcinoma	USE_877	14	0.09261857574416718	0.002874800210108035	DUSP6	402	
OncotreeSubtype	Colon Adenocarcinoma	USE_2392	15	0.09356580561244987	0.002930858946334832	HS3ST1	134	
OncotreeSubtype	High-Grade Serous Ovarian Cancer	USE_569	1	0.038472781111880065	8.037428187251968e-06	SPON1	151	
OncotreeSubtype	High-Grade Serous Ovarian Cancer	USE_514	2	0.04183954185614337	8.037428187251968e-06	EMX2	1	
OncotreeSubtype	High-Grade Serous Ovarian Cancer	USE_2552	3	0.06188331345664688	1.046105287804136e-05	FGF18	16	
OncotreeSubtype	High-Grade Serous Ovarian Cancer	USE_684	4	0.0674060123328093	1.2666245865156105e-05	P2RY6	26	
OncotreeSubtype	High-Grade Serous Ovarian Cancer	USE_1546	5	0.07005901055640647	1.3746133718445256e-05	KLHL14	48	
OncotreeSubtype	High-Grade Serous Ovarian Cancer	USE_2087	6	0.07924900443974364	2.4426417650683392e-05	SPO11	51	
OncotreeSubtype	High-Grade Serous Ovarian Cancer	USE_54	7	0.08029871376581069	2.5218069469320004e-05	TMEM51	156	
OncotreeSubtype	High-Grade Serous Ovarian Cancer	USE_2970	8	0.08194229683115165	2.7177473660482155e-05	SOX17	6	SOX17
OncotreeSubtype	High-Grade Serous Ovarian Cancer	USE_693	9	0.08803600551012153	3.871363022206485e-05	EMSY	78	
OncotreeSubtype	High-Grade Serous Ovarian Cancer	USE_473	10	0.08845003391199957	3.911065129205642e-05	LRMDA	148	
OncotreeSubtype	High-Grade Serous Ovarian Cancer	USE_2978	11	0.10133231452947508	8.605178869801607e-05	SULF1	492	
OncotreeSubtype	High-Grade Serous Ovarian Cancer	USE_174	12	0.10231563479019018	8.901899570095977e-05	WLS	131	
OncotreeSubtype	High-Grade Serous Ovarian Cancer	USE_948	13	0.10257356204519406	8.911845223347216e-05	SIAH3	57	
OncotreeSubtype	High-Grade Serous Ovarian Cancer	USE_2463	14	0.1028046512823255	8.911845223347216e-05	CDH6	190	
OncotreeSubtype	High-Grade Serous Ovarian Cancer	USE_2770	15	0.10655748453064029	0.00011064679458343148	AGPAT4	282	
OncotreeSubtype	Invasive Breast Carcinoma	USE_3286	1	0.06914433430782077	0.011357527661790604	PLS3	126	
OncotreeSubtype	Invasive Breast Carcinoma	USE_2754	2	0.09317424098471042	0.01967696149391094	CCDC170	75	ESR1
OncotreeSubtype	Invasive Breast Carcinoma	USE_2755	3	0.09582247154873066	0.020770094718576958	CCDC170	109	ESR1
OncotreeSubtype	Invasive Breast Carcinoma	USE_1547	4	0.09716922652710461	0.021291187383367063	SLC39A6	20	
OncotreeSubtype	Invasive Breast Carcinoma	USE_1775	5	0.09813533282554768	0.02166356187814948	GREB1	26	
OncotreeSubtype	Invasive Breast Carcinoma	USE_417	6	0.09901826786971846	0.022075609300521437	GATA3	1123	
OncotreeSubtype	Invasive Breast Carcinoma	USE_1149	7	0.1025825799143883	0.02360269765470301	NR2F2	437	
OncotreeSubtype	Invasive Breast Carcinoma	USE_2511	8	0.10715257911630217	0.026260422132318845	DTWD2	896	
OncotreeSubtype	Invasive Breast Carcinoma	USE_3171	9	0.11291186154073536	0.029917729070441077	FBP1	13	
OncotreeSubtype	Invasive Breast Carcinoma	USE_1914	10	0.11551721506805543	0.03161504236510541	TNS1	237	
OncotreeSubtype	Invasive Breast Carcinoma	USE_756	11	0.11686841869953521	0.03248921633546268	RERG	9	
OncotreeSubtype	Invasive Breast Carcinoma	USE_3288	12	0.11704692661281633	0.03260234960528261	PLS3	280	
OncotreeSubtype	Invasive Breast Carcinoma	USE_2514	13	0.11802350619755109	0.03319895003448344	ISOC1	25	
OncotreeSubtype	Invasive Breast Carcinoma	USE_2022	14	0.12054430364270563	0.0351719292244189	ZMYND8	108	
OncotreeSubtype	Invasive Breast Carcinoma	USE_556	15	0.12512908165184544	0.038628708365976434	SCUBE2	22	
OncotreeSubtype	T-Cell Acute Lymphoblastic Leukemia	USE_2911	1	0.02134707075983759	8.037428187251968e-06	EXOC4	172	
OncotreeSubtype	T-Cell Acute Lymphoblastic Leukemia	USE_2918	2	0.02280608541951754	8.037428187251968e-06	PRSS2	34	
OncotreeSubtype	T-Cell Acute Lymphoblastic Leukemia	USE_2093	3	0.025527854067682362	8.037428187251968e-06	CDH4	95	
OncotreeSubtype	T-Cell Acute Lymphoblastic Leukemia	USE_3138	4	0.025598184248227695	8.037428187251968e-06	DMAC1	133	
OncotreeSubtype	T-Cell Acute Lymphoblastic Leukemia	USE_2155	5	0.026904497610634057	8.037428187251968e-06	PCNT	39	
OncotreeSubtype	T-Cell Acute Lymphoblastic Leukemia	USE_3242	6	0.026940789798049265	8.037428187251968e-06	SARDH	0	
OncotreeSubtype	T-Cell Acute Lymphoblastic Leukemia	USE_1865	7	0.02746105830826074	8.037428187251968e-06	MYO7B	25	
OncotreeSubtype	T-Cell Acute Lymphoblastic Leukemia	USE_3160	8	0.02769544434908981	8.037428187251968e-06	RORB	349	
OncotreeSubtype	T-Cell Acute Lymphoblastic Leukemia	USE_2858	9	0.027732904017546717	8.037428187251968e-06	PVRIG	0	
OncotreeSubtype	T-Cell Acute Lymphoblastic Leukemia	USE_2733	10	0.028579181039728865	8.037428187251968e-06	THEMIS	138	
OncotreeSubtype	T-Cell Acute Lymphoblastic Leukemia	USE_196	11	0.03242120896760123	8.11619782720393e-06	S1PR1	70	
OncotreeSubtype	T-Cell Acute Lymphoblastic Leukemia	USE_1290	12	0.033220860268686564	8.11619782720393e-06	RFLNB	25	
OncotreeSubtype	T-Cell Acute Lymphoblastic Leukemia	USE_2871	13	0.03418028484169802	8.11619782720393e-06	MYL10	119	
OncotreeSubtype	T-Cell Acute Lymphoblastic Leukemia	USE_25	14	0.03429254804815944	8.11619782720393e-06	NPHP4	48	
OncotreeSubtype	T-Cell Acute Lymphoblastic Leukemia	USE_3241	15	0.03449286230667169	8.11619782720393e-06	SARDH	21	
