srx	layout	fastq	mode	tier	cvcl	cell_line	reads	runs	bases
SRX24550052	PAIRED	ftp.sra.ebi.ac.uk/vol1/fastq/SRR290/086/SRR29024586/SRR29024586_1.fastq.gz;ftp.sra.ebi.ac.uk/vol1/fastq/SRR290/086/SRR29024586/SRR29024586_2.fastq.gz;ftp.sra.ebi.ac.uk/vol1/fastq/SRR290/085/SRR29024585/SRR29024585_1.fastq.gz;ftp.sra.ebi.ac.uk/vol1/fastq/SRR290/085/SRR29024585/SRR29024585_2.fastq.gz	run	A	CVCL_2690	PEO4	154711698.0	SRR29024585;SRR29024586	15780593196
SRX11094530	PAIRED	ftp.sra.ebi.ac.uk/vol1/fastq/SRR147/025/SRR14761025/SRR14761025_1.fastq.gz;ftp.sra.ebi.ac.uk/vol1/fastq/SRR147/025/SRR14761025/SRR14761025_2.fastq.gz	run	A	CVCL_1215	EW-24	144431996.0	SRR14761025	14569036764
SRX32258779	PAIRED		run	A	CVCL_8718	HS-Sch-2	111130426.0	SRR37344693	11202766946
SRX25833355	SINGLE	ftp.sra.ebi.ac.uk/vol1/fastq/SRR304/044/SRR30407244/SRR30407244.fastq.gz	run	A	CVCL_0219	COLO 320DM	92453329.0	SRR30407244	4715119779
SRX15236046	SINGLE	ftp.sra.ebi.ac.uk/vol1/fastq/SRR191/062/SRR19170462/SRR19170462.fastq.gz	run	A	CVCL_4042	UACC-3199	83641078.0	SRR19170462	6273080850
SRX29630051	PAIRED	ftp.sra.ebi.ac.uk/vol1/fastq/SRR344/092/SRR34486092/SRR34486092_1.fastq.gz;ftp.sra.ebi.ac.uk/vol1/fastq/SRR344/092/SRR34486092/SRR34486092_2.fastq.gz	run	B	CVCL_1430	MSTO-211H	83050857.0	SRR34486092	24915257100
SRX32258775	PAIRED		run	A	CVCL_8718	HS-Sch-2	75336962.0	SRR37344698	7596290054
SRX32258781	PAIRED		run	A	CVCL_1Y70	S462	72826915.0	SRR37344690	7342684842
SRX32258777	PAIRED		run	A	CVCL_1Y70	S462	72048923.0	SRR37344699	7263919697
SRX29630029	PAIRED	ftp.sra.ebi.ac.uk/vol1/fastq/SRR344/014/SRR34486114/SRR34486114_1.fastq.gz;ftp.sra.ebi.ac.uk/vol1/fastq/SRR344/014/SRR34486114/SRR34486114_2.fastq.gz	run	B	CVCL_1430	MSTO-211H	71118781.0	SRR34486114	21335634300
SRX32258776	PAIRED		run	A	CVCL_8917	STS26T	70073845.0	SRR37344695	7063149771
SRX20118987	PAIRED	ftp.sra.ebi.ac.uk/vol1/fastq/SRR243/034/SRR24324634/SRR24324634_1.fastq.gz;ftp.sra.ebi.ac.uk/vol1/fastq/SRR243/034/SRR24324634/SRR24324634_2.fastq.gz	run	A	CVCL_ZC60	R1-AD1	69735612.0	SRR24324634	21060154824
SRX34536104	PAIRED		run	A	CVCL_1629	OVCAR-8	68377759.0	SRR39864127;SRR39864140	6974531418
SRX32258778	PAIRED		run	A	CVCL_1B47	90-8TL	68328347.0	SRR37344694	6889873279
SRX29630028	PAIRED	ftp.sra.ebi.ac.uk/vol1/fastq/SRR344/015/SRR34486115/SRR34486115_1.fastq.gz;ftp.sra.ebi.ac.uk/vol1/fastq/SRR344/015/SRR34486115/SRR34486115_2.fastq.gz	run	B	CVCL_1430	MSTO-211H	68298697.0	SRR34486115	20489609100
SRX20118988	PAIRED	ftp.sra.ebi.ac.uk/vol1/fastq/SRR243/033/SRR24324633/SRR24324633_1.fastq.gz;ftp.sra.ebi.ac.uk/vol1/fastq/SRR243/033/SRR24324633/SRR24324633_2.fastq.gz	run	A	CVCL_ZC60	R1-AD1	68120457.0	SRR24324633	20572378014
SRX15949751	SINGLE	ftp.sra.ebi.ac.uk/vol1/fastq/SRR199/068/SRR19906968/SRR19906968.fastq.gz	run	B	CVCL_0179	BT-474	67018505.0	SRR19906968	3350925250
SRX33309223	PAIRED	ftp.sra.ebi.ac.uk/vol1/fastq/SRR384/094/SRR38494094/SRR38494094_1.fastq.gz;ftp.sra.ebi.ac.uk/vol1/fastq/SRR384/094/SRR38494094/SRR38494094_2.fastq.gz	run	A	CVCL_6832	HCCLM3	65209204.0	SRR38494094	19562761200
SRX28639570	PAIRED	ftp.sra.ebi.ac.uk/vol1/fastq/SRR333/047/SRR33396947/SRR33396947_1.fastq.gz;ftp.sra.ebi.ac.uk/vol1/fastq/SRR333/047/SRR33396947/SRR33396947_2.fastq.gz	run	B	CVCL_0234	Caki-1	64909319.0	SRR33396947	19472795700
SRX10653002	PAIRED	ftp.sra.ebi.ac.uk/vol1/fastq/SRR142/036/SRR14295136/SRR14295136_1.fastq.gz;ftp.sra.ebi.ac.uk/vol1/fastq/SRR142/036/SRR14295136/SRR14295136_2.fastq.gz	run	B	CVCL_1324	KARPAS-299	64189966.0	SRR14295136	18842726520
SRX32258782	PAIRED		run	A	CVCL_1B47	90-8TL	63753953.0	SRR37344692	6427597987
SRX32258780	PAIRED		run	A	CVCL_8917	STS26T	63173273.0	SRR37344691	6370496930
SRX25912991	PAIRED	ftp.sra.ebi.ac.uk/vol1/fastq/SRR304/015/SRR30488315/SRR30488315_1.fastq.gz;ftp.sra.ebi.ac.uk/vol1/fastq/SRR304/015/SRR30488315/SRR30488315_2.fastq.gz	run	B	CVCL_0395	LNCAP	62556322.0	SRR30488315	7506758640
SRX10653007	PAIRED	ftp.sra.ebi.ac.uk/vol1/fastq/SRR142/041/SRR14295141/SRR14295141_1.fastq.gz;ftp.sra.ebi.ac.uk/vol1/fastq/SRR142/041/SRR14295141/SRR14295141_2.fastq.gz	run	A	CVCL_RL84	SMZ-1	62016507.0	SRR14295141	18132550216
SRX30173695	PAIRED		run	A	CVCL_C8FR	OS052	60736733.0	SRR35059554;SRR35059555	9110509950
SRX17042658	PAIRED	ftp.sra.ebi.ac.uk/vol1/fastq/SRR210/026/SRR21026526/SRR21026526_1.fastq.gz;ftp.sra.ebi.ac.uk/vol1/fastq/SRR210/026/SRR21026526/SRR21026526_2.fastq.gz	run	A	CVCL_IT39	SU-DIPG-IV	60725823.0	SRR21026526	18339198546
SRX19738131	PAIRED	ftp.sra.ebi.ac.uk/vol1/fastq/SRR239/034/SRR23927934/SRR23927934_1.fastq.gz;ftp.sra.ebi.ac.uk/vol1/fastq/SRR239/034/SRR23927934/SRR23927934_2.fastq.gz	run	A	CVCL_IT39	SU-DIPG-IV	60725823.0	SRR23927934	18339198546
SRX33309222	PAIRED	ftp.sra.ebi.ac.uk/vol1/fastq/SRR384/095/SRR38494095/SRR38494095_1.fastq.gz;ftp.sra.ebi.ac.uk/vol1/fastq/SRR384/095/SRR38494095/SRR38494095_2.fastq.gz	run	A	CVCL_6832	HCCLM3	59973874.0	SRR38494095	17992162200
SRX20188906	PAIRED	ftp.sra.ebi.ac.uk/vol1/fastq/SRR243/004/SRR24394004/SRR24394004_1.fastq.gz;ftp.sra.ebi.ac.uk/vol1/fastq/SRR243/004/SRR24394004/SRR24394004_2.fastq.gz	run	B	CVCL_1115	CAMA-1	59325561.0	SRR24394004	17797668300
SRX30647467	SINGLE		run	A	CVCL_1456	NCI-H1155	59272377.0	SRR35574653	4504700652
SRX20292749	SINGLE	ftp.sra.ebi.ac.uk/vol1/fastq/SRR245/042/SRR24508242/SRR24508242.fastq.gz	run	A	CVCL_1135	COLO-800	58952462.0	SRR24508242	2947623100
SRX10652985	PAIRED	ftp.sra.ebi.ac.uk/vol1/fastq/SRR142/019/SRR14295119/SRR14295119_1.fastq.gz;ftp.sra.ebi.ac.uk/vol1/fastq/SRR142/019/SRR14295119/SRR14295119_2.fastq.gz	run	B	CVCL_0538	SU-DHL-1	56774699.0	SRR14295119	16492680019
SRX26709348	SINGLE	ftp.sra.ebi.ac.uk/vol1/fastq/SRR313/095/SRR31331995/SRR31331995.fastq.gz	run	B	CVCL_1576	NCI-H660	55941202.0	SRR31331995	6712944240
SRX15556420	SINGLE	ftp.sra.ebi.ac.uk/vol1/fastq/SRR195/004/SRR19503704/SRR19503704.fastq.gz	run	A	CVCL_0458	NCI-H295R	55467217.0	SRR19503704	4160041275
SRX26535969	PAIRED		run	A	CVCL_1629	OVCAR-8	55251154.0	SRR31152299	16575346200
SRX27114351	PAIRED	ftp.sra.ebi.ac.uk/vol1/fastq/SRR317/075/SRR31752475/SRR31752475_1.fastq.gz;ftp.sra.ebi.ac.uk/vol1/fastq/SRR317/075/SRR31752475/SRR31752475_2.fastq.gz	run	A	CVCL_1433	MUTZ-3	54124871.0	SRR31752475	8226980392
SRX29630052	PAIRED	ftp.sra.ebi.ac.uk/vol1/fastq/SRR344/091/SRR34486091/SRR34486091_1.fastq.gz;ftp.sra.ebi.ac.uk/vol1/fastq/SRR344/091/SRR34486091/SRR34486091_2.fastq.gz	run	B	CVCL_1430	MSTO-211H	52986994.0	SRR34486091	15896098200
SRX25913038	PAIRED	ftp.sra.ebi.ac.uk/vol1/fastq/SRR304/067/SRR30488267/SRR30488267_1.fastq.gz;ftp.sra.ebi.ac.uk/vol1/fastq/SRR304/067/SRR30488267/SRR30488267_2.fastq.gz	run	B	CVCL_0395	LNCAP	52831838.0	SRR30488267	6339820560
SRX30320311	PAIRED	ftp.sra.ebi.ac.uk/vol1/fastq/SRR352/094/SRR35216494/SRR35216494_1.fastq.gz;ftp.sra.ebi.ac.uk/vol1/fastq/SRR352/094/SRR35216494/SRR35216494_2.fastq.gz	run	A	CVCL_1384	LS-174T	52494160.0	SRR35216494	15748248000
SRX17042657	PAIRED	ftp.sra.ebi.ac.uk/vol1/fastq/SRR210/027/SRR21026527/SRR21026527_1.fastq.gz;ftp.sra.ebi.ac.uk/vol1/fastq/SRR210/027/SRR21026527/SRR21026527_2.fastq.gz	run	A	CVCL_IT39	SU-DIPG-IV	51840647.0	SRR21026527	15655875394
SRX33093564	PAIRED	ftp.sra.ebi.ac.uk/vol1/fastq/SRR382/020/SRR38256720/SRR38256720_1.fastq.gz;ftp.sra.ebi.ac.uk/vol1/fastq/SRR382/020/SRR38256720/SRR38256720_2.fastq.gz	run	A	CVCL_3143	QGP-1	51622301.0	SRR38256720	15486690300
SRX33093563	PAIRED	ftp.sra.ebi.ac.uk/vol1/fastq/SRR382/021/SRR38256721/SRR38256721_1.fastq.gz;ftp.sra.ebi.ac.uk/vol1/fastq/SRR382/021/SRR38256721/SRR38256721_2.fastq.gz	run	A	CVCL_3143	QGP-1	50584488.0	SRR38256721	15175346400
SRX22643556	PAIRED	ftp.sra.ebi.ac.uk/vol1/fastq/SRR269/090/SRR26949790/SRR26949790_1.fastq.gz;ftp.sra.ebi.ac.uk/vol1/fastq/SRR269/090/SRR26949790/SRR26949790_2.fastq.gz	run	A	CVCL_5008	SNU-1079	49800378.0	SRR26949790	7569657456
SRX23562565	PAIRED	ftp.sra.ebi.ac.uk/vol1/fastq/SRR279/006/SRR27902506/SRR27902506_1.fastq.gz;ftp.sra.ebi.ac.uk/vol1/fastq/SRR279/006/SRR27902506/SRR27902506_2.fastq.gz	run	A	CVCL_XK00	M397	49295982.0	SRR27902506	9957788364
SRX24406255	SINGLE	ftp.sra.ebi.ac.uk/vol1/fastq/SRR288/099/SRR28844499/SRR28844499.fastq.gz	run	A	CVCL_7146	SYO1	49098363.0	SRR28844499	3682377225
SRX25913018	PAIRED	ftp.sra.ebi.ac.uk/vol1/fastq/SRR304/088/SRR30488288/SRR30488288_1.fastq.gz;ftp.sra.ebi.ac.uk/vol1/fastq/SRR304/088/SRR30488288/SRR30488288_2.fastq.gz	run	B	CVCL_0395	LNCAP	48031553.0	SRR30488288	5763786360
SRX27240990	PAIRED	ftp.sra.ebi.ac.uk/vol1/fastq/SRR318/087/SRR31882487/SRR31882487_1.fastq.gz;ftp.sra.ebi.ac.uk/vol1/fastq/SRR318/087/SRR31882487/SRR31882487_2.fastq.gz	run	A	CVCL_1433	MUTZ-3	47635109.0	SRR31882487	9622292018
SRX27410581	PAIRED	ftp.sra.ebi.ac.uk/vol1/fastq/SRR320/054/SRR32061754/SRR32061754_1.fastq.gz;ftp.sra.ebi.ac.uk/vol1/fastq/SRR320/054/SRR32061754/SRR32061754_2.fastq.gz	run	B	CVCL_1735	SU-DHL-5	47538956.0	SRR32061754	14261686800
SRX27240988	PAIRED	ftp.sra.ebi.ac.uk/vol1/fastq/SRR318/089/SRR31882489/SRR31882489_1.fastq.gz;ftp.sra.ebi.ac.uk/vol1/fastq/SRR318/089/SRR31882489/SRR31882489_2.fastq.gz	run	A	CVCL_1433	MUTZ-3	46778339.0	SRR31882489	9449224478
SRX15949749	SINGLE	ftp.sra.ebi.ac.uk/vol1/fastq/SRR199/070/SRR19906970/SRR19906970.fastq.gz	run	A	CVCL_2319	BT-483	46744915.0	SRR19906970	2383990665
SRX26997398	PAIRED	ftp.sra.ebi.ac.uk/vol1/fastq/SRR316/092/SRR31633492/SRR31633492_1.fastq.gz;ftp.sra.ebi.ac.uk/vol1/fastq/SRR316/092/SRR31633492/SRR31633492_2.fastq.gz	run	B	CVCL_0395	LNCAP	45247454.0	SRR31633492	5429694480
SRX25275879	PAIRED	ftp.sra.ebi.ac.uk/vol1/fastq/SRR297/022/SRR29775922/SRR29775922_1.fastq.gz;ftp.sra.ebi.ac.uk/vol1/fastq/SRR297/022/SRR29775922/SRR29775922_2.fastq.gz	run	A	CVCL_1469	NCI-H1417	41743184.0	SRR29775922	5009182080
SRX25759851	SINGLE	ftp.sra.ebi.ac.uk/vol1/fastq/SRR302/085/SRR30299385/SRR30299385.fastq.gz	run	A	CVCL_0028	AN3 CA	41402242.0	SRR30299385	4140224200
SRX31110524	SINGLE	ftp.sra.ebi.ac.uk/vol1/fastq/SRR360/042/SRR36063842/SRR36063842.fastq.gz	run	A	CVCL_1577	NCI-H661	40250168.0	SRR36063842	4025016800
SRX24585404	SINGLE	ftp.sra.ebi.ac.uk/vol1/fastq/SRR290/021/SRR29060721/SRR29060721.fastq.gz	run	B	CVCL_1067	ACHN	40097457.0	SRR29060721	3931063891
SRX28249429	PAIRED	ftp.sra.ebi.ac.uk/vol1/fastq/SRR329/087/SRR32982587/SRR32982587_1.fastq.gz;ftp.sra.ebi.ac.uk/vol1/fastq/SRR329/087/SRR32982587/SRR32982587_2.fastq.gz	run	B	CVCL_1697	SJSA-1	39556689.0	SRR32982587	11867006700
SRX28238972	PAIRED	ftp.sra.ebi.ac.uk/vol1/fastq/SRR329/098/SRR32965398/SRR32965398_1.fastq.gz;ftp.sra.ebi.ac.uk/vol1/fastq/SRR329/098/SRR32965398/SRR32965398_2.fastq.gz	run	B	CVCL_1544	NCI-H226	38104938.0	SRR32965398	7620987600
SRX19935204	PAIRED	ftp.sra.ebi.ac.uk/vol1/fastq/SRR241/086/SRR24136586/SRR24136586.fastq.gz;ftp.sra.ebi.ac.uk/vol1/fastq/SRR241/086/SRR24136586/SRR24136586_1.fastq.gz;ftp.sra.ebi.ac.uk/vol1/fastq/SRR241/086/SRR24136586/SRR24136586_2.fastq.gz	run	A	CVCL_0067	NAMALWA	37985377.0	SRR24136586	7537787180
SRX20188905	PAIRED	ftp.sra.ebi.ac.uk/vol1/fastq/SRR243/007/SRR24394007/SRR24394007_1.fastq.gz;ftp.sra.ebi.ac.uk/vol1/fastq/SRR243/007/SRR24394007/SRR24394007_2.fastq.gz	run	B	CVCL_1115	CAMA-1	36430360.0	SRR24394007	10929108000
SRX25634248	PAIRED	ftp.sra.ebi.ac.uk/vol1/fastq/SRR301/048/SRR30167548/SRR30167548_1.fastq.gz;ftp.sra.ebi.ac.uk/vol1/fastq/SRR301/048/SRR30167548/SRR30167548_2.fastq.gz	run	A	CVCL_4784	C4-2B	35622435.0	SRR30167548	10686730500
SRX23839775	PAIRED	ftp.sra.ebi.ac.uk/vol1/fastq/SRR282/037/SRR28228437/SRR28228437_1.fastq.gz;ftp.sra.ebi.ac.uk/vol1/fastq/SRR282/037/SRR28228437/SRR28228437_2.fastq.gz	run	A	CVCL_0458	NCI-H295R	35308971.0	SRR28228437	2824717680
SRX24406256	SINGLE	ftp.sra.ebi.ac.uk/vol1/fastq/SRR288/098/SRR28844498/SRR28844498.fastq.gz	run	A	CVCL_7146	SYO1	34907447.0	SRR28844498	2618058525
SRX30647474	SINGLE	ftp.sra.ebi.ac.uk/vol1/fastq/SRR355/046/SRR35574646/SRR35574646.fastq.gz	run	A	CVCL_1456	NCI-H1155	34332478.0	SRR35574646	5184204178
SRX20079512	PAIRED	ftp.sra.ebi.ac.uk/vol1/fastq/SRR242/034/SRR24284034/SRR24284034_1.fastq.gz;ftp.sra.ebi.ac.uk/vol1/fastq/SRR242/034/SRR24284034/SRR24284034_2.fastq.gz	run	B	CVCL_1290	HT	33962676.0	SRR24284034	2581163376
SRX28639569	PAIRED	ftp.sra.ebi.ac.uk/vol1/fastq/SRR333/048/SRR33396948/SRR33396948_1.fastq.gz;ftp.sra.ebi.ac.uk/vol1/fastq/SRR333/048/SRR33396948/SRR33396948_2.fastq.gz	run	B	CVCL_0234	Caki-1	33918796.0	SRR33396948	10175638800
SRX28238971	PAIRED	ftp.sra.ebi.ac.uk/vol1/fastq/SRR329/099/SRR32965399/SRR32965399_1.fastq.gz;ftp.sra.ebi.ac.uk/vol1/fastq/SRR329/099/SRR32965399/SRR32965399_2.fastq.gz	run	B	CVCL_1544	NCI-H226	33709022.0	SRR32965399	6741804400
SRX19947787	PAIRED	ftp.sra.ebi.ac.uk/vol1/fastq/SRR241/045/SRR24149645/SRR24149645_1.fastq.gz;ftp.sra.ebi.ac.uk/vol1/fastq/SRR241/045/SRR24149645/SRR24149645_2.fastq.gz	run	B	CVCL_1561	NCI-H441	33670849.0	SRR24149645	2693667920
SRX28193388	PAIRED	ftp.sra.ebi.ac.uk/vol1/fastq/SRR329/092/SRR32918492/SRR32918492_1.fastq.gz;ftp.sra.ebi.ac.uk/vol1/fastq/SRR329/092/SRR32918492/SRR32918492_2.fastq.gz	run	B	CVCL_1818	GRANTA-519	33546555.0	SRR32918492	4017755761
SRX31889175	PAIRED	ftp.sra.ebi.ac.uk/vol1/fastq/SRR369/020/SRR36922820/SRR36922820_1.fastq.gz;ftp.sra.ebi.ac.uk/vol1/fastq/SRR369/020/SRR36922820/SRR36922820_2.fastq.gz	run	A	CVCL_2956	huH-1	33267693.0	SRR36922820	9980307900
SRX25968018	PAIRED	ftp.sra.ebi.ac.uk/vol1/fastq/SRR305/016/SRR30544616/SRR30544616_1.fastq.gz;ftp.sra.ebi.ac.uk/vol1/fastq/SRR305/016/SRR30544616/SRR30544616_2.fastq.gz	run	B	CVCL_0237	Capan-1	32831363.0	SRR30544616	6566272600
SRX31889174	PAIRED	ftp.sra.ebi.ac.uk/vol1/fastq/SRR369/021/SRR36922821/SRR36922821_1.fastq.gz;ftp.sra.ebi.ac.uk/vol1/fastq/SRR369/021/SRR36922821/SRR36922821_2.fastq.gz	run	A	CVCL_2956	huH-1	32774175.0	SRR36922821	9832252500
SRX25913030	PAIRED	ftp.sra.ebi.ac.uk/vol1/fastq/SRR304/075/SRR30488275/SRR30488275_1.fastq.gz;ftp.sra.ebi.ac.uk/vol1/fastq/SRR304/075/SRR30488275/SRR30488275_2.fastq.gz	run	B	CVCL_0395	LNCAP	32531988.0	SRR30488275	3903838560
SRX19947806	PAIRED	ftp.sra.ebi.ac.uk/vol1/fastq/SRR241/024/SRR24149624/SRR24149624_1.fastq.gz;ftp.sra.ebi.ac.uk/vol1/fastq/SRR241/024/SRR24149624/SRR24149624_2.fastq.gz	run	A	CVCL_1559	NCI-H358	32364341.0	SRR24149624	2589147280
SRX31889176	PAIRED	ftp.sra.ebi.ac.uk/vol1/fastq/SRR369/019/SRR36922819/SRR36922819_1.fastq.gz;ftp.sra.ebi.ac.uk/vol1/fastq/SRR369/019/SRR36922819/SRR36922819_2.fastq.gz	run	A	CVCL_2956	huH-1	32213428.0	SRR36922819	9664028400
SRX31312819	PAIRED	ftp.sra.ebi.ac.uk/vol1/fastq/SRR362/076/SRR36279376/SRR36279376_1.fastq.gz;ftp.sra.ebi.ac.uk/vol1/fastq/SRR362/076/SRR36279376/SRR36279376_2.fastq.gz	run	A	CVCL_1050	769-P	32212752.0	SRR36279376	9663825600
SRX20079510	PAIRED	ftp.sra.ebi.ac.uk/vol1/fastq/SRR242/036/SRR24284036/SRR24284036_1.fastq.gz;ftp.sra.ebi.ac.uk/vol1/fastq/SRR242/036/SRR24284036/SRR24284036_2.fastq.gz	run	B	CVCL_1168	DB	31963058.0	SRR24284036	2429192408
SRX24406254	SINGLE	ftp.sra.ebi.ac.uk/vol1/fastq/SRR288/000/SRR28844500/SRR28844500.fastq.gz	run	A	CVCL_7146	SYO1	31483549.0	SRR28844500	2361266175
SRX20079527	PAIRED	ftp.sra.ebi.ac.uk/vol1/fastq/SRR242/019/SRR24284019/SRR24284019_1.fastq.gz;ftp.sra.ebi.ac.uk/vol1/fastq/SRR242/019/SRR24284019/SRR24284019_2.fastq.gz	run	B	CVCL_1735	SU-DHL-5	30757756.0	SRR24284019	2337589456
SRX23958385	SINGLE	ftp.sra.ebi.ac.uk/vol1/fastq/SRR283/052/SRR28353052/SRR28353052.fastq.gz	run	A	CVCL_2585	MCC26	30137615.0	SRR28353052	2441146815
SRX19935550	SINGLE	ftp.sra.ebi.ac.uk/vol1/fastq/SRR241/097/SRR24136997/SRR24136997.fastq.gz	run	A	CVCL_0067	NAMALWA	30078600.0	SRR24136997	2968511161
SRX28043357	PAIRED	ftp.sra.ebi.ac.uk/vol1/fastq/SRR327/000/SRR32758300/SRR32758300_1.fastq.gz;ftp.sra.ebi.ac.uk/vol1/fastq/SRR327/000/SRR32758300/SRR32758300_2.fastq.gz	run	B	CVCL_0399	LoVo	30021327.0	SRR32758300	6004265400
SRX25968019	PAIRED	ftp.sra.ebi.ac.uk/vol1/fastq/SRR305/015/SRR30544615/SRR30544615_1.fastq.gz;ftp.sra.ebi.ac.uk/vol1/fastq/SRR305/015/SRR30544615/SRR30544615_2.fastq.gz	run	B	CVCL_0237	Capan-1	29698165.0	SRR30544615	5939633000
SRX20079532	PAIRED	ftp.sra.ebi.ac.uk/vol1/fastq/SRR242/014/SRR24284014/SRR24284014_1.fastq.gz;ftp.sra.ebi.ac.uk/vol1/fastq/SRR242/014/SRR24284014/SRR24284014_2.fastq.gz	run	B	CVCL_1902	WSU-DLCL2	29304737.0	SRR24284014	2227160012
SRX20079509	PAIRED	ftp.sra.ebi.ac.uk/vol1/fastq/SRR242/037/SRR24284037/SRR24284037_1.fastq.gz;ftp.sra.ebi.ac.uk/vol1/fastq/SRR242/037/SRR24284037/SRR24284037_2.fastq.gz	run	B	CVCL_5711	BJAB	29276514.0	SRR24284037	2225015064
SRX27296302	PAIRED	ftp.sra.ebi.ac.uk/vol1/fastq/SRR319/006/SRR31939306/SRR31939306_1.fastq.gz;ftp.sra.ebi.ac.uk/vol1/fastq/SRR319/006/SRR31939306/SRR31939306_2.fastq.gz	run	A	CVCL_3178	TCC-PAN2	28890708.0	SRR31939306	3524666376
SRX27296303	PAIRED	ftp.sra.ebi.ac.uk/vol1/fastq/SRR319/005/SRR31939305/SRR31939305_1.fastq.gz;ftp.sra.ebi.ac.uk/vol1/fastq/SRR319/005/SRR31939305/SRR31939305_2.fastq.gz	run	A	CVCL_3178	TCC-PAN2	28673616.0	SRR31939305	3498181152
SRX15949747	SINGLE	ftp.sra.ebi.ac.uk/vol1/fastq/SRR199/072/SRR19906972/SRR19906972.fastq.gz	run	B	CVCL_1255	HCC1569	28516700.0	SRR19906972	1425835000
SRX31889177	PAIRED	ftp.sra.ebi.ac.uk/vol1/fastq/SRR369/018/SRR36922818/SRR36922818_1.fastq.gz;ftp.sra.ebi.ac.uk/vol1/fastq/SRR369/018/SRR36922818/SRR36922818_2.fastq.gz	run	A	CVCL_2956	huH-1	28505568.0	SRR36922818	8551670400
SRX24405657	PAIRED	ftp.sra.ebi.ac.uk/vol1/fastq/SRR288/099/SRR28843899/SRR28843899_1.fastq.gz;ftp.sra.ebi.ac.uk/vol1/fastq/SRR288/099/SRR28843899/SRR28843899_2.fastq.gz	run	A	CVCL_8719	HSSY2	28359517.0	SRR28843899	3403142040
SRX28091199	PAIRED	ftp.sra.ebi.ac.uk/vol1/fastq/SRR328/070/SRR32807370/SRR32807370_1.fastq.gz;ftp.sra.ebi.ac.uk/vol1/fastq/SRR328/070/SRR32807370/SRR32807370_2.fastq.gz	run	A	CVCL_2686	PEO1	28213847.0	SRR32807370	3404228339
SRX21840023	SINGLE	ftp.sra.ebi.ac.uk/vol1/fastq/SRR261/075/SRR26126475/SRR26126475.fastq.gz	run	B	CVCL_0312	HOS	28198391.0	SRR26126475	1409919550
SRX19935553	SINGLE	ftp.sra.ebi.ac.uk/vol1/fastq/SRR241/094/SRR24136994/SRR24136994.fastq.gz	run	A	CVCL_0067	NAMALWA	28162167.0	SRR24136994	2113325103
SRX28229011	SINGLE	ftp.sra.ebi.ac.uk/vol1/fastq/SRR329/004/SRR32955004/SRR32955004.fastq.gz	run	A	CVCL_M150	CHLA-9	28081849.0	SRR32955004	2836266749
SRX25634250	PAIRED	ftp.sra.ebi.ac.uk/vol1/fastq/SRR301/046/SRR30167546/SRR30167546_1.fastq.gz;ftp.sra.ebi.ac.uk/vol1/fastq/SRR301/046/SRR30167546/SRR30167546_2.fastq.gz	run	B	CVCL_0395	LNCAP	27657070.0	SRR30167546	8297121000
SRX27266310	SINGLE	ftp.sra.ebi.ac.uk/vol1/fastq/SRR319/012/SRR31908312/SRR31908312.fastq.gz	run	A	CVCL_1879	OCI-LY1	27655154.0	SRR31908312	1410412854
SRX30647482	SINGLE		run	A	CVCL_1456	NCI-H1155	27557800.0	SRR35574638	2094392800
SRX27266311	SINGLE	ftp.sra.ebi.ac.uk/vol1/fastq/SRR319/011/SRR31908311/SRR31908311.fastq.gz	run	A	CVCL_1879	OCI-LY1	27062619.0	SRR31908311	1380193569
SRX27410582	PAIRED	ftp.sra.ebi.ac.uk/vol1/fastq/SRR320/053/SRR32061753/SRR32061753_1.fastq.gz;ftp.sra.ebi.ac.uk/vol1/fastq/SRR320/053/SRR32061753/SRR32061753_2.fastq.gz	run	B	CVCL_1735	SU-DHL-5	26973276.0	SRR32061753	8091982800
SRX28072103	PAIRED	ftp.sra.ebi.ac.uk/vol1/fastq/SRR327/056/SRR32787956/SRR32787956_1.fastq.gz;ftp.sra.ebi.ac.uk/vol1/fastq/SRR327/056/SRR32787956/SRR32787956_2.fastq.gz;ftp.sra.ebi.ac.uk/vol1/fastq/SRR327/055/SRR32787955/SRR32787955_1.fastq.gz;ftp.sra.ebi.ac.uk/vol1/fastq/SRR327/055/SRR32787955/SRR32787955_2.fastq.gz;ftp.sra.ebi.ac.uk/vol1/fastq/SRR327/057/SRR32787957/SRR32787957_1.fastq.gz;ftp.sra.ebi.ac.uk/vol1/fastq/SRR327/057/SRR32787957/SRR32787957_2.fastq.gz;ftp.sra.ebi.ac.uk/vol1/fastq/SRR327/063/SRR32787963/SRR32787963_1.fastq.gz;ftp.sra.ebi.ac.uk/vol1/fastq/SRR327/063/SRR32787963/SRR32787963_2.fastq.gz;ftp.sra.ebi.ac.uk/vol1/fastq/SRR327/062/SRR32787962/SRR32787962_1.fastq.gz;ftp.sra.ebi.ac.uk/vol1/fastq/SRR327/062/SRR32787962/SRR32787962_2.fastq.gz	run	A	CVCL_EI97	MM.1-144	26914572.0	SRR32787955;SRR32787956;SRR32787957;SRR32787962;SRR32787963	8074371600
SRX30424654	PAIRED	ftp.sra.ebi.ac.uk/vol1/fastq/SRR353/099/SRR35323599/SRR35323599_1.fastq.gz;ftp.sra.ebi.ac.uk/vol1/fastq/SRR353/099/SRR35323599/SRR35323599_2.fastq.gz	run	A	CVCL_DR59	GSC23	26739941.0	SRR35323599	8021982300
SRX31783210	PAIRED	ftp.sra.ebi.ac.uk/vol1/fastq/SRR367/013/SRR36795213/SRR36795213_1.fastq.gz;ftp.sra.ebi.ac.uk/vol1/fastq/SRR367/013/SRR36795213/SRR36795213_2.fastq.gz	run	A	CVCL_0388	LAMA-84	26515078.0	SRR36795213	7954523400
SRX28193387	PAIRED	ftp.sra.ebi.ac.uk/vol1/fastq/SRR329/093/SRR32918493/SRR32918493_1.fastq.gz;ftp.sra.ebi.ac.uk/vol1/fastq/SRR329/093/SRR32918493/SRR32918493_2.fastq.gz	run	B	CVCL_1818	GRANTA-519	26460545.0	SRR32918493	3167211508
SRX26709343	SINGLE	ftp.sra.ebi.ac.uk/vol1/fastq/SRR313/000/SRR31332000/SRR31332000.fastq.gz	run	B	CVCL_0395	LNCAP	26279310.0	SRR31332000	3153517200
SRX27383414	PAIRED	ftp.sra.ebi.ac.uk/vol1/fastq/SRR320/003/SRR32033803/SRR32033803_1.fastq.gz;ftp.sra.ebi.ac.uk/vol1/fastq/SRR320/003/SRR32033803/SRR32033803_2.fastq.gz	run	B	CVCL_0395	LNCAP	26158335.0	SRR32033803	7847500500
SRX28072102	PAIRED	ftp.sra.ebi.ac.uk/vol1/fastq/SRR327/059/SRR32787959/SRR32787959_1.fastq.gz;ftp.sra.ebi.ac.uk/vol1/fastq/SRR327/059/SRR32787959/SRR32787959_2.fastq.gz;ftp.sra.ebi.ac.uk/vol1/fastq/SRR327/058/SRR32787958/SRR32787958_1.fastq.gz;ftp.sra.ebi.ac.uk/vol1/fastq/SRR327/058/SRR32787958/SRR32787958_2.fastq.gz	run	A	CVCL_EI97	MM.1-144	26044083.0	SRR32787958;SRR32787959	7813224900
SRX23396263	SINGLE	ftp.sra.ebi.ac.uk/vol1/fastq/SRR277/075/SRR27730575/SRR27730575.fastq.gz	run	A	CVCL_1622	OE19	25972931.0	SRR27730575	1324619481
SRX29039406	PAIRED	ftp.sra.ebi.ac.uk/vol1/fastq/SRR338/062/SRR33818162/SRR33818162_1.fastq.gz;ftp.sra.ebi.ac.uk/vol1/fastq/SRR338/062/SRR33818162/SRR33818162_2.fastq.gz	run	A	CVCL_S740	EWS502	25946732.0	SRR33818162	1920058168
SRX26634093	PAIRED	ftp.sra.ebi.ac.uk/vol1/fastq/SRR312/030/SRR31254730/SRR31254730_1.fastq.gz;ftp.sra.ebi.ac.uk/vol1/fastq/SRR312/030/SRR31254730/SRR31254730_2.fastq.gz	run	A	CVCL_0389	LA-N-5	25377343.0	SRR31254730	7663957586
SRX25709013	SINGLE		run	A	CVCL_2233	UT-7	25238137.0	SRR30247575	1261906850
SRX31783208	PAIRED	ftp.sra.ebi.ac.uk/vol1/fastq/SRR367/015/SRR36795215/SRR36795215_1.fastq.gz;ftp.sra.ebi.ac.uk/vol1/fastq/SRR367/015/SRR36795215/SRR36795215_2.fastq.gz	run	A	CVCL_2091	KCL-22	25177358.0	SRR36795215	7553207400
SRX32712974	SINGLE	ftp.sra.ebi.ac.uk/vol1/fastq/SRR378/065/SRR37848165/SRR37848165.fastq.gz	run	A	CVCL_6797	WM3211	24740121.0	SRR37848165	1781288712
SRX20079528	PAIRED	ftp.sra.ebi.ac.uk/vol1/fastq/SRR242/018/SRR24284018/SRR24284018_1.fastq.gz;ftp.sra.ebi.ac.uk/vol1/fastq/SRR242/018/SRR24284018/SRR24284018_2.fastq.gz	run	A	CVCL_A442	TMD8	24551468.0	SRR24284018	1865911568
SRX26405538	PAIRED	ftp.sra.ebi.ac.uk/vol1/fastq/SRR310/097/SRR31018297/SRR31018297_1.fastq.gz;ftp.sra.ebi.ac.uk/vol1/fastq/SRR310/097/SRR31018297/SRR31018297_2.fastq.gz;ftp.sra.ebi.ac.uk/vol1/fastq/SRR310/098/SRR31018298/SRR31018298_1.fastq.gz;ftp.sra.ebi.ac.uk/vol1/fastq/SRR310/098/SRR31018298/SRR31018298_2.fastq.gz	run	B	CVCL_0103	SUP-B15	24440315.0	SRR31018297;SRR31018298	7332094500
SRX26185667	PAIRED	ftp.sra.ebi.ac.uk/vol1/fastq/SRR307/013/SRR30783713/SRR30783713_1.fastq.gz;ftp.sra.ebi.ac.uk/vol1/fastq/SRR307/013/SRR30783713/SRR30783713_2.fastq.gz	run	A	CVCL_1629	OVCAR-8	24319325.0	SRR30783713	7295797500
SRX23841024	SINGLE	ftp.sra.ebi.ac.uk/vol1/fastq/SRR282/037/SRR28229737/SRR28229737.fastq.gz	run	B	CVCL_1218	FaDu	24311692.0	SRR28229737	1833824214
SRX4715699	SINGLE	ftp.sra.ebi.ac.uk/vol1/fastq/SRR787/000/SRR7876840/SRR7876840.fastq.gz	run	A	CVCL_0153	B-CPAP	24120448.0	SRR7876840	1206022400
SRX4715700	SINGLE	ftp.sra.ebi.ac.uk/vol1/fastq/SRR787/001/SRR7876841/SRR7876841.fastq.gz	run	A	CVCL_1112	CAL-62	24067255.0	SRR7876841	1203362750
SRX28092459	SINGLE	ftp.sra.ebi.ac.uk/vol1/fastq/SRR328/019/SRR32808619/SRR32808619.fastq.gz	run	A	CVCL_0524	SH-EP	23827394.0	SRR32808619	2406566794
SRX28072104	PAIRED	ftp.sra.ebi.ac.uk/vol1/fastq/SRR327/052/SRR32787952/SRR32787952_1.fastq.gz;ftp.sra.ebi.ac.uk/vol1/fastq/SRR327/052/SRR32787952/SRR32787952_2.fastq.gz;ftp.sra.ebi.ac.uk/vol1/fastq/SRR327/053/SRR32787953/SRR32787953_1.fastq.gz;ftp.sra.ebi.ac.uk/vol1/fastq/SRR327/053/SRR32787953/SRR32787953_2.fastq.gz;ftp.sra.ebi.ac.uk/vol1/fastq/SRR327/054/SRR32787954/SRR32787954_1.fastq.gz;ftp.sra.ebi.ac.uk/vol1/fastq/SRR327/054/SRR32787954/SRR32787954_2.fastq.gz	run	A	CVCL_EI97	MM.1-144	23723039.0	SRR32787952;SRR32787953;SRR32787954	7116911700
SRX24405655	PAIRED	ftp.sra.ebi.ac.uk/vol1/fastq/SRR288/001/SRR28843901/SRR28843901_1.fastq.gz;ftp.sra.ebi.ac.uk/vol1/fastq/SRR288/001/SRR28843901/SRR28843901_2.fastq.gz	run	A	CVCL_8719	HSSY2	23646772.0	SRR28843901	2837612640
SRX25275880	PAIRED	ftp.sra.ebi.ac.uk/vol1/fastq/SRR297/021/SRR29775921/SRR29775921_1.fastq.gz;ftp.sra.ebi.ac.uk/vol1/fastq/SRR297/021/SRR29775921/SRR29775921_2.fastq.gz	run	A	CVCL_1469	NCI-H1417	23250725.0	SRR29775921	2790087000
SRX26405558	PAIRED	ftp.sra.ebi.ac.uk/vol1/fastq/SRR310/064/SRR31018264/SRR31018264_1.fastq.gz;ftp.sra.ebi.ac.uk/vol1/fastq/SRR310/064/SRR31018264/SRR31018264_2.fastq.gz	run	A	CVCL_0181	BV-173	23172207.0	SRR31018264	6951662100
SRX33118367	SINGLE	ftp.sra.ebi.ac.uk/vol1/fastq/SRR382/061/SRR38282361/SRR38282361.fastq.gz	run	A	CVCL_6025	SK-MEL-19	23031835.0	SRR38282361	1151591750
SRX33118386	SINGLE	ftp.sra.ebi.ac.uk/vol1/fastq/SRR382/042/SRR38282342/SRR38282342.fastq.gz	run	B	CVCL_1780	UACC-62	23029087.0	SRR38282342	1151454350
SRX33118368	SINGLE	ftp.sra.ebi.ac.uk/vol1/fastq/SRR382/060/SRR38282360/SRR38282360.fastq.gz	run	A	CVCL_6025	SK-MEL-19	22994141.0	SRR38282360	1149707050
SRX30566095	SINGLE	ftp.sra.ebi.ac.uk/vol1/fastq/SRR354/061/SRR35489561/SRR35489561.fastq.gz	run	B	CVCL_2063	HCC827	22992050.0	SRR35489561	1149602500
SRX33118384	SINGLE	ftp.sra.ebi.ac.uk/vol1/fastq/SRR382/044/SRR38282344/SRR38282344.fastq.gz	run	B	CVCL_1780	UACC-62	22972652.0	SRR38282344	1148632600
SRX33118385	SINGLE	ftp.sra.ebi.ac.uk/vol1/fastq/SRR382/043/SRR38282343/SRR38282343.fastq.gz	run	B	CVCL_1780	UACC-62	22898281.0	SRR38282343	1144914050
SRX33118366	SINGLE	ftp.sra.ebi.ac.uk/vol1/fastq/SRR382/062/SRR38282362/SRR38282362.fastq.gz	run	A	CVCL_6025	SK-MEL-19	22881437.0	SRR38282362	1144071850
SRX26709354	SINGLE	ftp.sra.ebi.ac.uk/vol1/fastq/SRR313/089/SRR31331989/SRR31331989.fastq.gz	run	B	CVCL_0395	LNCAP	22422859.0	SRR31331989	2690743080
SRX31110523	SINGLE	ftp.sra.ebi.ac.uk/vol1/fastq/SRR360/043/SRR36063843/SRR36063843.fastq.gz	run	A	CVCL_1577	NCI-H661	22199477.0	SRR36063843	2219947700
SRX32712971	SINGLE	ftp.sra.ebi.ac.uk/vol1/fastq/SRR378/068/SRR37848168/SRR37848168.fastq.gz	run	A	CVCL_6797	WM3211	21912174.0	SRR37848168	1577676528
SRX25589229	PAIRED	ftp.sra.ebi.ac.uk/vol1/fastq/SRR301/069/SRR30116969/SRR30116969_1.fastq.gz;ftp.sra.ebi.ac.uk/vol1/fastq/SRR301/069/SRR30116969/SRR30116969_2.fastq.gz	run	A	CVCL_2037	F-36P	21691657.0	SRR30116969	6507497100
SRX24405656	PAIRED	ftp.sra.ebi.ac.uk/vol1/fastq/SRR288/000/SRR28843900/SRR28843900_1.fastq.gz;ftp.sra.ebi.ac.uk/vol1/fastq/SRR288/000/SRR28843900/SRR28843900_2.fastq.gz	run	A	CVCL_8719	HSSY2	21449401.0	SRR28843900	2573928120
SRX24466161	PAIRED	ftp.sra.ebi.ac.uk/vol1/fastq/SRR289/091/SRR28909691/SRR28909691_1.fastq.gz;ftp.sra.ebi.ac.uk/vol1/fastq/SRR289/091/SRR28909691/SRR28909691_2.fastq.gz	run	A	CVCL_S740	EWS502	21414548.0	SRR28909691	1584676552
SRX25382434	PAIRED	ftp.sra.ebi.ac.uk/vol1/fastq/SRR298/069/SRR29886269/SRR29886269_1.fastq.gz;ftp.sra.ebi.ac.uk/vol1/fastq/SRR298/069/SRR29886269/SRR29886269_2.fastq.gz	run	B	CVCL_0375	KGN	21299374.0	SRR29886269	6389812200
SRX20079526	PAIRED	ftp.sra.ebi.ac.uk/vol1/fastq/SRR242/020/SRR24284020/SRR24284020_1.fastq.gz;ftp.sra.ebi.ac.uk/vol1/fastq/SRR242/020/SRR24284020/SRR24284020_2.fastq.gz	run	B	CVCL_1883	RC-K8	21254965.0	SRR24284020	1615377340
SRX16037463	SINGLE	ftp.sra.ebi.ac.uk/vol1/fastq/SRR199/058/SRR19996458/SRR19996458.fastq.gz	run	A	CVCL_0139	AGS	21125850.0	SRR19996458	1056292500
SRX29113595	PAIRED		run	B	CVCL_0103	SUP-B15	20906173.0	SRR33906131	6271851900
SRX26405544	PAIRED	ftp.sra.ebi.ac.uk/vol1/fastq/SRR310/099/SRR31018299/SRR31018299_1.fastq.gz;ftp.sra.ebi.ac.uk/vol1/fastq/SRR310/099/SRR31018299/SRR31018299_2.fastq.gz;ftp.sra.ebi.ac.uk/vol1/fastq/SRR310/000/SRR31018300/SRR31018300_1.fastq.gz;ftp.sra.ebi.ac.uk/vol1/fastq/SRR310/000/SRR31018300/SRR31018300_2.fastq.gz	run	A	CVCL_1895	TOM-1	20903386.0	SRR31018299;SRR31018300	6271015800
SRX25966418	SINGLE	ftp.sra.ebi.ac.uk/vol1/fastq/SRR305/001/SRR30543001/SRR30543001.fastq.gz	run	A	CVCL_0139	AGS	20900115.0	SRR30543001	1045005750
SRX26536116	PAIRED		run	B	CVCL_0207	CCRF-CEM	20791720.0	SRR31152500	6237516000
SRX28412011	PAIRED	ftp.sra.ebi.ac.uk/vol1/fastq/SRR331/041/SRR33150741/SRR33150741_1.fastq.gz;ftp.sra.ebi.ac.uk/vol1/fastq/SRR331/041/SRR33150741/SRR33150741_2.fastq.gz	run	A	CVCL_1566	NCI-H520	20737219.0	SRR33150741	4147443800
SRX31634483	PAIRED	ftp.sra.ebi.ac.uk/vol1/fastq/SRR366/076/SRR36621976/SRR36621976_1.fastq.gz;ftp.sra.ebi.ac.uk/vol1/fastq/SRR366/076/SRR36621976/SRR36621976_2.fastq.gz	run	A	CVCL_1644	PSN1	20625330.0	SRR36621976	6187599000
SRX30196359	PAIRED	ftp.sra.ebi.ac.uk/vol1/fastq/SRR350/017/SRR35082717/SRR35082717_1.fastq.gz;ftp.sra.ebi.ac.uk/vol1/fastq/SRR350/017/SRR35082717/SRR35082717_2.fastq.gz	run	A	CVCL_4748	MDA PCa 2b	20228070.0	SRR35082717	6068421000
SRX26634091	PAIRED	ftp.sra.ebi.ac.uk/vol1/fastq/SRR312/032/SRR31254732/SRR31254732_1.fastq.gz;ftp.sra.ebi.ac.uk/vol1/fastq/SRR312/032/SRR31254732/SRR31254732_2.fastq.gz	run	A	CVCL_0389	LA-N-5	20109789.0	SRR31254732	6073156278
SRX30094119	PAIRED		run	B	CVCL_0395	LNCAP	19726102.0	SRR34974976	5917830600
SRX30196360	PAIRED	ftp.sra.ebi.ac.uk/vol1/fastq/SRR350/016/SRR35082716/SRR35082716_1.fastq.gz;ftp.sra.ebi.ac.uk/vol1/fastq/SRR350/016/SRR35082716/SRR35082716_2.fastq.gz	run	A	CVCL_4748	MDA PCa 2b	19562005.0	SRR35082716	5868601500
SRX28412010	PAIRED	ftp.sra.ebi.ac.uk/vol1/fastq/SRR331/042/SRR33150742/SRR33150742_1.fastq.gz;ftp.sra.ebi.ac.uk/vol1/fastq/SRR331/042/SRR33150742/SRR33150742_2.fastq.gz	run	A	CVCL_1566	NCI-H520	19365505.0	SRR33150742	3873101000
SRX28654742	PAIRED	ftp.sra.ebi.ac.uk/vol1/fastq/SRR334/001/SRR33413701/SRR33413701_1.fastq.gz;ftp.sra.ebi.ac.uk/vol1/fastq/SRR334/001/SRR33413701/SRR33413701_2.fastq.gz	run	B	CVCL_0395	LNCAP	19188737.0	SRR33413701	5771837298
SRX24405658	PAIRED	ftp.sra.ebi.ac.uk/vol1/fastq/SRR288/098/SRR28843898/SRR28843898_1.fastq.gz;ftp.sra.ebi.ac.uk/vol1/fastq/SRR288/098/SRR28843898/SRR28843898_2.fastq.gz	run	A	CVCL_8719	HSSY2	18659670.0	SRR28843898	2239160400
SRX24784380	SINGLE	ftp.sra.ebi.ac.uk/vol1/fastq/SRR292/053/SRR29266753/SRR29266753.fastq.gz	run	A	CVCL_0028	AN3 CA	17137607.0	SRR29266753	1285320525
SRX29113587	PAIRED	ftp.sra.ebi.ac.uk/vol1/fastq/SRR339/039/SRR33906139/SRR33906139_1.fastq.gz;ftp.sra.ebi.ac.uk/vol1/fastq/SRR339/039/SRR33906139/SRR33906139_2.fastq.gz	run	B	CVCL_0103	SUP-B15	17020618.0	SRR33906139	5106185400
SRX25879891	PAIRED	ftp.sra.ebi.ac.uk/vol1/fastq/SRR304/042/SRR30454642/SRR30454642_1.fastq.gz;ftp.sra.ebi.ac.uk/vol1/fastq/SRR304/042/SRR30454642/SRR30454642_2.fastq.gz	run	B	CVCL_0395	LNCAP	16903517.0	SRR30454642	5071055100
SRX23718621	PAIRED	ftp.sra.ebi.ac.uk/vol1/fastq/SRR280/028/SRR28069228/SRR28069228_1.fastq.gz;ftp.sra.ebi.ac.uk/vol1/fastq/SRR280/028/SRR28069228/SRR28069228_2.fastq.gz	run	A	CVCL_1353	KYSE-450	16728533.0	SRR28069228	4558477828
SRX507398	SINGLE	ftp.sra.ebi.ac.uk/vol1/fastq/SRR121/005/SRR1213185/SRR1213185.fastq.gz	run	B	CVCL_1451	NCCIT	16526561.0	SRR1213185	826328050
SRX21165346	SINGLE	ftp.sra.ebi.ac.uk/vol1/fastq/SRR254/058/SRR25431158/SRR25431158.fastq.gz	run	B	CVCL_0395	LNCAP	16468745.0	SRR25431158	839905995
SRX23146857	PAIRED	ftp.sra.ebi.ac.uk/vol1/fastq/SRR274/056/SRR27475456/SRR27475456_1.fastq.gz;ftp.sra.ebi.ac.uk/vol1/fastq/SRR274/056/SRR27475456/SRR27475456_2.fastq.gz	run	B	CVCL_0395	LNCAP	16381986.0	SRR27475456	4914595800
SRX30251283	PAIRED	ftp.sra.ebi.ac.uk/vol1/fastq/SRR351/029/SRR35145629/SRR35145629_1.fastq.gz;ftp.sra.ebi.ac.uk/vol1/fastq/SRR351/029/SRR35145629/SRR35145629_2.fastq.gz	run	B	CVCL_1473	NCI-H146	15873629.0	SRR35145629	1904835480
SRX29113602	PAIRED		run	A	CVCL_0181	BV-173	14551196.0	SRR33906124	4365358800
SRX23794235	PAIRED	ftp.sra.ebi.ac.uk/vol1/fastq/SRR281/057/SRR28163957/SRR28163957_1.fastq.gz;ftp.sra.ebi.ac.uk/vol1/fastq/SRR281/057/SRR28163957/SRR28163957_2.fastq.gz	run	B	CVCL_1334	KMS-12-BM	14492224.0	SRR28163957	1710082432
SRX29113603	PAIRED	ftp.sra.ebi.ac.uk/vol1/fastq/SRR339/023/SRR33906123/SRR33906123_1.fastq.gz;ftp.sra.ebi.ac.uk/vol1/fastq/SRR339/023/SRR33906123/SRR33906123_2.fastq.gz	run	A	CVCL_0181	BV-173	13920010.0	SRR33906123	4176003000
SRX23396262	SINGLE	ftp.sra.ebi.ac.uk/vol1/fastq/SRR277/076/SRR27730576/SRR27730576.fastq.gz	run	A	CVCL_1622	OE19	13772158.0	SRR27730576	702380058
SRX29113586	PAIRED	ftp.sra.ebi.ac.uk/vol1/fastq/SRR339/040/SRR33906140/SRR33906140_1.fastq.gz;ftp.sra.ebi.ac.uk/vol1/fastq/SRR339/040/SRR33906140/SRR33906140_2.fastq.gz	run	B	CVCL_0103	SUP-B15	13714206.0	SRR33906140	4114261800
SRX25736653	PAIRED	ftp.sra.ebi.ac.uk/vol1/fastq/SRR302/099/SRR30275699/SRR30275699_1.fastq.gz;ftp.sra.ebi.ac.uk/vol1/fastq/SRR302/099/SRR30275699/SRR30275699_2.fastq.gz	run	A	CVCL_1820	HPB-ALL	13597455.0	SRR30275699	1006211670
SRX21165379	PAIRED	ftp.sra.ebi.ac.uk/vol1/fastq/SRR254/024/SRR25431124/SRR25431124_1.fastq.gz;ftp.sra.ebi.ac.uk/vol1/fastq/SRR254/024/SRR25431124/SRR25431124_2.fastq.gz;ftp.sra.ebi.ac.uk/vol1/fastq/SRR254/025/SRR25431125/SRR25431125_1.fastq.gz;ftp.sra.ebi.ac.uk/vol1/fastq/SRR254/025/SRR25431125/SRR25431125_2.fastq.gz	run	B	CVCL_1576	NCI-H660	13571020.0	SRR25431124;SRR25431125	1496077920
SRX25275878	PAIRED	ftp.sra.ebi.ac.uk/vol1/fastq/SRR297/023/SRR29775923/SRR29775923_1.fastq.gz;ftp.sra.ebi.ac.uk/vol1/fastq/SRR297/023/SRR29775923/SRR29775923_2.fastq.gz	run	A	CVCL_1469	NCI-H1417	13541646.0	SRR29775923	1624997520
SRX31286470	PAIRED	ftp.sra.ebi.ac.uk/vol1/fastq/SRR362/017/SRR36251317/SRR36251317_1.fastq.gz;ftp.sra.ebi.ac.uk/vol1/fastq/SRR362/017/SRR36251317/SRR36251317_2.fastq.gz	run	A	CVCL_1667	RPMI 8402	13164567.0	SRR36251317	1342784832
SRX29113596	PAIRED	ftp.sra.ebi.ac.uk/vol1/fastq/SRR339/030/SRR33906130/SRR33906130_1.fastq.gz;ftp.sra.ebi.ac.uk/vol1/fastq/SRR339/030/SRR33906130/SRR33906130_2.fastq.gz	run	B	CVCL_0103	SUP-B15	12994737.0	SRR33906130	3898421100
SRX30251287	PAIRED	ftp.sra.ebi.ac.uk/vol1/fastq/SRR351/025/SRR35145625/SRR35145625_1.fastq.gz;ftp.sra.ebi.ac.uk/vol1/fastq/SRR351/025/SRR35145625/SRR35145625_2.fastq.gz	run	B	CVCL_1473	NCI-H146	10042914.0	SRR35145625	1205149680
SRX31783212	PAIRED	ftp.sra.ebi.ac.uk/vol1/fastq/SRR367/011/SRR36795211/SRR36795211_1.fastq.gz;ftp.sra.ebi.ac.uk/vol1/fastq/SRR367/011/SRR36795211/SRR36795211_2.fastq.gz	run	A	CVCL_1895	TOM-1	9919981.0	SRR36795211	2975994300
SRX31783214	PAIRED	ftp.sra.ebi.ac.uk/vol1/fastq/SRR367/009/SRR36795209/SRR36795209_1.fastq.gz;ftp.sra.ebi.ac.uk/vol1/fastq/SRR367/009/SRR36795209/SRR36795209_2.fastq.gz	run	B	CVCL_0103	SUP-B15	9361382.0	SRR36795209	2808414600
SRX31783216	PAIRED	ftp.sra.ebi.ac.uk/vol1/fastq/SRR367/007/SRR36795207/SRR36795207_1.fastq.gz;ftp.sra.ebi.ac.uk/vol1/fastq/SRR367/007/SRR36795207/SRR36795207_2.fastq.gz	run	A	CVCL_0181	BV-173	8625261.0	SRR36795207	2587578300
SRX28654746	PAIRED	ftp.sra.ebi.ac.uk/vol1/fastq/SRR334/097/SRR33413697/SRR33413697_1.fastq.gz;ftp.sra.ebi.ac.uk/vol1/fastq/SRR334/097/SRR33413697/SRR33413697_2.fastq.gz	run	B	CVCL_0395	LNCAP	8034704.0	SRR33413697	2417167825
SRX30251322	PAIRED	ftp.sra.ebi.ac.uk/vol1/fastq/SRR351/034/SRR35145634/SRR35145634_1.fastq.gz;ftp.sra.ebi.ac.uk/vol1/fastq/SRR351/034/SRR35145634/SRR35145634_2.fastq.gz	run	B	CVCL_1473	NCI-H146	7693316.0	SRR35145634	923197920
SRX26535971	PAIRED	ftp.sra.ebi.ac.uk/vol1/fastq/SRR311/097/SRR31152297/SRR31152297_1.fastq.gz;ftp.sra.ebi.ac.uk/vol1/fastq/SRR311/097/SRR31152297/SRR31152297_2.fastq.gz	run	B	CVCL_1544	NCI-H226	7542063.0	SRR31152297	2262618900
SRX28238976	PAIRED	ftp.sra.ebi.ac.uk/vol1/fastq/SRR329/094/SRR32965394/SRR32965394_1.fastq.gz;ftp.sra.ebi.ac.uk/vol1/fastq/SRR329/094/SRR32965394/SRR32965394_2.fastq.gz	run	A	CVCL_1566	NCI-H520	5836295.0	SRR32965394	443558420
SRX26535870	PAIRED		run	B	CVCL_1547	NCI-H23	5716459.0	SRR31152224	1714937700
SRX28238975	PAIRED	ftp.sra.ebi.ac.uk/vol1/fastq/SRR329/095/SRR32965395/SRR32965395_1.fastq.gz;ftp.sra.ebi.ac.uk/vol1/fastq/SRR329/095/SRR32965395/SRR32965395_2.fastq.gz	run	A	CVCL_1566	NCI-H520	5658614.0	SRR32965395	430054664
SRX19935615	SINGLE	ftp.sra.ebi.ac.uk/vol1/fastq/SRR241/032/SRR24136932/SRR24136932.fastq.gz	run	A	CVCL_0067	NAMALWA	4301032.0	SRR24136932	360970820
SRX26535867	PAIRED		run	B	CVCL_0021	U-251 MG	3374364.0	SRR31152227	1012309200
