srx	layout	fastq	mode	tier	cvcl	cell_line	reads	runs
SRX30251284	PAIRED	ftp.sra.ebi.ac.uk/vol1/fastq/SRR351/028/SRR35145628/SRR35145628_1.fastq.gz;ftp.sra.ebi.ac.uk/vol1/fastq/SRR351/028/SRR35145628/SRR35145628_2.fastq.gz	run	B	CVCL_1473	NCI-H146	213340395.0	SRR35145628
SRX24550052	PAIRED	ftp.sra.ebi.ac.uk/vol1/fastq/SRR290/086/SRR29024586/SRR29024586_1.fastq.gz;ftp.sra.ebi.ac.uk/vol1/fastq/SRR290/086/SRR29024586/SRR29024586_2.fastq.gz;ftp.sra.ebi.ac.uk/vol1/fastq/SRR290/085/SRR29024585/SRR29024585_1.fastq.gz;ftp.sra.ebi.ac.uk/vol1/fastq/SRR290/085/SRR29024585/SRR29024585_2.fastq.gz	run	A	CVCL_2690	PEO4	154711698.0	SRR29024585;SRR29024586
SRX11094530	PAIRED	ftp.sra.ebi.ac.uk/vol1/fastq/SRR147/025/SRR14761025/SRR14761025_1.fastq.gz;ftp.sra.ebi.ac.uk/vol1/fastq/SRR147/025/SRR14761025/SRR14761025_2.fastq.gz	run	A	CVCL_1215	EW-24	144431996.0	SRR14761025
SRX25275882	PAIRED	ftp.sra.ebi.ac.uk/vol1/fastq/SRR297/019/SRR29775919/SRR29775919_1.fastq.gz;ftp.sra.ebi.ac.uk/vol1/fastq/SRR297/019/SRR29775919/SRR29775919_2.fastq.gz	run	A	CVCL_1469	NCI-H1417	120653222.0	SRR29775919
SRX29630056	PAIRED	ftp.sra.ebi.ac.uk/vol1/fastq/SRR344/087/SRR34486087/SRR34486087_1.fastq.gz;ftp.sra.ebi.ac.uk/vol1/fastq/SRR344/087/SRR34486087/SRR34486087_2.fastq.gz	run	B	CVCL_1430	MSTO-211H	115801783.0	SRR34486087
SRX32258779	PAIRED		run	A	CVCL_8718	HS-Sch-2	111130426.0	SRR37344693
SRX29630031	PAIRED	ftp.sra.ebi.ac.uk/vol1/fastq/SRR344/012/SRR34486112/SRR34486112_1.fastq.gz;ftp.sra.ebi.ac.uk/vol1/fastq/SRR344/012/SRR34486112/SRR34486112_2.fastq.gz	run	B	CVCL_1430	MSTO-211H	109104846.0	SRR34486112
SRX29630053	PAIRED	ftp.sra.ebi.ac.uk/vol1/fastq/SRR344/090/SRR34486090/SRR34486090_1.fastq.gz;ftp.sra.ebi.ac.uk/vol1/fastq/SRR344/090/SRR34486090/SRR34486090_2.fastq.gz	run	B	CVCL_1430	MSTO-211H	106867084.0	SRR34486090
SRX29630057	PAIRED	ftp.sra.ebi.ac.uk/vol1/fastq/SRR344/086/SRR34486086/SRR34486086_1.fastq.gz;ftp.sra.ebi.ac.uk/vol1/fastq/SRR344/086/SRR34486086/SRR34486086_2.fastq.gz	run	B	CVCL_1430	MSTO-211H	101184377.0	SRR34486086
SRX27410588	PAIRED	ftp.sra.ebi.ac.uk/vol1/fastq/SRR320/047/SRR32061747/SRR32061747_1.fastq.gz;ftp.sra.ebi.ac.uk/vol1/fastq/SRR320/047/SRR32061747/SRR32061747_2.fastq.gz	run	B	CVCL_1735	SU-DHL-5	93264728.0	SRR32061747
SRX30251245	PAIRED	ftp.sra.ebi.ac.uk/vol1/fastq/SRR351/070/SRR35145670/SRR35145670_1.fastq.gz;ftp.sra.ebi.ac.uk/vol1/fastq/SRR351/070/SRR35145670/SRR35145670_2.fastq.gz	run	A	CVCL_1469	NCI-H1417	92833861.0	SRR35145670
SRX25833355	SINGLE	ftp.sra.ebi.ac.uk/vol1/fastq/SRR304/044/SRR30407244/SRR30407244.fastq.gz	run	A	CVCL_0219	COLO 320DM	92453329.0	SRR30407244
SRX25275881	PAIRED	ftp.sra.ebi.ac.uk/vol1/fastq/SRR297/020/SRR29775920/SRR29775920_1.fastq.gz;ftp.sra.ebi.ac.uk/vol1/fastq/SRR297/020/SRR29775920/SRR29775920_2.fastq.gz	run	A	CVCL_1469	NCI-H1417	91590884.0	SRR29775920
SRX27410584	PAIRED	ftp.sra.ebi.ac.uk/vol1/fastq/SRR320/051/SRR32061751/SRR32061751_1.fastq.gz;ftp.sra.ebi.ac.uk/vol1/fastq/SRR320/051/SRR32061751/SRR32061751_2.fastq.gz	run	B	CVCL_1735	SU-DHL-5	89380814.0	SRR32061751
SRX25275883	PAIRED	ftp.sra.ebi.ac.uk/vol1/fastq/SRR297/018/SRR29775918/SRR29775918_1.fastq.gz;ftp.sra.ebi.ac.uk/vol1/fastq/SRR297/018/SRR29775918/SRR29775918_2.fastq.gz	run	A	CVCL_1469	NCI-H1417	87987399.0	SRR29775918
SRX20119033	PAIRED	ftp.sra.ebi.ac.uk/vol1/fastq/SRR243/088/SRR24324588/SRR24324588_1.fastq.gz;ftp.sra.ebi.ac.uk/vol1/fastq/SRR243/088/SRR24324588/SRR24324588_2.fastq.gz	run	A	CVCL_ZC60	R1-AD1	85976931.0	SRR24324588
SRX30424329	SINGLE	ftp.sra.ebi.ac.uk/vol1/fastq/SRR353/010/SRR35323110/SRR35323110.fastq.gz	run	A	CVCL_3653	BJ	85612407.0	SRR35323110
SRX29630035	PAIRED	ftp.sra.ebi.ac.uk/vol1/fastq/SRR344/008/SRR34486108/SRR34486108_1.fastq.gz;ftp.sra.ebi.ac.uk/vol1/fastq/SRR344/008/SRR34486108/SRR34486108_2.fastq.gz	run	B	CVCL_1430	MSTO-211H	84465047.0	SRR34486108
SRX15236046	SINGLE	ftp.sra.ebi.ac.uk/vol1/fastq/SRR191/062/SRR19170462/SRR19170462.fastq.gz	run	A	CVCL_4042	UACC-3199	83641078.0	SRR19170462
SRX29630051	PAIRED	ftp.sra.ebi.ac.uk/vol1/fastq/SRR344/092/SRR34486092/SRR34486092_1.fastq.gz;ftp.sra.ebi.ac.uk/vol1/fastq/SRR344/092/SRR34486092/SRR34486092_2.fastq.gz	run	B	CVCL_1430	MSTO-211H	83050857.0	SRR34486092
SRX28193400	PAIRED	ftp.sra.ebi.ac.uk/vol1/fastq/SRR329/080/SRR32918480/SRR32918480_1.fastq.gz;ftp.sra.ebi.ac.uk/vol1/fastq/SRR329/080/SRR32918480/SRR32918480_2.fastq.gz	run	B	CVCL_1818	GRANTA-519	82781508.0	SRR32918480
SRX20119004	PAIRED	ftp.sra.ebi.ac.uk/vol1/fastq/SRR243/017/SRR24324617/SRR24324617_1.fastq.gz;ftp.sra.ebi.ac.uk/vol1/fastq/SRR243/017/SRR24324617/SRR24324617_2.fastq.gz	run	A	CVCL_ZC60	R1-AD1	82499985.0	SRR24324617
SRX20118991	PAIRED	ftp.sra.ebi.ac.uk/vol1/fastq/SRR243/030/SRR24324630/SRR24324630_1.fastq.gz;ftp.sra.ebi.ac.uk/vol1/fastq/SRR243/030/SRR24324630/SRR24324630_2.fastq.gz	run	A	CVCL_ZC60	R1-AD1	81700246.0	SRR24324630
SRX29630033	PAIRED	ftp.sra.ebi.ac.uk/vol1/fastq/SRR344/010/SRR34486110/SRR34486110_1.fastq.gz;ftp.sra.ebi.ac.uk/vol1/fastq/SRR344/010/SRR34486110/SRR34486110_2.fastq.gz	run	B	CVCL_1430	MSTO-211H	81009189.0	SRR34486110
SRX30424328	SINGLE	ftp.sra.ebi.ac.uk/vol1/fastq/SRR353/011/SRR35323111/SRR35323111.fastq.gz	run	A	CVCL_3653	BJ	78735960.0	SRR35323111
SRX30251243	PAIRED	ftp.sra.ebi.ac.uk/vol1/fastq/SRR351/072/SRR35145672/SRR35145672_1.fastq.gz;ftp.sra.ebi.ac.uk/vol1/fastq/SRR351/072/SRR35145672/SRR35145672_2.fastq.gz	run	A	CVCL_1469	NCI-H1417	78502042.0	SRR35145672
SRX20118989	PAIRED	ftp.sra.ebi.ac.uk/vol1/fastq/SRR243/032/SRR24324632/SRR24324632_1.fastq.gz;ftp.sra.ebi.ac.uk/vol1/fastq/SRR243/032/SRR24324632/SRR24324632_2.fastq.gz	run	A	CVCL_ZC60	R1-AD1	77846062.0	SRR24324632
SRX29630054	PAIRED	ftp.sra.ebi.ac.uk/vol1/fastq/SRR344/089/SRR34486089/SRR34486089_1.fastq.gz;ftp.sra.ebi.ac.uk/vol1/fastq/SRR344/089/SRR34486089/SRR34486089_2.fastq.gz	run	B	CVCL_1430	MSTO-211H	77798155.0	SRR34486089
SRX20119041	PAIRED	ftp.sra.ebi.ac.uk/vol1/fastq/SRR243/080/SRR24324580/SRR24324580_1.fastq.gz;ftp.sra.ebi.ac.uk/vol1/fastq/SRR243/080/SRR24324580/SRR24324580_2.fastq.gz	run	A	CVCL_ZC60	R1-AD1	77659195.0	SRR24324580
SRX29630032	PAIRED	ftp.sra.ebi.ac.uk/vol1/fastq/SRR344/011/SRR34486111/SRR34486111_1.fastq.gz;ftp.sra.ebi.ac.uk/vol1/fastq/SRR344/011/SRR34486111/SRR34486111_2.fastq.gz	run	B	CVCL_1430	MSTO-211H	77619639.0	SRR34486111
SRX20119030	PAIRED	ftp.sra.ebi.ac.uk/vol1/fastq/SRR243/091/SRR24324591/SRR24324591_1.fastq.gz;ftp.sra.ebi.ac.uk/vol1/fastq/SRR243/091/SRR24324591/SRR24324591_2.fastq.gz	run	A	CVCL_ZC60	R1-AD1	77554263.0	SRR24324591
SRX15236057	SINGLE	ftp.sra.ebi.ac.uk/vol1/fastq/SRR191/051/SRR19170451/SRR19170451.fastq.gz	run	A	CVCL_B7S0	FCIBC02	77146923.0	SRR19170451
SRX15236021	SINGLE	ftp.sra.ebi.ac.uk/vol1/fastq/SRR191/087/SRR19170487/SRR19170487.fastq.gz	run	A	CVCL_3377	HCC3153	76875684.0	SRR19170487
SRX27410583	PAIRED	ftp.sra.ebi.ac.uk/vol1/fastq/SRR320/052/SRR32061752/SRR32061752_1.fastq.gz;ftp.sra.ebi.ac.uk/vol1/fastq/SRR320/052/SRR32061752/SRR32061752_2.fastq.gz	run	B	CVCL_1735	SU-DHL-5	76811903.0	SRR32061752
SRX25913023	PAIRED	ftp.sra.ebi.ac.uk/vol1/fastq/SRR304/082/SRR30488282/SRR30488282_1.fastq.gz;ftp.sra.ebi.ac.uk/vol1/fastq/SRR304/082/SRR30488282/SRR30488282_2.fastq.gz	run	B	CVCL_0395	LNCAP	76363359.0	SRR30488282
SRX34536121	PAIRED		run	A	CVCL_1629	OVCAR-8	75409842.0	SRR39864106;SRR39864107
SRX32258775	PAIRED		run	A	CVCL_8718	HS-Sch-2	75336962.0	SRR37344698
SRX20119037	PAIRED	ftp.sra.ebi.ac.uk/vol1/fastq/SRR243/084/SRR24324584/SRR24324584_1.fastq.gz;ftp.sra.ebi.ac.uk/vol1/fastq/SRR243/084/SRR24324584/SRR24324584_2.fastq.gz	run	A	CVCL_ZC60	R1-AD1	75275813.0	SRR24324584
SRX20118995	PAIRED	ftp.sra.ebi.ac.uk/vol1/fastq/SRR243/026/SRR24324626/SRR24324626_1.fastq.gz;ftp.sra.ebi.ac.uk/vol1/fastq/SRR243/026/SRR24324626/SRR24324626_2.fastq.gz	run	A	CVCL_ZC60	R1-AD1	74982644.0	SRR24324626
SRX34536119	PAIRED		run	A	CVCL_1629	OVCAR-8	74831198.0	SRR39864098;SRR39864111
SRX20119035	PAIRED	ftp.sra.ebi.ac.uk/vol1/fastq/SRR243/086/SRR24324586/SRR24324586_1.fastq.gz;ftp.sra.ebi.ac.uk/vol1/fastq/SRR243/086/SRR24324586/SRR24324586_2.fastq.gz	run	A	CVCL_ZC60	R1-AD1	74350897.0	SRR24324586
SRX32258781	PAIRED		run	A	CVCL_1Y70	S462	72826915.0	SRR37344690
SRX28229015	SINGLE	ftp.sra.ebi.ac.uk/vol1/fastq/SRR329/001/SRR32955001/SRR32955001.fastq.gz	run	B	CVCL_1411	MHH-ES-1	72759193.0	SRR32955001
SRX30424326	SINGLE	ftp.sra.ebi.ac.uk/vol1/fastq/SRR353/013/SRR35323113/SRR35323113.fastq.gz	run	A	CVCL_3653	BJ	72520900.0	SRR35323113
SRX15236040	SINGLE	ftp.sra.ebi.ac.uk/vol1/fastq/SRR191/068/SRR19170468/SRR19170468.fastq.gz	run	B	CVCL_5589	SUM 1315M02	72477848.0	SRR19170468
SRX29630030	PAIRED	ftp.sra.ebi.ac.uk/vol1/fastq/SRR344/013/SRR34486113/SRR34486113_1.fastq.gz;ftp.sra.ebi.ac.uk/vol1/fastq/SRR344/013/SRR34486113/SRR34486113_2.fastq.gz	run	B	CVCL_1430	MSTO-211H	72428470.0	SRR34486113
SRX32258777	PAIRED		run	A	CVCL_1Y70	S462	72048923.0	SRR37344699
SRX20118992	PAIRED	ftp.sra.ebi.ac.uk/vol1/fastq/SRR243/029/SRR24324629/SRR24324629_1.fastq.gz;ftp.sra.ebi.ac.uk/vol1/fastq/SRR243/029/SRR24324629/SRR24324629_2.fastq.gz	run	A	CVCL_ZC60	R1-AD1	72043962.0	SRR24324629
SRX15236058	SINGLE	ftp.sra.ebi.ac.uk/vol1/fastq/SRR191/050/SRR19170450/SRR19170450.fastq.gz	run	B	CVCL_1245	HCC1143	71738641.0	SRR19170450
SRX20119034	PAIRED	ftp.sra.ebi.ac.uk/vol1/fastq/SRR243/087/SRR24324587/SRR24324587_1.fastq.gz;ftp.sra.ebi.ac.uk/vol1/fastq/SRR243/087/SRR24324587/SRR24324587_2.fastq.gz	run	A	CVCL_ZC60	R1-AD1	71667337.0	SRR24324587
SRX15236060	SINGLE	ftp.sra.ebi.ac.uk/vol1/fastq/SRR191/048/SRR19170448/SRR19170448.fastq.gz	run	B	CVCL_1249	HCC1395	71476100.0	SRR19170448
SRX29630029	PAIRED	ftp.sra.ebi.ac.uk/vol1/fastq/SRR344/014/SRR34486114/SRR34486114_1.fastq.gz;ftp.sra.ebi.ac.uk/vol1/fastq/SRR344/014/SRR34486114/SRR34486114_2.fastq.gz	run	B	CVCL_1430	MSTO-211H	71118781.0	SRR34486114
SRX20119040	PAIRED	ftp.sra.ebi.ac.uk/vol1/fastq/SRR243/081/SRR24324581/SRR24324581_1.fastq.gz;ftp.sra.ebi.ac.uk/vol1/fastq/SRR243/081/SRR24324581/SRR24324581_2.fastq.gz	run	A	CVCL_ZC60	R1-AD1	71099600.0	SRR24324581
SRX15236050	SINGLE	ftp.sra.ebi.ac.uk/vol1/fastq/SRR191/058/SRR19170458/SRR19170458.fastq.gz	run	B	CVCL_5591	SUM 185PE	70739116.0	SRR19170458
SRX20119042	PAIRED	ftp.sra.ebi.ac.uk/vol1/fastq/SRR243/079/SRR24324579/SRR24324579_1.fastq.gz;ftp.sra.ebi.ac.uk/vol1/fastq/SRR243/079/SRR24324579/SRR24324579_2.fastq.gz	run	A	CVCL_ZC60	R1-AD1	70590230.0	SRR24324579
SRX20118993	PAIRED	ftp.sra.ebi.ac.uk/vol1/fastq/SRR243/028/SRR24324628/SRR24324628_1.fastq.gz;ftp.sra.ebi.ac.uk/vol1/fastq/SRR243/028/SRR24324628/SRR24324628_2.fastq.gz	run	A	CVCL_ZC60	R1-AD1	70518031.0	SRR24324628
SRX20118998	PAIRED	ftp.sra.ebi.ac.uk/vol1/fastq/SRR243/023/SRR24324623/SRR24324623_1.fastq.gz;ftp.sra.ebi.ac.uk/vol1/fastq/SRR243/023/SRR24324623/SRR24324623_2.fastq.gz	run	A	CVCL_ZC60	R1-AD1	70447109.0	SRR24324623
SRX32258776	PAIRED		run	A	CVCL_8917	STS26T	70073845.0	SRR37344695
SRX29630055	PAIRED	ftp.sra.ebi.ac.uk/vol1/fastq/SRR344/088/SRR34486088/SRR34486088_1.fastq.gz;ftp.sra.ebi.ac.uk/vol1/fastq/SRR344/088/SRR34486088/SRR34486088_2.fastq.gz	run	B	CVCL_1430	MSTO-211H	70061324.0	SRR34486088
SRX20118987	PAIRED	ftp.sra.ebi.ac.uk/vol1/fastq/SRR243/034/SRR24324634/SRR24324634_1.fastq.gz;ftp.sra.ebi.ac.uk/vol1/fastq/SRR243/034/SRR24324634/SRR24324634_2.fastq.gz	run	A	CVCL_ZC60	R1-AD1	69735612.0	SRR24324634
SRX20119000	PAIRED	ftp.sra.ebi.ac.uk/vol1/fastq/SRR243/021/SRR24324621/SRR24324621_1.fastq.gz;ftp.sra.ebi.ac.uk/vol1/fastq/SRR243/021/SRR24324621/SRR24324621_2.fastq.gz	run	A	CVCL_ZC60	R1-AD1	69647030.0	SRR24324621
SRX15236038	SINGLE	ftp.sra.ebi.ac.uk/vol1/fastq/SRR191/070/SRR19170470/SRR19170470.fastq.gz	run	A	CVCL_5215	PMC42	69635987.0	SRR19170470
SRX30320313	PAIRED	ftp.sra.ebi.ac.uk/vol1/fastq/SRR352/096/SRR35216496/SRR35216496_1.fastq.gz;ftp.sra.ebi.ac.uk/vol1/fastq/SRR352/096/SRR35216496/SRR35216496_2.fastq.gz	run	A	CVCL_1384	LS-174T	69519219.0	SRR35216496
SRX20119002	PAIRED	ftp.sra.ebi.ac.uk/vol1/fastq/SRR243/019/SRR24324619/SRR24324619_1.fastq.gz;ftp.sra.ebi.ac.uk/vol1/fastq/SRR243/019/SRR24324619/SRR24324619_2.fastq.gz	run	A	CVCL_ZC60	R1-AD1	69043257.0	SRR24324619
SRX20119032	PAIRED	ftp.sra.ebi.ac.uk/vol1/fastq/SRR243/089/SRR24324589/SRR24324589_1.fastq.gz;ftp.sra.ebi.ac.uk/vol1/fastq/SRR243/089/SRR24324589/SRR24324589_2.fastq.gz	run	A	CVCL_ZC60	R1-AD1	68936615.0	SRR24324589
SRX34536104	PAIRED		run	A	CVCL_1629	OVCAR-8	68377759.0	SRR39864127;SRR39864140
SRX32258778	PAIRED		run	A	CVCL_1B47	90-8TL	68328347.0	SRR37344694
SRX29630028	PAIRED	ftp.sra.ebi.ac.uk/vol1/fastq/SRR344/015/SRR34486115/SRR34486115_1.fastq.gz;ftp.sra.ebi.ac.uk/vol1/fastq/SRR344/015/SRR34486115/SRR34486115_2.fastq.gz	run	B	CVCL_1430	MSTO-211H	68298697.0	SRR34486115
SRX20118988	PAIRED	ftp.sra.ebi.ac.uk/vol1/fastq/SRR243/033/SRR24324633/SRR24324633_1.fastq.gz;ftp.sra.ebi.ac.uk/vol1/fastq/SRR243/033/SRR24324633/SRR24324633_2.fastq.gz	run	A	CVCL_ZC60	R1-AD1	68120457.0	SRR24324633
SRX25275884	PAIRED	ftp.sra.ebi.ac.uk/vol1/fastq/SRR297/017/SRR29775917/SRR29775917_1.fastq.gz;ftp.sra.ebi.ac.uk/vol1/fastq/SRR297/017/SRR29775917/SRR29775917_2.fastq.gz	run	A	CVCL_1469	NCI-H1417	67620302.0	SRR29775917
SRX29630034	PAIRED	ftp.sra.ebi.ac.uk/vol1/fastq/SRR344/009/SRR34486109/SRR34486109_1.fastq.gz;ftp.sra.ebi.ac.uk/vol1/fastq/SRR344/009/SRR34486109/SRR34486109_2.fastq.gz	run	B	CVCL_1430	MSTO-211H	67608822.0	SRR34486109
SRX22643555	PAIRED	ftp.sra.ebi.ac.uk/vol1/fastq/SRR269/091/SRR26949791/SRR26949791_1.fastq.gz;ftp.sra.ebi.ac.uk/vol1/fastq/SRR269/091/SRR26949791/SRR26949791_2.fastq.gz	run	A	CVCL_5008	SNU-1079	67187671.0	SRR26949791
SRX20118994	PAIRED	ftp.sra.ebi.ac.uk/vol1/fastq/SRR243/027/SRR24324627/SRR24324627_1.fastq.gz;ftp.sra.ebi.ac.uk/vol1/fastq/SRR243/027/SRR24324627/SRR24324627_2.fastq.gz	run	A	CVCL_ZC60	R1-AD1	67041091.0	SRR24324627
SRX15949751	SINGLE	ftp.sra.ebi.ac.uk/vol1/fastq/SRR199/068/SRR19906968/SRR19906968.fastq.gz	run	B	CVCL_0179	BT-474	67018505.0	SRR19906968
SRX33309262	PAIRED	ftp.sra.ebi.ac.uk/vol1/fastq/SRR384/055/SRR38494055/SRR38494055_1.fastq.gz;ftp.sra.ebi.ac.uk/vol1/fastq/SRR384/055/SRR38494055/SRR38494055_2.fastq.gz	run	A	CVCL_6832	HCCLM3	66989437.0	SRR38494055
SRX20118997	PAIRED	ftp.sra.ebi.ac.uk/vol1/fastq/SRR243/024/SRR24324624/SRR24324624_1.fastq.gz;ftp.sra.ebi.ac.uk/vol1/fastq/SRR243/024/SRR24324624/SRR24324624_2.fastq.gz	run	A	CVCL_ZC60	R1-AD1	66690385.0	SRR24324624
SRX20118990	PAIRED	ftp.sra.ebi.ac.uk/vol1/fastq/SRR243/031/SRR24324631/SRR24324631_1.fastq.gz;ftp.sra.ebi.ac.uk/vol1/fastq/SRR243/031/SRR24324631/SRR24324631_2.fastq.gz	run	A	CVCL_ZC60	R1-AD1	65791901.0	SRR24324631
SRX22643557	PAIRED	ftp.sra.ebi.ac.uk/vol1/fastq/SRR269/089/SRR26949789/SRR26949789_1.fastq.gz;ftp.sra.ebi.ac.uk/vol1/fastq/SRR269/089/SRR26949789/SRR26949789_2.fastq.gz	run	A	CVCL_5008	SNU-1079	65790376.0	SRR26949789
SRX33309223	PAIRED	ftp.sra.ebi.ac.uk/vol1/fastq/SRR384/094/SRR38494094/SRR38494094_1.fastq.gz;ftp.sra.ebi.ac.uk/vol1/fastq/SRR384/094/SRR38494094/SRR38494094_2.fastq.gz	run	A	CVCL_6832	HCCLM3	65209204.0	SRR38494094
SRX28639570	PAIRED	ftp.sra.ebi.ac.uk/vol1/fastq/SRR333/047/SRR33396947/SRR33396947_1.fastq.gz;ftp.sra.ebi.ac.uk/vol1/fastq/SRR333/047/SRR33396947/SRR33396947_2.fastq.gz	run	B	CVCL_0234	Caki-1	64909319.0	SRR33396947
SRX26997405	PAIRED	ftp.sra.ebi.ac.uk/vol1/fastq/SRR316/085/SRR31633485/SRR31633485_1.fastq.gz;ftp.sra.ebi.ac.uk/vol1/fastq/SRR316/085/SRR31633485/SRR31633485_2.fastq.gz	run	B	CVCL_0395	LNCAP	64732869.0	SRR31633485
SRX10653002	PAIRED	ftp.sra.ebi.ac.uk/vol1/fastq/SRR142/036/SRR14295136/SRR14295136_1.fastq.gz;ftp.sra.ebi.ac.uk/vol1/fastq/SRR142/036/SRR14295136/SRR14295136_2.fastq.gz	run	B	CVCL_1324	KARPAS-299	64189966.0	SRR14295136
SRX20119038	PAIRED	ftp.sra.ebi.ac.uk/vol1/fastq/SRR243/083/SRR24324583/SRR24324583_1.fastq.gz;ftp.sra.ebi.ac.uk/vol1/fastq/SRR243/083/SRR24324583/SRR24324583_2.fastq.gz	run	A	CVCL_ZC60	R1-AD1	64088285.0	SRR24324583
SRX32258782	PAIRED		run	A	CVCL_1B47	90-8TL	63753953.0	SRR37344692
SRX20119031	PAIRED	ftp.sra.ebi.ac.uk/vol1/fastq/SRR243/090/SRR24324590/SRR24324590_1.fastq.gz;ftp.sra.ebi.ac.uk/vol1/fastq/SRR243/090/SRR24324590/SRR24324590_2.fastq.gz	run	A	CVCL_ZC60	R1-AD1	63721167.0	SRR24324590
SRX32258780	PAIRED		run	A	CVCL_8917	STS26T	63173273.0	SRR37344691
SRX25912991	PAIRED	ftp.sra.ebi.ac.uk/vol1/fastq/SRR304/015/SRR30488315/SRR30488315_1.fastq.gz;ftp.sra.ebi.ac.uk/vol1/fastq/SRR304/015/SRR30488315/SRR30488315_2.fastq.gz	run	B	CVCL_0395	LNCAP	62556322.0	SRR30488315
SRX25275885	PAIRED	ftp.sra.ebi.ac.uk/vol1/fastq/SRR297/016/SRR29775916/SRR29775916_1.fastq.gz;ftp.sra.ebi.ac.uk/vol1/fastq/SRR297/016/SRR29775916/SRR29775916_2.fastq.gz	run	A	CVCL_1469	NCI-H1417	62481742.0	SRR29775916
SRX33309250	PAIRED	ftp.sra.ebi.ac.uk/vol1/fastq/SRR384/067/SRR38494067/SRR38494067_1.fastq.gz;ftp.sra.ebi.ac.uk/vol1/fastq/SRR384/067/SRR38494067/SRR38494067_2.fastq.gz	run	A	CVCL_6832	HCCLM3	62218873.0	SRR38494067
SRX25275886	PAIRED	ftp.sra.ebi.ac.uk/vol1/fastq/SRR297/015/SRR29775915/SRR29775915_1.fastq.gz;ftp.sra.ebi.ac.uk/vol1/fastq/SRR297/015/SRR29775915/SRR29775915_2.fastq.gz	run	A	CVCL_1469	NCI-H1417	62154328.0	SRR29775915
SRX10653007	PAIRED	ftp.sra.ebi.ac.uk/vol1/fastq/SRR142/041/SRR14295141/SRR14295141_1.fastq.gz;ftp.sra.ebi.ac.uk/vol1/fastq/SRR142/041/SRR14295141/SRR14295141_2.fastq.gz	run	A	CVCL_RL84	SMZ-1	62016507.0	SRR14295141
SRX28193399	PAIRED	ftp.sra.ebi.ac.uk/vol1/fastq/SRR329/081/SRR32918481/SRR32918481_1.fastq.gz;ftp.sra.ebi.ac.uk/vol1/fastq/SRR329/081/SRR32918481/SRR32918481_2.fastq.gz	run	B	CVCL_1818	GRANTA-519	61182716.0	SRR32918481
SRX26997404	PAIRED	ftp.sra.ebi.ac.uk/vol1/fastq/SRR316/086/SRR31633486/SRR31633486_1.fastq.gz;ftp.sra.ebi.ac.uk/vol1/fastq/SRR316/086/SRR31633486/SRR31633486_2.fastq.gz	run	B	CVCL_0395	LNCAP	60758874.0	SRR31633486
SRX30173695	PAIRED		run	A	CVCL_C8FR	OS052	60736733.0	SRR35059554;SRR35059555
SRX17042658	PAIRED	ftp.sra.ebi.ac.uk/vol1/fastq/SRR210/026/SRR21026526/SRR21026526_1.fastq.gz;ftp.sra.ebi.ac.uk/vol1/fastq/SRR210/026/SRR21026526/SRR21026526_2.fastq.gz	run	A	CVCL_IT39	SU-DIPG-IV	60725823.0	SRR21026526
SRX19738131	PAIRED	ftp.sra.ebi.ac.uk/vol1/fastq/SRR239/034/SRR23927934/SRR23927934_1.fastq.gz;ftp.sra.ebi.ac.uk/vol1/fastq/SRR239/034/SRR23927934/SRR23927934_2.fastq.gz	run	A	CVCL_IT39	SU-DIPG-IV	60725823.0	SRR23927934
SRX20119001	PAIRED	ftp.sra.ebi.ac.uk/vol1/fastq/SRR243/020/SRR24324620/SRR24324620_1.fastq.gz;ftp.sra.ebi.ac.uk/vol1/fastq/SRR243/020/SRR24324620/SRR24324620_2.fastq.gz	run	A	CVCL_ZC60	R1-AD1	60718490.0	SRR24324620
SRX20119036	PAIRED	ftp.sra.ebi.ac.uk/vol1/fastq/SRR243/085/SRR24324585/SRR24324585_1.fastq.gz;ftp.sra.ebi.ac.uk/vol1/fastq/SRR243/085/SRR24324585/SRR24324585_2.fastq.gz	run	A	CVCL_ZC60	R1-AD1	60623797.0	SRR24324585
SRX20119039	PAIRED	ftp.sra.ebi.ac.uk/vol1/fastq/SRR243/082/SRR24324582/SRR24324582_1.fastq.gz;ftp.sra.ebi.ac.uk/vol1/fastq/SRR243/082/SRR24324582/SRR24324582_2.fastq.gz	run	A	CVCL_ZC60	R1-AD1	60527877.0	SRR24324582
SRX20118999	PAIRED	ftp.sra.ebi.ac.uk/vol1/fastq/SRR243/022/SRR24324622/SRR24324622_1.fastq.gz;ftp.sra.ebi.ac.uk/vol1/fastq/SRR243/022/SRR24324622/SRR24324622_2.fastq.gz	run	A	CVCL_ZC60	R1-AD1	60223902.0	SRR24324622
SRX33309222	PAIRED	ftp.sra.ebi.ac.uk/vol1/fastq/SRR384/095/SRR38494095/SRR38494095_1.fastq.gz;ftp.sra.ebi.ac.uk/vol1/fastq/SRR384/095/SRR38494095/SRR38494095_2.fastq.gz	run	A	CVCL_6832	HCCLM3	59973874.0	SRR38494095
SRX25913019	PAIRED	ftp.sra.ebi.ac.uk/vol1/fastq/SRR304/087/SRR30488287/SRR30488287_1.fastq.gz;ftp.sra.ebi.ac.uk/vol1/fastq/SRR304/087/SRR30488287/SRR30488287_2.fastq.gz	run	B	CVCL_0395	LNCAP	59384730.0	SRR30488287
SRX20188906	PAIRED	ftp.sra.ebi.ac.uk/vol1/fastq/SRR243/004/SRR24394004/SRR24394004_1.fastq.gz;ftp.sra.ebi.ac.uk/vol1/fastq/SRR243/004/SRR24394004/SRR24394004_2.fastq.gz	run	B	CVCL_1115	CAMA-1	59325561.0	SRR24394004
SRX27410587	PAIRED	ftp.sra.ebi.ac.uk/vol1/fastq/SRR320/048/SRR32061748/SRR32061748_1.fastq.gz;ftp.sra.ebi.ac.uk/vol1/fastq/SRR320/048/SRR32061748/SRR32061748_2.fastq.gz	run	B	CVCL_1735	SU-DHL-5	59304368.0	SRR32061748
SRX30647467	SINGLE		run	A	CVCL_1456	NCI-H1155	59272377.0	SRR35574653
SRX20118996	PAIRED	ftp.sra.ebi.ac.uk/vol1/fastq/SRR243/025/SRR24324625/SRR24324625_1.fastq.gz;ftp.sra.ebi.ac.uk/vol1/fastq/SRR243/025/SRR24324625/SRR24324625_2.fastq.gz	run	A	CVCL_ZC60	R1-AD1	59001316.0	SRR24324625
SRX20292749	SINGLE	ftp.sra.ebi.ac.uk/vol1/fastq/SRR245/042/SRR24508242/SRR24508242.fastq.gz	run	A	CVCL_1135	COLO-800	58952462.0	SRR24508242
SRX30647470	SINGLE	ftp.sra.ebi.ac.uk/vol1/fastq/SRR355/050/SRR35574650/SRR35574650.fastq.gz	run	A	CVCL_1456	NCI-H1155	57464151.0	SRR35574650
SRX10652985	PAIRED	ftp.sra.ebi.ac.uk/vol1/fastq/SRR142/019/SRR14295119/SRR14295119_1.fastq.gz;ftp.sra.ebi.ac.uk/vol1/fastq/SRR142/019/SRR14295119/SRR14295119_2.fastq.gz	run	B	CVCL_0538	SU-DHL-1	56774699.0	SRR14295119
SRX30320310	PAIRED	ftp.sra.ebi.ac.uk/vol1/fastq/SRR352/095/SRR35216495/SRR35216495_1.fastq.gz;ftp.sra.ebi.ac.uk/vol1/fastq/SRR352/095/SRR35216495/SRR35216495_2.fastq.gz	run	A	CVCL_1384	LS-174T	56629439.0	SRR35216495
SRX27410585	PAIRED	ftp.sra.ebi.ac.uk/vol1/fastq/SRR320/050/SRR32061750/SRR32061750_1.fastq.gz;ftp.sra.ebi.ac.uk/vol1/fastq/SRR320/050/SRR32061750/SRR32061750_2.fastq.gz	run	B	CVCL_1735	SU-DHL-5	56269204.0	SRR32061750
SRX26709348	SINGLE	ftp.sra.ebi.ac.uk/vol1/fastq/SRR313/095/SRR31331995/SRR31331995.fastq.gz	run	B	CVCL_1576	NCI-H660	55941202.0	SRR31331995
SRX15556420	SINGLE	ftp.sra.ebi.ac.uk/vol1/fastq/SRR195/004/SRR19503704/SRR19503704.fastq.gz	run	A	CVCL_0458	NCI-H295R	55467217.0	SRR19503704
SRX33309238	PAIRED	ftp.sra.ebi.ac.uk/vol1/fastq/SRR384/079/SRR38494079/SRR38494079_1.fastq.gz;ftp.sra.ebi.ac.uk/vol1/fastq/SRR384/079/SRR38494079/SRR38494079_2.fastq.gz	run	A	CVCL_6832	HCCLM3	55257052.0	SRR38494079
SRX26535969	PAIRED		run	A	CVCL_1629	OVCAR-8	55251154.0	SRR31152299
SRX26634094	PAIRED	ftp.sra.ebi.ac.uk/vol1/fastq/SRR312/029/SRR31254729/SRR31254729_1.fastq.gz;ftp.sra.ebi.ac.uk/vol1/fastq/SRR312/029/SRR31254729/SRR31254729_2.fastq.gz	run	A	CVCL_0389	LA-N-5	54658521.0	SRR31254729
SRX30320312	PAIRED	ftp.sra.ebi.ac.uk/vol1/fastq/SRR352/093/SRR35216493/SRR35216493_1.fastq.gz;ftp.sra.ebi.ac.uk/vol1/fastq/SRR352/093/SRR35216493/SRR35216493_2.fastq.gz	run	A	CVCL_1384	LS-174T	54412063.0	SRR35216493
SRX25913036	PAIRED	ftp.sra.ebi.ac.uk/vol1/fastq/SRR304/070/SRR30488270/SRR30488270_1.fastq.gz;ftp.sra.ebi.ac.uk/vol1/fastq/SRR304/070/SRR30488270/SRR30488270_2.fastq.gz	run	B	CVCL_0395	LNCAP	54205009.0	SRR30488270
SRX27114351	PAIRED	ftp.sra.ebi.ac.uk/vol1/fastq/SRR317/075/SRR31752475/SRR31752475_1.fastq.gz;ftp.sra.ebi.ac.uk/vol1/fastq/SRR317/075/SRR31752475/SRR31752475_2.fastq.gz	run	A	CVCL_1433	MUTZ-3	54124871.0	SRR31752475
SRX30251247	PAIRED	ftp.sra.ebi.ac.uk/vol1/fastq/SRR351/068/SRR35145668/SRR35145668_1.fastq.gz;ftp.sra.ebi.ac.uk/vol1/fastq/SRR351/068/SRR35145668/SRR35145668_2.fastq.gz	run	A	CVCL_1469	NCI-H1417	53356432.0	SRR35145668
SRX29630052	PAIRED	ftp.sra.ebi.ac.uk/vol1/fastq/SRR344/091/SRR34486091/SRR34486091_1.fastq.gz;ftp.sra.ebi.ac.uk/vol1/fastq/SRR344/091/SRR34486091/SRR34486091_2.fastq.gz	run	B	CVCL_1430	MSTO-211H	52986994.0	SRR34486091
SRX25913038	PAIRED	ftp.sra.ebi.ac.uk/vol1/fastq/SRR304/067/SRR30488267/SRR30488267_1.fastq.gz;ftp.sra.ebi.ac.uk/vol1/fastq/SRR304/067/SRR30488267/SRR30488267_2.fastq.gz	run	B	CVCL_0395	LNCAP	52831838.0	SRR30488267
SRX26709347	SINGLE	ftp.sra.ebi.ac.uk/vol1/fastq/SRR313/096/SRR31331996/SRR31331996.fastq.gz	run	B	CVCL_1576	NCI-H660	52590153.0	SRR31331996
SRX30320311	PAIRED	ftp.sra.ebi.ac.uk/vol1/fastq/SRR352/094/SRR35216494/SRR35216494_1.fastq.gz;ftp.sra.ebi.ac.uk/vol1/fastq/SRR352/094/SRR35216494/SRR35216494_2.fastq.gz	run	A	CVCL_1384	LS-174T	52494160.0	SRR35216494
SRX25913041	PAIRED	ftp.sra.ebi.ac.uk/vol1/fastq/SRR304/068/SRR30488268/SRR30488268_1.fastq.gz;ftp.sra.ebi.ac.uk/vol1/fastq/SRR304/068/SRR30488268/SRR30488268_2.fastq.gz	run	B	CVCL_0395	LNCAP	52486850.0	SRR30488268
SRX26997402	PAIRED	ftp.sra.ebi.ac.uk/vol1/fastq/SRR316/087/SRR31633487/SRR31633487_1.fastq.gz;ftp.sra.ebi.ac.uk/vol1/fastq/SRR316/087/SRR31633487/SRR31633487_2.fastq.gz	run	B	CVCL_0395	LNCAP	52367149.0	SRR31633487
SRX17042657	PAIRED	ftp.sra.ebi.ac.uk/vol1/fastq/SRR210/027/SRR21026527/SRR21026527_1.fastq.gz;ftp.sra.ebi.ac.uk/vol1/fastq/SRR210/027/SRR21026527/SRR21026527_2.fastq.gz	run	A	CVCL_IT39	SU-DIPG-IV	51840647.0	SRR21026527
SRX25913037	PAIRED	ftp.sra.ebi.ac.uk/vol1/fastq/SRR304/069/SRR30488269/SRR30488269_1.fastq.gz;ftp.sra.ebi.ac.uk/vol1/fastq/SRR304/069/SRR30488269/SRR30488269_2.fastq.gz	run	B	CVCL_0395	LNCAP	51836765.0	SRR30488269
SRX33093564	PAIRED	ftp.sra.ebi.ac.uk/vol1/fastq/SRR382/020/SRR38256720/SRR38256720_1.fastq.gz;ftp.sra.ebi.ac.uk/vol1/fastq/SRR382/020/SRR38256720/SRR38256720_2.fastq.gz	run	A	CVCL_3143	QGP-1	51622301.0	SRR38256720
SRX26997403	PAIRED	ftp.sra.ebi.ac.uk/vol1/fastq/SRR316/090/SRR31633490/SRR31633490_1.fastq.gz;ftp.sra.ebi.ac.uk/vol1/fastq/SRR316/090/SRR31633490/SRR31633490_2.fastq.gz	run	B	CVCL_0395	LNCAP	51278685.0	SRR31633490
SRX23562568	PAIRED	ftp.sra.ebi.ac.uk/vol1/fastq/SRR279/003/SRR27902503/SRR27902503_1.fastq.gz;ftp.sra.ebi.ac.uk/vol1/fastq/SRR279/003/SRR27902503/SRR27902503_2.fastq.gz	run	A	CVCL_XK00	M397	51211930.0	SRR27902503
SRX30251244	PAIRED	ftp.sra.ebi.ac.uk/vol1/fastq/SRR351/071/SRR35145671/SRR35145671_1.fastq.gz;ftp.sra.ebi.ac.uk/vol1/fastq/SRR351/071/SRR35145671/SRR35145671_2.fastq.gz	run	A	CVCL_1469	NCI-H1417	50748270.0	SRR35145671
SRX25275887	PAIRED	ftp.sra.ebi.ac.uk/vol1/fastq/SRR297/014/SRR29775914/SRR29775914_1.fastq.gz;ftp.sra.ebi.ac.uk/vol1/fastq/SRR297/014/SRR29775914/SRR29775914_2.fastq.gz	run	A	CVCL_1469	NCI-H1417	50715951.0	SRR29775914
SRX33093563	PAIRED	ftp.sra.ebi.ac.uk/vol1/fastq/SRR382/021/SRR38256721/SRR38256721_1.fastq.gz;ftp.sra.ebi.ac.uk/vol1/fastq/SRR382/021/SRR38256721/SRR38256721_2.fastq.gz	run	A	CVCL_3143	QGP-1	50584488.0	SRR38256721
SRX22643556	PAIRED	ftp.sra.ebi.ac.uk/vol1/fastq/SRR269/090/SRR26949790/SRR26949790_1.fastq.gz;ftp.sra.ebi.ac.uk/vol1/fastq/SRR269/090/SRR26949790/SRR26949790_2.fastq.gz	run	A	CVCL_5008	SNU-1079	49800378.0	SRR26949790
SRX23562565	PAIRED	ftp.sra.ebi.ac.uk/vol1/fastq/SRR279/006/SRR27902506/SRR27902506_1.fastq.gz;ftp.sra.ebi.ac.uk/vol1/fastq/SRR279/006/SRR27902506/SRR27902506_2.fastq.gz	run	A	CVCL_XK00	M397	49295982.0	SRR27902506
SRX25913039	PAIRED	ftp.sra.ebi.ac.uk/vol1/fastq/SRR304/066/SRR30488266/SRR30488266_1.fastq.gz;ftp.sra.ebi.ac.uk/vol1/fastq/SRR304/066/SRR30488266/SRR30488266_2.fastq.gz	run	B	CVCL_0395	LNCAP	49263328.0	SRR30488266
SRX24406255	SINGLE	ftp.sra.ebi.ac.uk/vol1/fastq/SRR288/099/SRR28844499/SRR28844499.fastq.gz	run	A	CVCL_7146	SYO1	49098363.0	SRR28844499
SRX20188908	PAIRED	ftp.sra.ebi.ac.uk/vol1/fastq/SRR243/099/SRR24393999/SRR24393999_1.fastq.gz;ftp.sra.ebi.ac.uk/vol1/fastq/SRR243/099/SRR24393999/SRR24393999_2.fastq.gz	run	B	CVCL_1115	CAMA-1	48619378.0	SRR24393999
SRX30424327	SINGLE	ftp.sra.ebi.ac.uk/vol1/fastq/SRR353/012/SRR35323112/SRR35323112.fastq.gz	run	A	CVCL_3653	BJ	48449493.0	SRR35323112
SRX25913018	PAIRED	ftp.sra.ebi.ac.uk/vol1/fastq/SRR304/088/SRR30488288/SRR30488288_1.fastq.gz;ftp.sra.ebi.ac.uk/vol1/fastq/SRR304/088/SRR30488288/SRR30488288_2.fastq.gz	run	B	CVCL_0395	LNCAP	48031553.0	SRR30488288
SRX27240990	PAIRED	ftp.sra.ebi.ac.uk/vol1/fastq/SRR318/087/SRR31882487/SRR31882487_1.fastq.gz;ftp.sra.ebi.ac.uk/vol1/fastq/SRR318/087/SRR31882487/SRR31882487_2.fastq.gz	run	A	CVCL_1433	MUTZ-3	47635109.0	SRR31882487
SRX27410581	PAIRED	ftp.sra.ebi.ac.uk/vol1/fastq/SRR320/054/SRR32061754/SRR32061754_1.fastq.gz;ftp.sra.ebi.ac.uk/vol1/fastq/SRR320/054/SRR32061754/SRR32061754_2.fastq.gz	run	B	CVCL_1735	SU-DHL-5	47538956.0	SRR32061754
SRX23562566	PAIRED	ftp.sra.ebi.ac.uk/vol1/fastq/SRR279/005/SRR27902505/SRR27902505_1.fastq.gz;ftp.sra.ebi.ac.uk/vol1/fastq/SRR279/005/SRR27902505/SRR27902505_2.fastq.gz	run	A	CVCL_XK00	M397	47064161.0	SRR27902505
SRX15556421	SINGLE	ftp.sra.ebi.ac.uk/vol1/fastq/SRR195/003/SRR19503703/SRR19503703.fastq.gz	run	A	CVCL_0458	NCI-H295R	47008354.0	SRR19503703
SRX27240988	PAIRED	ftp.sra.ebi.ac.uk/vol1/fastq/SRR318/089/SRR31882489/SRR31882489_1.fastq.gz;ftp.sra.ebi.ac.uk/vol1/fastq/SRR318/089/SRR31882489/SRR31882489_2.fastq.gz	run	A	CVCL_1433	MUTZ-3	46778339.0	SRR31882489
SRX15949749	SINGLE	ftp.sra.ebi.ac.uk/vol1/fastq/SRR199/070/SRR19906970/SRR19906970.fastq.gz	run	A	CVCL_2319	BT-483	46744915.0	SRR19906970
SRX27410586	PAIRED	ftp.sra.ebi.ac.uk/vol1/fastq/SRR320/049/SRR32061749/SRR32061749_1.fastq.gz;ftp.sra.ebi.ac.uk/vol1/fastq/SRR320/049/SRR32061749/SRR32061749_2.fastq.gz	run	B	CVCL_1735	SU-DHL-5	46475631.0	SRR32061749
SRX25913035	PAIRED	ftp.sra.ebi.ac.uk/vol1/fastq/SRR304/071/SRR30488271/SRR30488271_1.fastq.gz;ftp.sra.ebi.ac.uk/vol1/fastq/SRR304/071/SRR30488271/SRR30488271_2.fastq.gz	run	B	CVCL_0395	LNCAP	46233165.0	SRR30488271
SRX28639572	PAIRED	ftp.sra.ebi.ac.uk/vol1/fastq/SRR333/045/SRR33396945/SRR33396945_1.fastq.gz;ftp.sra.ebi.ac.uk/vol1/fastq/SRR333/045/SRR33396945/SRR33396945_2.fastq.gz	run	B	CVCL_0234	Caki-1	46071131.0	SRR33396945
SRX23562567	PAIRED	ftp.sra.ebi.ac.uk/vol1/fastq/SRR279/004/SRR27902504/SRR27902504_1.fastq.gz;ftp.sra.ebi.ac.uk/vol1/fastq/SRR279/004/SRR27902504/SRR27902504_2.fastq.gz	run	A	CVCL_XK00	M397	46042763.0	SRR27902504
SRX26997398	PAIRED	ftp.sra.ebi.ac.uk/vol1/fastq/SRR316/092/SRR31633492/SRR31633492_1.fastq.gz;ftp.sra.ebi.ac.uk/vol1/fastq/SRR316/092/SRR31633492/SRR31633492_2.fastq.gz	run	B	CVCL_0395	LNCAP	45247454.0	SRR31633492
SRX26845237	SINGLE	ftp.sra.ebi.ac.uk/vol1/fastq/SRR314/038/SRR31476638/SRR31476638.fastq.gz	run	B	CVCL_1627	OVCAR-4	45175407.0	SRR31476638
SRX27114350	PAIRED	ftp.sra.ebi.ac.uk/vol1/fastq/SRR317/076/SRR31752476/SRR31752476_1.fastq.gz;ftp.sra.ebi.ac.uk/vol1/fastq/SRR317/076/SRR31752476/SRR31752476_2.fastq.gz	run	A	CVCL_1433	MUTZ-3	45083928.0	SRR31752476
SRX31154263	PAIRED		run	B	CVCL_0395	LNCAP	44899963.0	SRR36109446;SRR36109447
SRX26845236	SINGLE	ftp.sra.ebi.ac.uk/vol1/fastq/SRR314/039/SRR31476639/SRR31476639.fastq.gz	run	B	CVCL_1627	OVCAR-4	44279136.0	SRR31476639
SRX20188907	PAIRED	ftp.sra.ebi.ac.uk/vol1/fastq/SRR243/001/SRR24394001/SRR24394001_1.fastq.gz;ftp.sra.ebi.ac.uk/vol1/fastq/SRR243/001/SRR24394001/SRR24394001_2.fastq.gz	run	B	CVCL_1115	CAMA-1	43563794.0	SRR24394001
SRX25912995	PAIRED	ftp.sra.ebi.ac.uk/vol1/fastq/SRR304/011/SRR30488311/SRR30488311_1.fastq.gz;ftp.sra.ebi.ac.uk/vol1/fastq/SRR304/011/SRR30488311/SRR30488311_2.fastq.gz	run	B	CVCL_0395	LNCAP	43246646.0	SRR30488311
SRX26997400	PAIRED	ftp.sra.ebi.ac.uk/vol1/fastq/SRR316/089/SRR31633489/SRR31633489_1.fastq.gz;ftp.sra.ebi.ac.uk/vol1/fastq/SRR316/089/SRR31633489/SRR31633489_2.fastq.gz	run	B	CVCL_0395	LNCAP	42243166.0	SRR31633489
SRX25913027	PAIRED	ftp.sra.ebi.ac.uk/vol1/fastq/SRR304/079/SRR30488279/SRR30488279_1.fastq.gz;ftp.sra.ebi.ac.uk/vol1/fastq/SRR304/079/SRR30488279/SRR30488279_2.fastq.gz	run	B	CVCL_0395	LNCAP	42167839.0	SRR30488279
SRX25913021	PAIRED	ftp.sra.ebi.ac.uk/vol1/fastq/SRR304/085/SRR30488285/SRR30488285_1.fastq.gz;ftp.sra.ebi.ac.uk/vol1/fastq/SRR304/085/SRR30488285/SRR30488285_2.fastq.gz	run	B	CVCL_0395	LNCAP	41943276.0	SRR30488285
SRX25275879	PAIRED	ftp.sra.ebi.ac.uk/vol1/fastq/SRR297/022/SRR29775922/SRR29775922_1.fastq.gz;ftp.sra.ebi.ac.uk/vol1/fastq/SRR297/022/SRR29775922/SRR29775922_2.fastq.gz	run	A	CVCL_1469	NCI-H1417	41743184.0	SRR29775922
SRX25913043	PAIRED	ftp.sra.ebi.ac.uk/vol1/fastq/SRR304/063/SRR30488263/SRR30488263_1.fastq.gz;ftp.sra.ebi.ac.uk/vol1/fastq/SRR304/063/SRR30488263/SRR30488263_2.fastq.gz	run	B	CVCL_0395	LNCAP	41735051.0	SRR30488263
SRX25913033	PAIRED	ftp.sra.ebi.ac.uk/vol1/fastq/SRR304/076/SRR30488276/SRR30488276_1.fastq.gz;ftp.sra.ebi.ac.uk/vol1/fastq/SRR304/076/SRR30488276/SRR30488276_2.fastq.gz	run	B	CVCL_0395	LNCAP	41502920.0	SRR30488276
SRX25759851	SINGLE	ftp.sra.ebi.ac.uk/vol1/fastq/SRR302/085/SRR30299385/SRR30299385.fastq.gz	run	A	CVCL_0028	AN3 CA	41402242.0	SRR30299385
SRX25275888	PAIRED	ftp.sra.ebi.ac.uk/vol1/fastq/SRR297/013/SRR29775913/SRR29775913_1.fastq.gz;ftp.sra.ebi.ac.uk/vol1/fastq/SRR297/013/SRR29775913/SRR29775913_2.fastq.gz	run	A	CVCL_1469	NCI-H1417	40921245.0	SRR29775913
SRX10652986	PAIRED	ftp.sra.ebi.ac.uk/vol1/fastq/SRR142/020/SRR14295120/SRR14295120_1.fastq.gz;ftp.sra.ebi.ac.uk/vol1/fastq/SRR142/020/SRR14295120/SRR14295120_2.fastq.gz	run	B	CVCL_0538	SU-DHL-1	40844174.0	SRR14295120
SRX24784381	SINGLE	ftp.sra.ebi.ac.uk/vol1/fastq/SRR292/052/SRR29266752/SRR29266752.fastq.gz	run	A	CVCL_0028	AN3 CA	40816689.0	SRR29266752
SRX30647478	SINGLE	ftp.sra.ebi.ac.uk/vol1/fastq/SRR355/042/SRR35574642/SRR35574642.fastq.gz	run	A	CVCL_1456	NCI-H1155	40608846.0	SRR35574642
SRX10652988	PAIRED	ftp.sra.ebi.ac.uk/vol1/fastq/SRR142/022/SRR14295122/SRR14295122_1.fastq.gz;ftp.sra.ebi.ac.uk/vol1/fastq/SRR142/022/SRR14295122/SRR14295122_2.fastq.gz	run	B	CVCL_0538	SU-DHL-1	40599375.0	SRR14295122
SRX31110524	SINGLE	ftp.sra.ebi.ac.uk/vol1/fastq/SRR360/042/SRR36063842/SRR36063842.fastq.gz	run	A	CVCL_1577	NCI-H661	40250168.0	SRR36063842
SRX24585404	SINGLE	ftp.sra.ebi.ac.uk/vol1/fastq/SRR290/021/SRR29060721/SRR29060721.fastq.gz	run	B	CVCL_1067	ACHN	40097457.0	SRR29060721
SRX28249429	PAIRED	ftp.sra.ebi.ac.uk/vol1/fastq/SRR329/087/SRR32982587/SRR32982587_1.fastq.gz;ftp.sra.ebi.ac.uk/vol1/fastq/SRR329/087/SRR32982587/SRR32982587_2.fastq.gz	run	B	CVCL_1697	SJSA-1	39556689.0	SRR32982587
SRX25913029	PAIRED	ftp.sra.ebi.ac.uk/vol1/fastq/SRR304/077/SRR30488277/SRR30488277_1.fastq.gz;ftp.sra.ebi.ac.uk/vol1/fastq/SRR304/077/SRR30488277/SRR30488277_2.fastq.gz	run	B	CVCL_0395	LNCAP	39465898.0	SRR30488277
SRX23841025	SINGLE	ftp.sra.ebi.ac.uk/vol1/fastq/SRR282/036/SRR28229736/SRR28229736.fastq.gz	run	B	CVCL_1218	FaDu	38806265.0	SRR28229736
SRX25913040	PAIRED	ftp.sra.ebi.ac.uk/vol1/fastq/SRR304/065/SRR30488265/SRR30488265_1.fastq.gz;ftp.sra.ebi.ac.uk/vol1/fastq/SRR304/065/SRR30488265/SRR30488265_2.fastq.gz	run	B	CVCL_0395	LNCAP	38600946.0	SRR30488265
SRX28238972	PAIRED	ftp.sra.ebi.ac.uk/vol1/fastq/SRR329/098/SRR32965398/SRR32965398_1.fastq.gz;ftp.sra.ebi.ac.uk/vol1/fastq/SRR329/098/SRR32965398/SRR32965398_2.fastq.gz	run	B	CVCL_1544	NCI-H226	38104938.0	SRR32965398
SRX19935204	PAIRED	ftp.sra.ebi.ac.uk/vol1/fastq/SRR241/086/SRR24136586/SRR24136586.fastq.gz;ftp.sra.ebi.ac.uk/vol1/fastq/SRR241/086/SRR24136586/SRR24136586_1.fastq.gz;ftp.sra.ebi.ac.uk/vol1/fastq/SRR241/086/SRR24136586/SRR24136586_2.fastq.gz	run	A	CVCL_0067	NAMALWA	37985377.0	SRR24136586
SRX28654744	PAIRED	ftp.sra.ebi.ac.uk/vol1/fastq/SRR334/099/SRR33413699/SRR33413699_1.fastq.gz;ftp.sra.ebi.ac.uk/vol1/fastq/SRR334/099/SRR33413699/SRR33413699_2.fastq.gz	run	B	CVCL_0395	LNCAP	37515632.0	SRR33413699
SRX29039405	PAIRED	ftp.sra.ebi.ac.uk/vol1/fastq/SRR338/063/SRR33818163/SRR33818163_1.fastq.gz;ftp.sra.ebi.ac.uk/vol1/fastq/SRR338/063/SRR33818163/SRR33818163_2.fastq.gz	run	A	CVCL_S740	EWS502	37500050.0	SRR33818163
SRX27086948	PAIRED		run	A	CVCL_1456	NCI-H1155	37490032.0	SRR31724550
SRX25913025	PAIRED	ftp.sra.ebi.ac.uk/vol1/fastq/SRR304/084/SRR30488284/SRR30488284_1.fastq.gz;ftp.sra.ebi.ac.uk/vol1/fastq/SRR304/084/SRR30488284/SRR30488284_2.fastq.gz	run	B	CVCL_0395	LNCAP	37379292.0	SRR30488284
SRX24406251	SINGLE	ftp.sra.ebi.ac.uk/vol1/fastq/SRR288/003/SRR28844503/SRR28844503.fastq.gz	run	A	CVCL_7146	SYO1	37287000.0	SRR28844503
SRX31889179	PAIRED	ftp.sra.ebi.ac.uk/vol1/fastq/SRR369/016/SRR36922816/SRR36922816_1.fastq.gz;ftp.sra.ebi.ac.uk/vol1/fastq/SRR369/016/SRR36922816/SRR36922816_2.fastq.gz	run	A	CVCL_2956	huH-1	37020665.0	SRR36922816
SRX27086945	PAIRED		run	A	CVCL_1456	NCI-H1155	36650404.0	SRR31724553
SRX31154267	PAIRED		run	B	CVCL_0395	LNCAP	36443852.0	SRR36109438;SRR36109439
SRX20188905	PAIRED	ftp.sra.ebi.ac.uk/vol1/fastq/SRR243/007/SRR24394007/SRR24394007_1.fastq.gz;ftp.sra.ebi.ac.uk/vol1/fastq/SRR243/007/SRR24394007/SRR24394007_2.fastq.gz	run	B	CVCL_1115	CAMA-1	36430360.0	SRR24394007
SRX25913020	PAIRED	ftp.sra.ebi.ac.uk/vol1/fastq/SRR304/086/SRR30488286/SRR30488286_1.fastq.gz;ftp.sra.ebi.ac.uk/vol1/fastq/SRR304/086/SRR30488286/SRR30488286_2.fastq.gz	run	B	CVCL_0395	LNCAP	36317433.0	SRR30488286
SRX19935205	PAIRED	ftp.sra.ebi.ac.uk/vol1/fastq/SRR241/085/SRR24136585/SRR24136585.fastq.gz;ftp.sra.ebi.ac.uk/vol1/fastq/SRR241/085/SRR24136585/SRR24136585_1.fastq.gz;ftp.sra.ebi.ac.uk/vol1/fastq/SRR241/085/SRR24136585/SRR24136585_2.fastq.gz	run	A	CVCL_0067	NAMALWA	36292478.0	SRR24136585
SRX27240989	PAIRED	ftp.sra.ebi.ac.uk/vol1/fastq/SRR318/088/SRR31882488/SRR31882488_1.fastq.gz;ftp.sra.ebi.ac.uk/vol1/fastq/SRR318/088/SRR31882488/SRR31882488_2.fastq.gz	run	A	CVCL_1433	MUTZ-3	36211282.0	SRR31882488
SRX31889166	PAIRED	ftp.sra.ebi.ac.uk/vol1/fastq/SRR369/029/SRR36922829/SRR36922829_1.fastq.gz;ftp.sra.ebi.ac.uk/vol1/fastq/SRR369/029/SRR36922829/SRR36922829_2.fastq.gz	run	A	CVCL_2956	huH-1	36125435.0	SRR36922829
SRX30251280	PAIRED	ftp.sra.ebi.ac.uk/vol1/fastq/SRR351/032/SRR35145632/SRR35145632_1.fastq.gz;ftp.sra.ebi.ac.uk/vol1/fastq/SRR351/032/SRR35145632/SRR35145632_2.fastq.gz	run	B	CVCL_1473	NCI-H146	35622990.0	SRR35145632
SRX25634248	PAIRED	ftp.sra.ebi.ac.uk/vol1/fastq/SRR301/048/SRR30167548/SRR30167548_1.fastq.gz;ftp.sra.ebi.ac.uk/vol1/fastq/SRR301/048/SRR30167548/SRR30167548_2.fastq.gz	run	A	CVCL_4784	C4-2B	35622435.0	SRR30167548
SRX27086950	PAIRED		run	A	CVCL_1456	NCI-H1155	35362780.0	SRR31724548
SRX23839775	PAIRED	ftp.sra.ebi.ac.uk/vol1/fastq/SRR282/037/SRR28228437/SRR28228437_1.fastq.gz;ftp.sra.ebi.ac.uk/vol1/fastq/SRR282/037/SRR28228437/SRR28228437_2.fastq.gz	run	A	CVCL_0458	NCI-H295R	35308971.0	SRR28228437
SRX31889178	PAIRED	ftp.sra.ebi.ac.uk/vol1/fastq/SRR369/017/SRR36922817/SRR36922817_1.fastq.gz;ftp.sra.ebi.ac.uk/vol1/fastq/SRR369/017/SRR36922817/SRR36922817_2.fastq.gz	run	A	CVCL_2956	huH-1	35262768.0	SRR36922817
SRX24406256	SINGLE	ftp.sra.ebi.ac.uk/vol1/fastq/SRR288/098/SRR28844498/SRR28844498.fastq.gz	run	A	CVCL_7146	SYO1	34907447.0	SRR28844498
SRX27086949	PAIRED		run	A	CVCL_1456	NCI-H1155	34785608.0	SRR31724549
SRX19935551	SINGLE	ftp.sra.ebi.ac.uk/vol1/fastq/SRR241/096/SRR24136996/SRR24136996.fastq.gz	run	A	CVCL_0067	NAMALWA	34696840.0	SRR24136996
SRX25913032	PAIRED	ftp.sra.ebi.ac.uk/vol1/fastq/SRR304/073/SRR30488273/SRR30488273_1.fastq.gz;ftp.sra.ebi.ac.uk/vol1/fastq/SRR304/073/SRR30488273/SRR30488273_2.fastq.gz	run	B	CVCL_0395	LNCAP	34595326.0	SRR30488273
SRX30647474	SINGLE	ftp.sra.ebi.ac.uk/vol1/fastq/SRR355/046/SRR35574646/SRR35574646.fastq.gz	run	A	CVCL_1456	NCI-H1155	34332478.0	SRR35574646
SRX25913042	PAIRED	ftp.sra.ebi.ac.uk/vol1/fastq/SRR304/064/SRR30488264/SRR30488264_1.fastq.gz;ftp.sra.ebi.ac.uk/vol1/fastq/SRR304/064/SRR30488264/SRR30488264_2.fastq.gz	run	B	CVCL_0395	LNCAP	34262100.0	SRR30488264
SRX20079512	PAIRED	ftp.sra.ebi.ac.uk/vol1/fastq/SRR242/034/SRR24284034/SRR24284034_1.fastq.gz;ftp.sra.ebi.ac.uk/vol1/fastq/SRR242/034/SRR24284034/SRR24284034_2.fastq.gz	run	B	CVCL_1290	HT	33962676.0	SRR24284034
SRX28639569	PAIRED	ftp.sra.ebi.ac.uk/vol1/fastq/SRR333/048/SRR33396948/SRR33396948_1.fastq.gz;ftp.sra.ebi.ac.uk/vol1/fastq/SRR333/048/SRR33396948/SRR33396948_2.fastq.gz	run	B	CVCL_0234	Caki-1	33918796.0	SRR33396948
SRX27086947	PAIRED		run	A	CVCL_1456	NCI-H1155	33875521.0	SRR31724551
SRX31889168	PAIRED	ftp.sra.ebi.ac.uk/vol1/fastq/SRR369/027/SRR36922827/SRR36922827_1.fastq.gz;ftp.sra.ebi.ac.uk/vol1/fastq/SRR369/027/SRR36922827/SRR36922827_2.fastq.gz	run	A	CVCL_2956	huH-1	33856515.0	SRR36922827
SRX28249431	PAIRED	ftp.sra.ebi.ac.uk/vol1/fastq/SRR329/085/SRR32982585/SRR32982585_1.fastq.gz;ftp.sra.ebi.ac.uk/vol1/fastq/SRR329/085/SRR32982585/SRR32982585_2.fastq.gz	run	B	CVCL_1697	SJSA-1	33838716.0	SRR32982585
SRX25913022	PAIRED	ftp.sra.ebi.ac.uk/vol1/fastq/SRR304/083/SRR30488283/SRR30488283_1.fastq.gz;ftp.sra.ebi.ac.uk/vol1/fastq/SRR304/083/SRR30488283/SRR30488283_2.fastq.gz	run	B	CVCL_0395	LNCAP	33799334.0	SRR30488283
SRX27086946	PAIRED		run	A	CVCL_1456	NCI-H1155	33797175.0	SRR31724552
SRX27296304	PAIRED	ftp.sra.ebi.ac.uk/vol1/fastq/SRR319/004/SRR31939304/SRR31939304_1.fastq.gz;ftp.sra.ebi.ac.uk/vol1/fastq/SRR319/004/SRR31939304/SRR31939304_2.fastq.gz	run	A	CVCL_3178	TCC-PAN2	33765832.0	SRR31939304
SRX33093565	PAIRED	ftp.sra.ebi.ac.uk/vol1/fastq/SRR382/019/SRR38256719/SRR38256719_1.fastq.gz;ftp.sra.ebi.ac.uk/vol1/fastq/SRR382/019/SRR38256719/SRR38256719_2.fastq.gz	run	A	CVCL_3143	QGP-1	33761010.0	SRR38256719
SRX28238971	PAIRED	ftp.sra.ebi.ac.uk/vol1/fastq/SRR329/099/SRR32965399/SRR32965399_1.fastq.gz;ftp.sra.ebi.ac.uk/vol1/fastq/SRR329/099/SRR32965399/SRR32965399_2.fastq.gz	run	B	CVCL_1544	NCI-H226	33709022.0	SRR32965399
SRX19947787	PAIRED	ftp.sra.ebi.ac.uk/vol1/fastq/SRR241/045/SRR24149645/SRR24149645_1.fastq.gz;ftp.sra.ebi.ac.uk/vol1/fastq/SRR241/045/SRR24149645/SRR24149645_2.fastq.gz	run	B	CVCL_1561	NCI-H441	33670849.0	SRR24149645
SRX28193388	PAIRED	ftp.sra.ebi.ac.uk/vol1/fastq/SRR329/092/SRR32918492/SRR32918492_1.fastq.gz;ftp.sra.ebi.ac.uk/vol1/fastq/SRR329/092/SRR32918492/SRR32918492_2.fastq.gz	run	B	CVCL_1818	GRANTA-519	33546555.0	SRR32918492
SRX28639571	PAIRED	ftp.sra.ebi.ac.uk/vol1/fastq/SRR333/046/SRR33396946/SRR33396946_1.fastq.gz;ftp.sra.ebi.ac.uk/vol1/fastq/SRR333/046/SRR33396946/SRR33396946_2.fastq.gz	run	B	CVCL_0234	Caki-1	33420437.0	SRR33396946
SRX27296305	PAIRED	ftp.sra.ebi.ac.uk/vol1/fastq/SRR319/003/SRR31939303/SRR31939303_1.fastq.gz;ftp.sra.ebi.ac.uk/vol1/fastq/SRR319/003/SRR31939303/SRR31939303_2.fastq.gz	run	A	CVCL_3178	TCC-PAN2	33412314.0	SRR31939303
SRX31889180	PAIRED	ftp.sra.ebi.ac.uk/vol1/fastq/SRR369/015/SRR36922815/SRR36922815_1.fastq.gz;ftp.sra.ebi.ac.uk/vol1/fastq/SRR369/015/SRR36922815/SRR36922815_2.fastq.gz	run	A	CVCL_2956	huH-1	33322849.0	SRR36922815
SRX27086944	PAIRED		run	A	CVCL_1456	NCI-H1155	33298743.0	SRR31724554
SRX31889175	PAIRED	ftp.sra.ebi.ac.uk/vol1/fastq/SRR369/020/SRR36922820/SRR36922820_1.fastq.gz;ftp.sra.ebi.ac.uk/vol1/fastq/SRR369/020/SRR36922820/SRR36922820_2.fastq.gz	run	A	CVCL_2956	huH-1	33267693.0	SRR36922820
SRX28249432	PAIRED	ftp.sra.ebi.ac.uk/vol1/fastq/SRR329/084/SRR32982584/SRR32982584_1.fastq.gz;ftp.sra.ebi.ac.uk/vol1/fastq/SRR329/084/SRR32982584/SRR32982584_2.fastq.gz	run	B	CVCL_1697	SJSA-1	33137852.0	SRR32982584
SRX25968018	PAIRED	ftp.sra.ebi.ac.uk/vol1/fastq/SRR305/016/SRR30544616/SRR30544616_1.fastq.gz;ftp.sra.ebi.ac.uk/vol1/fastq/SRR305/016/SRR30544616/SRR30544616_2.fastq.gz	run	B	CVCL_0237	Capan-1	32831363.0	SRR30544616
SRX31889167	PAIRED	ftp.sra.ebi.ac.uk/vol1/fastq/SRR369/028/SRR36922828/SRR36922828_1.fastq.gz;ftp.sra.ebi.ac.uk/vol1/fastq/SRR369/028/SRR36922828/SRR36922828_2.fastq.gz	run	A	CVCL_2956	huH-1	32786652.0	SRR36922828
SRX31889174	PAIRED	ftp.sra.ebi.ac.uk/vol1/fastq/SRR369/021/SRR36922821/SRR36922821_1.fastq.gz;ftp.sra.ebi.ac.uk/vol1/fastq/SRR369/021/SRR36922821/SRR36922821_2.fastq.gz	run	A	CVCL_2956	huH-1	32774175.0	SRR36922821
SRX27240987	PAIRED	ftp.sra.ebi.ac.uk/vol1/fastq/SRR318/090/SRR31882490/SRR31882490_1.fastq.gz;ftp.sra.ebi.ac.uk/vol1/fastq/SRR318/090/SRR31882490/SRR31882490_2.fastq.gz	run	A	CVCL_1433	MUTZ-3	32681802.0	SRR31882490
SRX24405654	PAIRED	ftp.sra.ebi.ac.uk/vol1/fastq/SRR288/002/SRR28843902/SRR28843902_1.fastq.gz;ftp.sra.ebi.ac.uk/vol1/fastq/SRR288/002/SRR28843902/SRR28843902_2.fastq.gz	run	A	CVCL_8719	HSSY2	32552480.0	SRR28843902
SRX25913030	PAIRED	ftp.sra.ebi.ac.uk/vol1/fastq/SRR304/075/SRR30488275/SRR30488275_1.fastq.gz;ftp.sra.ebi.ac.uk/vol1/fastq/SRR304/075/SRR30488275/SRR30488275_2.fastq.gz	run	B	CVCL_0395	LNCAP	32531988.0	SRR30488275
SRX27266315	SINGLE	ftp.sra.ebi.ac.uk/vol1/fastq/SRR319/007/SRR31908307/SRR31908307.fastq.gz	run	A	CVCL_1879	OCI-LY1	32397628.0	SRR31908307
SRX19947806	PAIRED	ftp.sra.ebi.ac.uk/vol1/fastq/SRR241/024/SRR24149624/SRR24149624_1.fastq.gz;ftp.sra.ebi.ac.uk/vol1/fastq/SRR241/024/SRR24149624/SRR24149624_2.fastq.gz	run	A	CVCL_1559	NCI-H358	32364341.0	SRR24149624
SRX27086943	PAIRED		run	A	CVCL_1456	NCI-H1155	32362521.0	SRR31724555
SRX24406250	SINGLE	ftp.sra.ebi.ac.uk/vol1/fastq/SRR288/004/SRR28844504/SRR28844504.fastq.gz	run	A	CVCL_7146	SYO1	32311042.0	SRR28844504
SRX30647486	SINGLE		run	A	CVCL_1456	NCI-H1155	32256879.0	SRR35574634
SRX31889176	PAIRED	ftp.sra.ebi.ac.uk/vol1/fastq/SRR369/019/SRR36922819/SRR36922819_1.fastq.gz;ftp.sra.ebi.ac.uk/vol1/fastq/SRR369/019/SRR36922819/SRR36922819_2.fastq.gz	run	A	CVCL_2956	huH-1	32213428.0	SRR36922819
SRX31312819	PAIRED	ftp.sra.ebi.ac.uk/vol1/fastq/SRR362/076/SRR36279376/SRR36279376_1.fastq.gz;ftp.sra.ebi.ac.uk/vol1/fastq/SRR362/076/SRR36279376/SRR36279376_2.fastq.gz	run	A	CVCL_1050	769-P	32212752.0	SRR36279376
SRX20079510	PAIRED	ftp.sra.ebi.ac.uk/vol1/fastq/SRR242/036/SRR24284036/SRR24284036_1.fastq.gz;ftp.sra.ebi.ac.uk/vol1/fastq/SRR242/036/SRR24284036/SRR24284036_2.fastq.gz	run	B	CVCL_1168	DB	31963058.0	SRR24284036
SRX24406253	SINGLE	ftp.sra.ebi.ac.uk/vol1/fastq/SRR288/001/SRR28844501/SRR28844501.fastq.gz	run	A	CVCL_7146	SYO1	31810624.0	SRR28844501
SRX25913031	PAIRED	ftp.sra.ebi.ac.uk/vol1/fastq/SRR304/074/SRR30488274/SRR30488274_1.fastq.gz;ftp.sra.ebi.ac.uk/vol1/fastq/SRR304/074/SRR30488274/SRR30488274_2.fastq.gz	run	B	CVCL_0395	LNCAP	31779710.0	SRR30488274
SRX26634092	PAIRED	ftp.sra.ebi.ac.uk/vol1/fastq/SRR312/031/SRR31254731/SRR31254731_1.fastq.gz;ftp.sra.ebi.ac.uk/vol1/fastq/SRR312/031/SRR31254731/SRR31254731_2.fastq.gz	run	A	CVCL_0389	LA-N-5	31745624.0	SRR31254731
SRX25968021	PAIRED	ftp.sra.ebi.ac.uk/vol1/fastq/SRR305/013/SRR30544613/SRR30544613_1.fastq.gz;ftp.sra.ebi.ac.uk/vol1/fastq/SRR305/013/SRR30544613/SRR30544613_2.fastq.gz	run	B	CVCL_0237	Capan-1	31695063.0	SRR30544613
SRX24406254	SINGLE	ftp.sra.ebi.ac.uk/vol1/fastq/SRR288/000/SRR28844500/SRR28844500.fastq.gz	run	A	CVCL_7146	SYO1	31483549.0	SRR28844500
SRX28193394	PAIRED	ftp.sra.ebi.ac.uk/vol1/fastq/SRR329/086/SRR32918486/SRR32918486_1.fastq.gz;ftp.sra.ebi.ac.uk/vol1/fastq/SRR329/086/SRR32918486/SRR32918486_2.fastq.gz	run	B	CVCL_1818	GRANTA-519	31383811.0	SRR32918486
SRX28654745	PAIRED	ftp.sra.ebi.ac.uk/vol1/fastq/SRR334/098/SRR33413698/SRR33413698_1.fastq.gz;ftp.sra.ebi.ac.uk/vol1/fastq/SRR334/098/SRR33413698/SRR33413698_2.fastq.gz	run	B	CVCL_0395	LNCAP	31043049.0	SRR33413698
SRX20079527	PAIRED	ftp.sra.ebi.ac.uk/vol1/fastq/SRR242/019/SRR24284019/SRR24284019_1.fastq.gz;ftp.sra.ebi.ac.uk/vol1/fastq/SRR242/019/SRR24284019/SRR24284019_2.fastq.gz	run	B	CVCL_1735	SU-DHL-5	30757756.0	SRR24284019
SRX24406252	SINGLE	ftp.sra.ebi.ac.uk/vol1/fastq/SRR288/002/SRR28844502/SRR28844502.fastq.gz	run	A	CVCL_7146	SYO1	30651369.0	SRR28844502
SRX28249430	PAIRED	ftp.sra.ebi.ac.uk/vol1/fastq/SRR329/086/SRR32982586/SRR32982586_1.fastq.gz;ftp.sra.ebi.ac.uk/vol1/fastq/SRR329/086/SRR32982586/SRR32982586_2.fastq.gz	run	B	CVCL_1697	SJSA-1	30631127.0	SRR32982586
SRX10652987	PAIRED	ftp.sra.ebi.ac.uk/vol1/fastq/SRR142/021/SRR14295121/SRR14295121_1.fastq.gz;ftp.sra.ebi.ac.uk/vol1/fastq/SRR142/021/SRR14295121/SRR14295121_2.fastq.gz	run	B	CVCL_0538	SU-DHL-1	30456893.0	SRR14295121
SRX25589228	PAIRED	ftp.sra.ebi.ac.uk/vol1/fastq/SRR301/070/SRR30116970/SRR30116970_1.fastq.gz;ftp.sra.ebi.ac.uk/vol1/fastq/SRR301/070/SRR30116970/SRR30116970_2.fastq.gz	run	A	CVCL_2037	F-36P	30322147.0	SRR30116970
SRX23958385	SINGLE	ftp.sra.ebi.ac.uk/vol1/fastq/SRR283/052/SRR28353052/SRR28353052.fastq.gz	run	A	CVCL_2585	MCC26	30137615.0	SRR28353052
SRX19935550	SINGLE	ftp.sra.ebi.ac.uk/vol1/fastq/SRR241/097/SRR24136997/SRR24136997.fastq.gz	run	A	CVCL_0067	NAMALWA	30078600.0	SRR24136997
SRX24405650	PAIRED	ftp.sra.ebi.ac.uk/vol1/fastq/SRR288/006/SRR28843906/SRR28843906_1.fastq.gz;ftp.sra.ebi.ac.uk/vol1/fastq/SRR288/006/SRR28843906/SRR28843906_2.fastq.gz	run	A	CVCL_8719	HSSY2	30025541.0	SRR28843906
SRX28043357	PAIRED	ftp.sra.ebi.ac.uk/vol1/fastq/SRR327/000/SRR32758300/SRR32758300_1.fastq.gz;ftp.sra.ebi.ac.uk/vol1/fastq/SRR327/000/SRR32758300/SRR32758300_2.fastq.gz	run	B	CVCL_0399	LoVo	30021327.0	SRR32758300
SRX28091211	PAIRED	ftp.sra.ebi.ac.uk/vol1/fastq/SRR328/058/SRR32807358/SRR32807358_1.fastq.gz;ftp.sra.ebi.ac.uk/vol1/fastq/SRR328/058/SRR32807358/SRR32807358_2.fastq.gz	run	A	CVCL_2686	PEO1	29879901.0	SRR32807358
SRX25913034	PAIRED	ftp.sra.ebi.ac.uk/vol1/fastq/SRR304/072/SRR30488272/SRR30488272_1.fastq.gz;ftp.sra.ebi.ac.uk/vol1/fastq/SRR304/072/SRR30488272/SRR30488272_2.fastq.gz	run	B	CVCL_0395	LNCAP	29776070.0	SRR30488272
SRX25968019	PAIRED	ftp.sra.ebi.ac.uk/vol1/fastq/SRR305/015/SRR30544615/SRR30544615_1.fastq.gz;ftp.sra.ebi.ac.uk/vol1/fastq/SRR305/015/SRR30544615/SRR30544615_2.fastq.gz	run	B	CVCL_0237	Capan-1	29698165.0	SRR30544615
SRX27266312	SINGLE	ftp.sra.ebi.ac.uk/vol1/fastq/SRR319/010/SRR31908310/SRR31908310.fastq.gz	run	A	CVCL_1879	OCI-LY1	29503535.0	SRR31908310
SRX27266314	SINGLE	ftp.sra.ebi.ac.uk/vol1/fastq/SRR319/008/SRR31908308/SRR31908308.fastq.gz	run	A	CVCL_1879	OCI-LY1	29423348.0	SRR31908308
SRX25759853	SINGLE	ftp.sra.ebi.ac.uk/vol1/fastq/SRR302/083/SRR30299383/SRR30299383.fastq.gz	run	A	CVCL_0028	AN3 CA	29376079.0	SRR30299383
SRX20079532	PAIRED	ftp.sra.ebi.ac.uk/vol1/fastq/SRR242/014/SRR24284014/SRR24284014_1.fastq.gz;ftp.sra.ebi.ac.uk/vol1/fastq/SRR242/014/SRR24284014/SRR24284014_2.fastq.gz	run	B	CVCL_1902	WSU-DLCL2	29304737.0	SRR24284014
SRX20079509	PAIRED	ftp.sra.ebi.ac.uk/vol1/fastq/SRR242/037/SRR24284037/SRR24284037_1.fastq.gz;ftp.sra.ebi.ac.uk/vol1/fastq/SRR242/037/SRR24284037/SRR24284037_2.fastq.gz	run	B	CVCL_5711	BJAB	29276514.0	SRR24284037
SRX31889181	PAIRED	ftp.sra.ebi.ac.uk/vol1/fastq/SRR369/014/SRR36922814/SRR36922814_1.fastq.gz;ftp.sra.ebi.ac.uk/vol1/fastq/SRR369/014/SRR36922814/SRR36922814_2.fastq.gz	run	A	CVCL_2956	huH-1	29037527.0	SRR36922814
SRX27296302	PAIRED	ftp.sra.ebi.ac.uk/vol1/fastq/SRR319/006/SRR31939306/SRR31939306_1.fastq.gz;ftp.sra.ebi.ac.uk/vol1/fastq/SRR319/006/SRR31939306/SRR31939306_2.fastq.gz	run	A	CVCL_3178	TCC-PAN2	28890708.0	SRR31939306
SRX25913028	PAIRED	ftp.sra.ebi.ac.uk/vol1/fastq/SRR304/078/SRR30488278/SRR30488278_1.fastq.gz;ftp.sra.ebi.ac.uk/vol1/fastq/SRR304/078/SRR30488278/SRR30488278_2.fastq.gz	run	B	CVCL_0395	LNCAP	28867233.0	SRR30488278
SRX31889169	PAIRED	ftp.sra.ebi.ac.uk/vol1/fastq/SRR369/026/SRR36922826/SRR36922826_1.fastq.gz;ftp.sra.ebi.ac.uk/vol1/fastq/SRR369/026/SRR36922826/SRR36922826_2.fastq.gz	run	A	CVCL_2956	huH-1	28759253.0	SRR36922826
SRX28072100	PAIRED	ftp.sra.ebi.ac.uk/vol1/fastq/SRR327/061/SRR32787961/SRR32787961_1.fastq.gz;ftp.sra.ebi.ac.uk/vol1/fastq/SRR327/061/SRR32787961/SRR32787961_2.fastq.gz	run	A	CVCL_EI97	MM.1-144	28743046.0	SRR32787961
SRX27296303	PAIRED	ftp.sra.ebi.ac.uk/vol1/fastq/SRR319/005/SRR31939305/SRR31939305_1.fastq.gz;ftp.sra.ebi.ac.uk/vol1/fastq/SRR319/005/SRR31939305/SRR31939305_2.fastq.gz	run	A	CVCL_3178	TCC-PAN2	28673616.0	SRR31939305
SRX15949747	SINGLE	ftp.sra.ebi.ac.uk/vol1/fastq/SRR199/072/SRR19906972/SRR19906972.fastq.gz	run	B	CVCL_1255	HCC1569	28516700.0	SRR19906972
SRX31889177	PAIRED	ftp.sra.ebi.ac.uk/vol1/fastq/SRR369/018/SRR36922818/SRR36922818_1.fastq.gz;ftp.sra.ebi.ac.uk/vol1/fastq/SRR369/018/SRR36922818/SRR36922818_2.fastq.gz	run	A	CVCL_2956	huH-1	28505568.0	SRR36922818
SRX30196356	PAIRED	ftp.sra.ebi.ac.uk/vol1/fastq/SRR350/020/SRR35082720/SRR35082720_1.fastq.gz;ftp.sra.ebi.ac.uk/vol1/fastq/SRR350/020/SRR35082720/SRR35082720_2.fastq.gz	run	A	CVCL_4748	MDA PCa 2b	28501794.0	SRR35082720
SRX25913026	PAIRED	ftp.sra.ebi.ac.uk/vol1/fastq/SRR304/080/SRR30488280/SRR30488280_1.fastq.gz;ftp.sra.ebi.ac.uk/vol1/fastq/SRR304/080/SRR30488280/SRR30488280_2.fastq.gz	run	B	CVCL_0395	LNCAP	28443335.0	SRR30488280
SRX24405657	PAIRED	ftp.sra.ebi.ac.uk/vol1/fastq/SRR288/099/SRR28843899/SRR28843899_1.fastq.gz;ftp.sra.ebi.ac.uk/vol1/fastq/SRR288/099/SRR28843899/SRR28843899_2.fastq.gz	run	A	CVCL_8719	HSSY2	28359517.0	SRR28843899
SRX19935552	SINGLE	ftp.sra.ebi.ac.uk/vol1/fastq/SRR241/095/SRR24136995/SRR24136995.fastq.gz	run	A	CVCL_0067	NAMALWA	28350342.0	SRR24136995
SRX28091199	PAIRED	ftp.sra.ebi.ac.uk/vol1/fastq/SRR328/070/SRR32807370/SRR32807370_1.fastq.gz;ftp.sra.ebi.ac.uk/vol1/fastq/SRR328/070/SRR32807370/SRR32807370_2.fastq.gz	run	A	CVCL_2686	PEO1	28213847.0	SRR32807370
SRX21840023	SINGLE	ftp.sra.ebi.ac.uk/vol1/fastq/SRR261/075/SRR26126475/SRR26126475.fastq.gz	run	B	CVCL_0312	HOS	28198391.0	SRR26126475
SRX19935553	SINGLE	ftp.sra.ebi.ac.uk/vol1/fastq/SRR241/094/SRR24136994/SRR24136994.fastq.gz	run	A	CVCL_0067	NAMALWA	28162167.0	SRR24136994
SRX23396254	SINGLE	ftp.sra.ebi.ac.uk/vol1/fastq/SRR277/084/SRR27730584/SRR27730584.fastq.gz	run	A	CVCL_1622	OE19	28159157.0	SRR27730584
SRX23396255	SINGLE	ftp.sra.ebi.ac.uk/vol1/fastq/SRR277/083/SRR27730583/SRR27730583.fastq.gz	run	A	CVCL_1622	OE19	28142269.0	SRR27730583
SRX28229011	SINGLE	ftp.sra.ebi.ac.uk/vol1/fastq/SRR329/004/SRR32955004/SRR32955004.fastq.gz	run	A	CVCL_M150	CHLA-9	28081849.0	SRR32955004
SRX33093566	PAIRED	ftp.sra.ebi.ac.uk/vol1/fastq/SRR382/018/SRR38256718/SRR38256718_1.fastq.gz;ftp.sra.ebi.ac.uk/vol1/fastq/SRR382/018/SRR38256718/SRR38256718_2.fastq.gz	run	A	CVCL_3143	QGP-1	27917814.0	SRR38256718
SRX30196355	PAIRED	ftp.sra.ebi.ac.uk/vol1/fastq/SRR350/021/SRR35082721/SRR35082721_1.fastq.gz;ftp.sra.ebi.ac.uk/vol1/fastq/SRR350/021/SRR35082721/SRR35082721_2.fastq.gz	run	A	CVCL_4748	MDA PCa 2b	27902897.0	SRR35082721
SRX27266313	SINGLE	ftp.sra.ebi.ac.uk/vol1/fastq/SRR319/009/SRR31908309/SRR31908309.fastq.gz	run	A	CVCL_1879	OCI-LY1	27715763.0	SRR31908309
SRX25634250	PAIRED	ftp.sra.ebi.ac.uk/vol1/fastq/SRR301/046/SRR30167546/SRR30167546_1.fastq.gz;ftp.sra.ebi.ac.uk/vol1/fastq/SRR301/046/SRR30167546/SRR30167546_2.fastq.gz	run	B	CVCL_0395	LNCAP	27657070.0	SRR30167546
SRX27266310	SINGLE	ftp.sra.ebi.ac.uk/vol1/fastq/SRR319/012/SRR31908312/SRR31908312.fastq.gz	run	A	CVCL_1879	OCI-LY1	27655154.0	SRR31908312
SRX25913024	PAIRED	ftp.sra.ebi.ac.uk/vol1/fastq/SRR304/081/SRR30488281/SRR30488281_1.fastq.gz;ftp.sra.ebi.ac.uk/vol1/fastq/SRR304/081/SRR30488281/SRR30488281_2.fastq.gz	run	B	CVCL_0395	LNCAP	27600305.0	SRR30488281
SRX30647482	SINGLE		run	A	CVCL_1456	NCI-H1155	27557800.0	SRR35574638
SRX28193393	PAIRED	ftp.sra.ebi.ac.uk/vol1/fastq/SRR329/087/SRR32918487/SRR32918487_1.fastq.gz;ftp.sra.ebi.ac.uk/vol1/fastq/SRR329/087/SRR32918487/SRR32918487_2.fastq.gz	run	B	CVCL_1818	GRANTA-519	27229613.0	SRR32918487
SRX27266311	SINGLE	ftp.sra.ebi.ac.uk/vol1/fastq/SRR319/011/SRR31908311/SRR31908311.fastq.gz	run	A	CVCL_1879	OCI-LY1	27062619.0	SRR31908311
SRX33309263	PAIRED	ftp.sra.ebi.ac.uk/vol1/fastq/SRR384/054/SRR38494054/SRR38494054_1.fastq.gz;ftp.sra.ebi.ac.uk/vol1/fastq/SRR384/054/SRR38494054/SRR38494054_2.fastq.gz	run	A	CVCL_6832	HCCLM3	27026841.0	SRR38494054
SRX27410582	PAIRED	ftp.sra.ebi.ac.uk/vol1/fastq/SRR320/053/SRR32061753/SRR32061753_1.fastq.gz;ftp.sra.ebi.ac.uk/vol1/fastq/SRR320/053/SRR32061753/SRR32061753_2.fastq.gz	run	B	CVCL_1735	SU-DHL-5	26973276.0	SRR32061753
SRX28072103	PAIRED	ftp.sra.ebi.ac.uk/vol1/fastq/SRR327/056/SRR32787956/SRR32787956_1.fastq.gz;ftp.sra.ebi.ac.uk/vol1/fastq/SRR327/056/SRR32787956/SRR32787956_2.fastq.gz;ftp.sra.ebi.ac.uk/vol1/fastq/SRR327/055/SRR32787955/SRR32787955_1.fastq.gz;ftp.sra.ebi.ac.uk/vol1/fastq/SRR327/055/SRR32787955/SRR32787955_2.fastq.gz;ftp.sra.ebi.ac.uk/vol1/fastq/SRR327/057/SRR32787957/SRR32787957_1.fastq.gz;ftp.sra.ebi.ac.uk/vol1/fastq/SRR327/057/SRR32787957/SRR32787957_2.fastq.gz;ftp.sra.ebi.ac.uk/vol1/fastq/SRR327/063/SRR32787963/SRR32787963_1.fastq.gz;ftp.sra.ebi.ac.uk/vol1/fastq/SRR327/063/SRR32787963/SRR32787963_2.fastq.gz;ftp.sra.ebi.ac.uk/vol1/fastq/SRR327/062/SRR32787962/SRR32787962_1.fastq.gz;ftp.sra.ebi.ac.uk/vol1/fastq/SRR327/062/SRR32787962/SRR32787962_2.fastq.gz	run	A	CVCL_EI97	MM.1-144	26914572.0	SRR32787955;SRR32787956;SRR32787957;SRR32787962;SRR32787963
SRX30424654	PAIRED	ftp.sra.ebi.ac.uk/vol1/fastq/SRR353/099/SRR35323599/SRR35323599_1.fastq.gz;ftp.sra.ebi.ac.uk/vol1/fastq/SRR353/099/SRR35323599/SRR35323599_2.fastq.gz	run	A	CVCL_DR59	GSC23	26739941.0	SRR35323599
SRX33309239	PAIRED	ftp.sra.ebi.ac.uk/vol1/fastq/SRR384/078/SRR38494078/SRR38494078_1.fastq.gz;ftp.sra.ebi.ac.uk/vol1/fastq/SRR384/078/SRR38494078/SRR38494078_2.fastq.gz	run	A	CVCL_6832	HCCLM3	26534008.0	SRR38494078
SRX30251281	PAIRED	ftp.sra.ebi.ac.uk/vol1/fastq/SRR351/031/SRR35145631/SRR35145631_1.fastq.gz;ftp.sra.ebi.ac.uk/vol1/fastq/SRR351/031/SRR35145631/SRR35145631_2.fastq.gz	run	B	CVCL_1473	NCI-H146	26522973.0	SRR35145631
SRX31783210	PAIRED	ftp.sra.ebi.ac.uk/vol1/fastq/SRR367/013/SRR36795213/SRR36795213_1.fastq.gz;ftp.sra.ebi.ac.uk/vol1/fastq/SRR367/013/SRR36795213/SRR36795213_2.fastq.gz	run	A	CVCL_0388	LAMA-84	26515078.0	SRR36795213
SRX33309251	PAIRED	ftp.sra.ebi.ac.uk/vol1/fastq/SRR384/066/SRR38494066/SRR38494066_1.fastq.gz;ftp.sra.ebi.ac.uk/vol1/fastq/SRR384/066/SRR38494066/SRR38494066_2.fastq.gz	run	A	CVCL_6832	HCCLM3	26504930.0	SRR38494066
SRX28193387	PAIRED	ftp.sra.ebi.ac.uk/vol1/fastq/SRR329/093/SRR32918493/SRR32918493_1.fastq.gz;ftp.sra.ebi.ac.uk/vol1/fastq/SRR329/093/SRR32918493/SRR32918493_2.fastq.gz	run	B	CVCL_1818	GRANTA-519	26460545.0	SRR32918493
SRX28072099	PAIRED	ftp.sra.ebi.ac.uk/vol1/fastq/SRR327/065/SRR32787965/SRR32787965_1.fastq.gz;ftp.sra.ebi.ac.uk/vol1/fastq/SRR327/065/SRR32787965/SRR32787965_2.fastq.gz;ftp.sra.ebi.ac.uk/vol1/fastq/SRR327/064/SRR32787964/SRR32787964_1.fastq.gz;ftp.sra.ebi.ac.uk/vol1/fastq/SRR327/064/SRR32787964/SRR32787964_2.fastq.gz	run	A	CVCL_EI97	MM.1-144	26384837.0	SRR32787964;SRR32787965
SRX26709343	SINGLE	ftp.sra.ebi.ac.uk/vol1/fastq/SRR313/000/SRR31332000/SRR31332000.fastq.gz	run	B	CVCL_0395	LNCAP	26279310.0	SRR31332000
SRX27383414	PAIRED	ftp.sra.ebi.ac.uk/vol1/fastq/SRR320/003/SRR32033803/SRR32033803_1.fastq.gz;ftp.sra.ebi.ac.uk/vol1/fastq/SRR320/003/SRR32033803/SRR32033803_2.fastq.gz	run	B	CVCL_0395	LNCAP	26158335.0	SRR32033803
SRX28072102	PAIRED	ftp.sra.ebi.ac.uk/vol1/fastq/SRR327/059/SRR32787959/SRR32787959_1.fastq.gz;ftp.sra.ebi.ac.uk/vol1/fastq/SRR327/059/SRR32787959/SRR32787959_2.fastq.gz;ftp.sra.ebi.ac.uk/vol1/fastq/SRR327/058/SRR32787958/SRR32787958_1.fastq.gz;ftp.sra.ebi.ac.uk/vol1/fastq/SRR327/058/SRR32787958/SRR32787958_2.fastq.gz	run	A	CVCL_EI97	MM.1-144	26044083.0	SRR32787958;SRR32787959
SRX23396263	SINGLE	ftp.sra.ebi.ac.uk/vol1/fastq/SRR277/075/SRR27730575/SRR27730575.fastq.gz	run	A	CVCL_1622	OE19	25972931.0	SRR27730575
SRX31058294	PAIRED	ftp.sra.ebi.ac.uk/vol1/fastq/SRR360/047/SRR36009047/SRR36009047_1.fastq.gz;ftp.sra.ebi.ac.uk/vol1/fastq/SRR360/047/SRR36009047/SRR36009047_2.fastq.gz	run	B	CVCL_0007	U-937	25960645.0	SRR36009047
SRX21840024	SINGLE	ftp.sra.ebi.ac.uk/vol1/fastq/SRR261/074/SRR26126474/SRR26126474.fastq.gz	run	B	CVCL_0312	HOS	25952379.0	SRR26126474
SRX29039406	PAIRED	ftp.sra.ebi.ac.uk/vol1/fastq/SRR338/062/SRR33818162/SRR33818162_1.fastq.gz;ftp.sra.ebi.ac.uk/vol1/fastq/SRR338/062/SRR33818162/SRR33818162_2.fastq.gz	run	A	CVCL_S740	EWS502	25946732.0	SRR33818162
SRX24405651	PAIRED	ftp.sra.ebi.ac.uk/vol1/fastq/SRR288/005/SRR28843905/SRR28843905_1.fastq.gz;ftp.sra.ebi.ac.uk/vol1/fastq/SRR288/005/SRR28843905/SRR28843905_2.fastq.gz	run	A	CVCL_8719	HSSY2	25668345.0	SRR28843905
SRX24405652	PAIRED	ftp.sra.ebi.ac.uk/vol1/fastq/SRR288/004/SRR28843904/SRR28843904_1.fastq.gz;ftp.sra.ebi.ac.uk/vol1/fastq/SRR288/004/SRR28843904/SRR28843904_2.fastq.gz	run	A	CVCL_8719	HSSY2	25648929.0	SRR28843904
SRX22643554	PAIRED	ftp.sra.ebi.ac.uk/vol1/fastq/SRR269/092/SRR26949792/SRR26949792_1.fastq.gz;ftp.sra.ebi.ac.uk/vol1/fastq/SRR269/092/SRR26949792/SRR26949792_2.fastq.gz	run	A	CVCL_5008	SNU-1079	25486019.0	SRR26949792
SRX30251288	PAIRED	ftp.sra.ebi.ac.uk/vol1/fastq/SRR351/024/SRR35145624/SRR35145624_1.fastq.gz;ftp.sra.ebi.ac.uk/vol1/fastq/SRR351/024/SRR35145624/SRR35145624_2.fastq.gz	run	B	CVCL_1473	NCI-H146	25413104.0	SRR35145624
SRX26634093	PAIRED	ftp.sra.ebi.ac.uk/vol1/fastq/SRR312/030/SRR31254730/SRR31254730_1.fastq.gz;ftp.sra.ebi.ac.uk/vol1/fastq/SRR312/030/SRR31254730/SRR31254730_2.fastq.gz	run	A	CVCL_0389	LA-N-5	25377343.0	SRR31254730
SRX30424655	PAIRED	ftp.sra.ebi.ac.uk/vol1/fastq/SRR353/098/SRR35323598/SRR35323598_1.fastq.gz;ftp.sra.ebi.ac.uk/vol1/fastq/SRR353/098/SRR35323598/SRR35323598_2.fastq.gz	run	A	CVCL_DR59	GSC23	25241041.0	SRR35323598
SRX25709013	SINGLE		run	A	CVCL_2233	UT-7	25238137.0	SRR30247575
SRX31783208	PAIRED	ftp.sra.ebi.ac.uk/vol1/fastq/SRR367/015/SRR36795215/SRR36795215_1.fastq.gz;ftp.sra.ebi.ac.uk/vol1/fastq/SRR367/015/SRR36795215/SRR36795215_2.fastq.gz	run	A	CVCL_2091	KCL-22	25177358.0	SRR36795215
SRX32712974	SINGLE	ftp.sra.ebi.ac.uk/vol1/fastq/SRR378/065/SRR37848165/SRR37848165.fastq.gz	run	A	CVCL_6797	WM3211	24740121.0	SRR37848165
SRX20079528	PAIRED	ftp.sra.ebi.ac.uk/vol1/fastq/SRR242/018/SRR24284018/SRR24284018_1.fastq.gz;ftp.sra.ebi.ac.uk/vol1/fastq/SRR242/018/SRR24284018/SRR24284018_2.fastq.gz	run	A	CVCL_A442	TMD8	24551468.0	SRR24284018
SRX30251282	PAIRED	ftp.sra.ebi.ac.uk/vol1/fastq/SRR351/030/SRR35145630/SRR35145630_1.fastq.gz;ftp.sra.ebi.ac.uk/vol1/fastq/SRR351/030/SRR35145630/SRR35145630_2.fastq.gz	run	B	CVCL_1473	NCI-H146	24495044.0	SRR35145630
SRX26405538	PAIRED	ftp.sra.ebi.ac.uk/vol1/fastq/SRR310/097/SRR31018297/SRR31018297_1.fastq.gz;ftp.sra.ebi.ac.uk/vol1/fastq/SRR310/097/SRR31018297/SRR31018297_2.fastq.gz;ftp.sra.ebi.ac.uk/vol1/fastq/SRR310/098/SRR31018298/SRR31018298_1.fastq.gz;ftp.sra.ebi.ac.uk/vol1/fastq/SRR310/098/SRR31018298/SRR31018298_2.fastq.gz	run	B	CVCL_0103	SUP-B15	24440315.0	SRR31018297;SRR31018298
SRX25968020	PAIRED	ftp.sra.ebi.ac.uk/vol1/fastq/SRR305/014/SRR30544614/SRR30544614_1.fastq.gz;ftp.sra.ebi.ac.uk/vol1/fastq/SRR305/014/SRR30544614/SRR30544614_2.fastq.gz	run	B	CVCL_0237	Capan-1	24321863.0	SRR30544614
SRX26185667	PAIRED	ftp.sra.ebi.ac.uk/vol1/fastq/SRR307/013/SRR30783713/SRR30783713_1.fastq.gz;ftp.sra.ebi.ac.uk/vol1/fastq/SRR307/013/SRR30783713/SRR30783713_2.fastq.gz	run	A	CVCL_1629	OVCAR-8	24319325.0	SRR30783713
SRX23841024	SINGLE	ftp.sra.ebi.ac.uk/vol1/fastq/SRR282/037/SRR28229737/SRR28229737.fastq.gz	run	B	CVCL_1218	FaDu	24311692.0	SRR28229737
SRX26185668	PAIRED	ftp.sra.ebi.ac.uk/vol1/fastq/SRR307/012/SRR30783712/SRR30783712_1.fastq.gz;ftp.sra.ebi.ac.uk/vol1/fastq/SRR307/012/SRR30783712/SRR30783712_2.fastq.gz	run	A	CVCL_1629	OVCAR-8	24191366.0	SRR30783712
SRX30251285	PAIRED	ftp.sra.ebi.ac.uk/vol1/fastq/SRR351/027/SRR35145627/SRR35145627_1.fastq.gz;ftp.sra.ebi.ac.uk/vol1/fastq/SRR351/027/SRR35145627/SRR35145627_2.fastq.gz	run	B	CVCL_1473	NCI-H146	24158673.0	SRR35145627
SRX4715699	SINGLE	ftp.sra.ebi.ac.uk/vol1/fastq/SRR787/000/SRR7876840/SRR7876840.fastq.gz	run	A	CVCL_0153	B-CPAP	24120448.0	SRR7876840
SRX4715700	SINGLE	ftp.sra.ebi.ac.uk/vol1/fastq/SRR787/001/SRR7876841/SRR7876841.fastq.gz	run	A	CVCL_1112	CAL-62	24067255.0	SRR7876841
SRX28043358	PAIRED	ftp.sra.ebi.ac.uk/vol1/fastq/SRR327/099/SRR32758299/SRR32758299_1.fastq.gz;ftp.sra.ebi.ac.uk/vol1/fastq/SRR327/099/SRR32758299/SRR32758299_2.fastq.gz	run	B	CVCL_0399	LoVo	23871398.0	SRR32758299
SRX28092459	SINGLE	ftp.sra.ebi.ac.uk/vol1/fastq/SRR328/019/SRR32808619/SRR32808619.fastq.gz	run	A	CVCL_0524	SH-EP	23827394.0	SRR32808619
SRX19935554	SINGLE	ftp.sra.ebi.ac.uk/vol1/fastq/SRR241/093/SRR24136993/SRR24136993.fastq.gz	run	A	CVCL_0067	NAMALWA	23814534.0	SRR24136993
SRX28072104	PAIRED	ftp.sra.ebi.ac.uk/vol1/fastq/SRR327/052/SRR32787952/SRR32787952_1.fastq.gz;ftp.sra.ebi.ac.uk/vol1/fastq/SRR327/052/SRR32787952/SRR32787952_2.fastq.gz;ftp.sra.ebi.ac.uk/vol1/fastq/SRR327/053/SRR32787953/SRR32787953_1.fastq.gz;ftp.sra.ebi.ac.uk/vol1/fastq/SRR327/053/SRR32787953/SRR32787953_2.fastq.gz;ftp.sra.ebi.ac.uk/vol1/fastq/SRR327/054/SRR32787954/SRR32787954_1.fastq.gz;ftp.sra.ebi.ac.uk/vol1/fastq/SRR327/054/SRR32787954/SRR32787954_2.fastq.gz	run	A	CVCL_EI97	MM.1-144	23723039.0	SRR32787952;SRR32787953;SRR32787954
SRX23794236	PAIRED	ftp.sra.ebi.ac.uk/vol1/fastq/SRR281/056/SRR28163956/SRR28163956_1.fastq.gz;ftp.sra.ebi.ac.uk/vol1/fastq/SRR281/056/SRR28163956/SRR28163956_2.fastq.gz	run	B	CVCL_1334	KMS-12-BM	23687155.0	SRR28163956
SRX24405655	PAIRED	ftp.sra.ebi.ac.uk/vol1/fastq/SRR288/001/SRR28843901/SRR28843901_1.fastq.gz;ftp.sra.ebi.ac.uk/vol1/fastq/SRR288/001/SRR28843901/SRR28843901_2.fastq.gz	run	A	CVCL_8719	HSSY2	23646772.0	SRR28843901
SRX25275880	PAIRED	ftp.sra.ebi.ac.uk/vol1/fastq/SRR297/021/SRR29775921/SRR29775921_1.fastq.gz;ftp.sra.ebi.ac.uk/vol1/fastq/SRR297/021/SRR29775921/SRR29775921_2.fastq.gz	run	A	CVCL_1469	NCI-H1417	23250725.0	SRR29775921
SRX26405558	PAIRED	ftp.sra.ebi.ac.uk/vol1/fastq/SRR310/064/SRR31018264/SRR31018264_1.fastq.gz;ftp.sra.ebi.ac.uk/vol1/fastq/SRR310/064/SRR31018264/SRR31018264_2.fastq.gz	run	A	CVCL_0181	BV-173	23172207.0	SRR31018264
SRX30251246	PAIRED	ftp.sra.ebi.ac.uk/vol1/fastq/SRR351/069/SRR35145669/SRR35145669_1.fastq.gz;ftp.sra.ebi.ac.uk/vol1/fastq/SRR351/069/SRR35145669/SRR35145669_2.fastq.gz	run	A	CVCL_1469	NCI-H1417	23080361.0	SRR35145669
SRX33118367	SINGLE	ftp.sra.ebi.ac.uk/vol1/fastq/SRR382/061/SRR38282361/SRR38282361.fastq.gz	run	A	CVCL_6025	SK-MEL-19	23031835.0	SRR38282361
SRX33118386	SINGLE	ftp.sra.ebi.ac.uk/vol1/fastq/SRR382/042/SRR38282342/SRR38282342.fastq.gz	run	B	CVCL_1780	UACC-62	23029087.0	SRR38282342
SRX33118368	SINGLE	ftp.sra.ebi.ac.uk/vol1/fastq/SRR382/060/SRR38282360/SRR38282360.fastq.gz	run	A	CVCL_6025	SK-MEL-19	22994141.0	SRR38282360
SRX30566095	SINGLE	ftp.sra.ebi.ac.uk/vol1/fastq/SRR354/061/SRR35489561/SRR35489561.fastq.gz	run	B	CVCL_2063	HCC827	22992050.0	SRR35489561
SRX33118384	SINGLE	ftp.sra.ebi.ac.uk/vol1/fastq/SRR382/044/SRR38282344/SRR38282344.fastq.gz	run	B	CVCL_1780	UACC-62	22972652.0	SRR38282344
SRX33118385	SINGLE	ftp.sra.ebi.ac.uk/vol1/fastq/SRR382/043/SRR38282343/SRR38282343.fastq.gz	run	B	CVCL_1780	UACC-62	22898281.0	SRR38282343
SRX33118366	SINGLE	ftp.sra.ebi.ac.uk/vol1/fastq/SRR382/062/SRR38282362/SRR38282362.fastq.gz	run	A	CVCL_6025	SK-MEL-19	22881437.0	SRR38282362
SRX28072101	PAIRED	ftp.sra.ebi.ac.uk/vol1/fastq/SRR327/060/SRR32787960/SRR32787960_1.fastq.gz;ftp.sra.ebi.ac.uk/vol1/fastq/SRR327/060/SRR32787960/SRR32787960_2.fastq.gz	run	A	CVCL_EI97	MM.1-144	22627319.0	SRR32787960
SRX24466162	PAIRED	ftp.sra.ebi.ac.uk/vol1/fastq/SRR289/090/SRR28909690/SRR28909690_1.fastq.gz;ftp.sra.ebi.ac.uk/vol1/fastq/SRR289/090/SRR28909690/SRR28909690_2.fastq.gz	run	A	CVCL_S740	EWS502	22487034.0	SRR28909690
SRX26709354	SINGLE	ftp.sra.ebi.ac.uk/vol1/fastq/SRR313/089/SRR31331989/SRR31331989.fastq.gz	run	B	CVCL_0395	LNCAP	22422859.0	SRR31331989
SRX31783211	PAIRED	ftp.sra.ebi.ac.uk/vol1/fastq/SRR367/012/SRR36795212/SRR36795212_1.fastq.gz;ftp.sra.ebi.ac.uk/vol1/fastq/SRR367/012/SRR36795212/SRR36795212_2.fastq.gz	run	A	CVCL_0388	LAMA-84	22380937.0	SRR36795212
SRX24405653	PAIRED	ftp.sra.ebi.ac.uk/vol1/fastq/SRR288/003/SRR28843903/SRR28843903_1.fastq.gz;ftp.sra.ebi.ac.uk/vol1/fastq/SRR288/003/SRR28843903/SRR28843903_2.fastq.gz	run	A	CVCL_8719	HSSY2	22310957.0	SRR28843903
SRX23396243	SINGLE	ftp.sra.ebi.ac.uk/vol1/fastq/SRR277/095/SRR27730595/SRR27730595.fastq.gz	run	B	CVCL_1235	GP5d	22264604.0	SRR27730595
SRX31110523	SINGLE	ftp.sra.ebi.ac.uk/vol1/fastq/SRR360/043/SRR36063843/SRR36063843.fastq.gz	run	A	CVCL_1577	NCI-H661	22199477.0	SRR36063843
SRX19935555	SINGLE	ftp.sra.ebi.ac.uk/vol1/fastq/SRR241/092/SRR24136992/SRR24136992.fastq.gz	run	A	CVCL_0067	NAMALWA	22147727.0	SRR24136992
SRX31058293	PAIRED	ftp.sra.ebi.ac.uk/vol1/fastq/SRR360/048/SRR36009048/SRR36009048_1.fastq.gz;ftp.sra.ebi.ac.uk/vol1/fastq/SRR360/048/SRR36009048/SRR36009048_2.fastq.gz	run	B	CVCL_0007	U-937	22083247.0	SRR36009048
SRX25275889	PAIRED	ftp.sra.ebi.ac.uk/vol1/fastq/SRR297/012/SRR29775912/SRR29775912_1.fastq.gz;ftp.sra.ebi.ac.uk/vol1/fastq/SRR297/012/SRR29775912/SRR29775912_2.fastq.gz	run	A	CVCL_1469	NCI-H1417	22041512.0	SRR29775912
SRX31058282	PAIRED	ftp.sra.ebi.ac.uk/vol1/fastq/SRR360/059/SRR36009059/SRR36009059_1.fastq.gz;ftp.sra.ebi.ac.uk/vol1/fastq/SRR360/059/SRR36009059/SRR36009059_2.fastq.gz	run	B	CVCL_0007	U-937	21941401.0	SRR36009059
SRX32712971	SINGLE	ftp.sra.ebi.ac.uk/vol1/fastq/SRR378/068/SRR37848168/SRR37848168.fastq.gz	run	A	CVCL_6797	WM3211	21912174.0	SRR37848168
SRX26405547	PAIRED	ftp.sra.ebi.ac.uk/vol1/fastq/SRR310/080/SRR31018280/SRR31018280_1.fastq.gz;ftp.sra.ebi.ac.uk/vol1/fastq/SRR310/080/SRR31018280/SRR31018280_2.fastq.gz;ftp.sra.ebi.ac.uk/vol1/fastq/SRR310/081/SRR31018281/SRR31018281_1.fastq.gz;ftp.sra.ebi.ac.uk/vol1/fastq/SRR310/081/SRR31018281/SRR31018281_2.fastq.gz	run	A	CVCL_1895	TOM-1	21898589.0	SRR31018280;SRR31018281
SRX25589229	PAIRED	ftp.sra.ebi.ac.uk/vol1/fastq/SRR301/069/SRR30116969/SRR30116969_1.fastq.gz;ftp.sra.ebi.ac.uk/vol1/fastq/SRR301/069/SRR30116969/SRR30116969_2.fastq.gz	run	A	CVCL_2037	F-36P	21691657.0	SRR30116969
SRX24405656	PAIRED	ftp.sra.ebi.ac.uk/vol1/fastq/SRR288/000/SRR28843900/SRR28843900_1.fastq.gz;ftp.sra.ebi.ac.uk/vol1/fastq/SRR288/000/SRR28843900/SRR28843900_2.fastq.gz	run	A	CVCL_8719	HSSY2	21449401.0	SRR28843900
SRX24466161	PAIRED	ftp.sra.ebi.ac.uk/vol1/fastq/SRR289/091/SRR28909691/SRR28909691_1.fastq.gz;ftp.sra.ebi.ac.uk/vol1/fastq/SRR289/091/SRR28909691/SRR28909691_2.fastq.gz	run	A	CVCL_S740	EWS502	21414548.0	SRR28909691
SRX25382434	PAIRED	ftp.sra.ebi.ac.uk/vol1/fastq/SRR298/069/SRR29886269/SRR29886269_1.fastq.gz;ftp.sra.ebi.ac.uk/vol1/fastq/SRR298/069/SRR29886269/SRR29886269_2.fastq.gz	run	B	CVCL_0375	KGN	21299374.0	SRR29886269
SRX20079526	PAIRED	ftp.sra.ebi.ac.uk/vol1/fastq/SRR242/020/SRR24284020/SRR24284020_1.fastq.gz;ftp.sra.ebi.ac.uk/vol1/fastq/SRR242/020/SRR24284020/SRR24284020_2.fastq.gz	run	B	CVCL_1883	RC-K8	21254965.0	SRR24284020
SRX28654743	PAIRED	ftp.sra.ebi.ac.uk/vol1/fastq/SRR334/000/SRR33413700/SRR33413700_1.fastq.gz;ftp.sra.ebi.ac.uk/vol1/fastq/SRR334/000/SRR33413700/SRR33413700_2.fastq.gz	run	B	CVCL_0395	LNCAP	21132154.0	SRR33413700
SRX16037463	SINGLE	ftp.sra.ebi.ac.uk/vol1/fastq/SRR199/058/SRR19996458/SRR19996458.fastq.gz	run	A	CVCL_0139	AGS	21125850.0	SRR19996458
SRX31634487	PAIRED	ftp.sra.ebi.ac.uk/vol1/fastq/SRR366/072/SRR36621972/SRR36621972_1.fastq.gz;ftp.sra.ebi.ac.uk/vol1/fastq/SRR366/072/SRR36621972/SRR36621972_2.fastq.gz	run	A	CVCL_1644	PSN1	21122968.0	SRR36621972
SRX25966420	SINGLE	ftp.sra.ebi.ac.uk/vol1/fastq/SRR305/099/SRR30542999/SRR30542999.fastq.gz	run	A	CVCL_0139	AGS	21053003.0	SRR30542999
SRX29113595	PAIRED		run	B	CVCL_0103	SUP-B15	20906173.0	SRR33906131
SRX26405544	PAIRED	ftp.sra.ebi.ac.uk/vol1/fastq/SRR310/099/SRR31018299/SRR31018299_1.fastq.gz;ftp.sra.ebi.ac.uk/vol1/fastq/SRR310/099/SRR31018299/SRR31018299_2.fastq.gz;ftp.sra.ebi.ac.uk/vol1/fastq/SRR310/000/SRR31018300/SRR31018300_1.fastq.gz;ftp.sra.ebi.ac.uk/vol1/fastq/SRR310/000/SRR31018300/SRR31018300_2.fastq.gz	run	A	CVCL_1895	TOM-1	20903386.0	SRR31018299;SRR31018300
SRX25966418	SINGLE	ftp.sra.ebi.ac.uk/vol1/fastq/SRR305/001/SRR30543001/SRR30543001.fastq.gz	run	A	CVCL_0139	AGS	20900115.0	SRR30543001
SRX26536116	PAIRED		run	B	CVCL_0207	CCRF-CEM	20791720.0	SRR31152500
SRX28412011	PAIRED	ftp.sra.ebi.ac.uk/vol1/fastq/SRR331/041/SRR33150741/SRR33150741_1.fastq.gz;ftp.sra.ebi.ac.uk/vol1/fastq/SRR331/041/SRR33150741/SRR33150741_2.fastq.gz	run	A	CVCL_1566	NCI-H520	20737219.0	SRR33150741
SRX25382435	PAIRED	ftp.sra.ebi.ac.uk/vol1/fastq/SRR298/068/SRR29886268/SRR29886268_1.fastq.gz;ftp.sra.ebi.ac.uk/vol1/fastq/SRR298/068/SRR29886268/SRR29886268_2.fastq.gz	run	B	CVCL_0375	KGN	20689396.0	SRR29886268
SRX31634483	PAIRED	ftp.sra.ebi.ac.uk/vol1/fastq/SRR366/076/SRR36621976/SRR36621976_1.fastq.gz;ftp.sra.ebi.ac.uk/vol1/fastq/SRR366/076/SRR36621976/SRR36621976_2.fastq.gz	run	A	CVCL_1644	PSN1	20625330.0	SRR36621976
SRX29113588	PAIRED		run	B	CVCL_0103	SUP-B15	20457640.0	SRR33906138
SRX31058283	PAIRED	ftp.sra.ebi.ac.uk/vol1/fastq/SRR360/058/SRR36009058/SRR36009058_1.fastq.gz;ftp.sra.ebi.ac.uk/vol1/fastq/SRR360/058/SRR36009058/SRR36009058_2.fastq.gz	run	B	CVCL_0007	U-937	20410233.0	SRR36009058
SRX30196359	PAIRED	ftp.sra.ebi.ac.uk/vol1/fastq/SRR350/017/SRR35082717/SRR35082717_1.fastq.gz;ftp.sra.ebi.ac.uk/vol1/fastq/SRR350/017/SRR35082717/SRR35082717_2.fastq.gz	run	A	CVCL_4748	MDA PCa 2b	20228070.0	SRR35082717
SRX26634091	PAIRED	ftp.sra.ebi.ac.uk/vol1/fastq/SRR312/032/SRR31254732/SRR31254732_1.fastq.gz;ftp.sra.ebi.ac.uk/vol1/fastq/SRR312/032/SRR31254732/SRR31254732_2.fastq.gz	run	A	CVCL_0389	LA-N-5	20109789.0	SRR31254732
SRX23396242	SINGLE	ftp.sra.ebi.ac.uk/vol1/fastq/SRR277/096/SRR27730596/SRR27730596.fastq.gz	run	B	CVCL_1235	GP5d	20071220.0	SRR27730596
SRX25382437	PAIRED	ftp.sra.ebi.ac.uk/vol1/fastq/SRR298/066/SRR29886266/SRR29886266_1.fastq.gz;ftp.sra.ebi.ac.uk/vol1/fastq/SRR298/066/SRR29886266/SRR29886266_2.fastq.gz	run	B	CVCL_0375	KGN	19936938.0	SRR29886266
SRX25382436	PAIRED	ftp.sra.ebi.ac.uk/vol1/fastq/SRR298/067/SRR29886267/SRR29886267_1.fastq.gz;ftp.sra.ebi.ac.uk/vol1/fastq/SRR298/067/SRR29886267/SRR29886267_2.fastq.gz	run	B	CVCL_0375	KGN	19806713.0	SRR29886267
SRX30094119	PAIRED		run	B	CVCL_0395	LNCAP	19726102.0	SRR34974976
SRX29113597	PAIRED		run	A	CVCL_0181	BV-173	19616400.0	SRR33906129
SRX30196360	PAIRED	ftp.sra.ebi.ac.uk/vol1/fastq/SRR350/016/SRR35082716/SRR35082716_1.fastq.gz;ftp.sra.ebi.ac.uk/vol1/fastq/SRR350/016/SRR35082716/SRR35082716_2.fastq.gz	run	A	CVCL_4748	MDA PCa 2b	19562005.0	SRR35082716
SRX31783209	PAIRED	ftp.sra.ebi.ac.uk/vol1/fastq/SRR367/014/SRR36795214/SRR36795214_1.fastq.gz;ftp.sra.ebi.ac.uk/vol1/fastq/SRR367/014/SRR36795214/SRR36795214_2.fastq.gz	run	A	CVCL_2091	KCL-22	19366975.0	SRR36795214
SRX28412010	PAIRED	ftp.sra.ebi.ac.uk/vol1/fastq/SRR331/042/SRR33150742/SRR33150742_1.fastq.gz;ftp.sra.ebi.ac.uk/vol1/fastq/SRR331/042/SRR33150742/SRR33150742_2.fastq.gz	run	A	CVCL_1566	NCI-H520	19365505.0	SRR33150742
SRX28654742	PAIRED	ftp.sra.ebi.ac.uk/vol1/fastq/SRR334/001/SRR33413701/SRR33413701_1.fastq.gz;ftp.sra.ebi.ac.uk/vol1/fastq/SRR334/001/SRR33413701/SRR33413701_2.fastq.gz	run	B	CVCL_0395	LNCAP	19188737.0	SRR33413701
SRX30251289	PAIRED	ftp.sra.ebi.ac.uk/vol1/fastq/SRR351/023/SRR35145623/SRR35145623_1.fastq.gz;ftp.sra.ebi.ac.uk/vol1/fastq/SRR351/023/SRR35145623/SRR35145623_2.fastq.gz	run	B	CVCL_1473	NCI-H146	18913080.0	SRR35145623
SRX26709356	SINGLE	ftp.sra.ebi.ac.uk/vol1/fastq/SRR313/087/SRR31331987/SRR31331987.fastq.gz	run	B	CVCL_0395	LNCAP	18795913.0	SRR31331987
SRX24405658	PAIRED	ftp.sra.ebi.ac.uk/vol1/fastq/SRR288/098/SRR28843898/SRR28843898_1.fastq.gz;ftp.sra.ebi.ac.uk/vol1/fastq/SRR288/098/SRR28843898/SRR28843898_2.fastq.gz	run	A	CVCL_8719	HSSY2	18659670.0	SRR28843898
SRX25966419	SINGLE	ftp.sra.ebi.ac.uk/vol1/fastq/SRR305/000/SRR30543000/SRR30543000.fastq.gz	run	A	CVCL_0139	AGS	18637227.0	SRR30543000
SRX29113604	PAIRED		run	A	CVCL_0181	BV-173	18144271.0	SRR33906122
SRX26405540	PAIRED	ftp.sra.ebi.ac.uk/vol1/fastq/SRR310/096/SRR31018296/SRR31018296_1.fastq.gz;ftp.sra.ebi.ac.uk/vol1/fastq/SRR310/096/SRR31018296/SRR31018296_2.fastq.gz;ftp.sra.ebi.ac.uk/vol1/fastq/SRR310/095/SRR31018295/SRR31018295_1.fastq.gz;ftp.sra.ebi.ac.uk/vol1/fastq/SRR310/095/SRR31018295/SRR31018295_2.fastq.gz	run	B	CVCL_0103	SUP-B15	17900086.0	SRR31018295;SRR31018296
SRX31634489	PAIRED	ftp.sra.ebi.ac.uk/vol1/fastq/SRR366/070/SRR36621970/SRR36621970_1.fastq.gz;ftp.sra.ebi.ac.uk/vol1/fastq/SRR366/070/SRR36621970/SRR36621970_2.fastq.gz	run	A	CVCL_1644	PSN1	17790691.0	SRR36621970
SRX29113594	PAIRED	ftp.sra.ebi.ac.uk/vol1/fastq/SRR339/032/SRR33906132/SRR33906132_1.fastq.gz;ftp.sra.ebi.ac.uk/vol1/fastq/SRR339/032/SRR33906132/SRR33906132_2.fastq.gz	run	B	CVCL_0103	SUP-B15	17606885.0	SRR33906132
SRX29113598	PAIRED	ftp.sra.ebi.ac.uk/vol1/fastq/SRR339/028/SRR33906128/SRR33906128_1.fastq.gz;ftp.sra.ebi.ac.uk/vol1/fastq/SRR339/028/SRR33906128/SRR33906128_2.fastq.gz	run	A	CVCL_0181	BV-173	17566808.0	SRR33906128
SRX24784380	SINGLE	ftp.sra.ebi.ac.uk/vol1/fastq/SRR292/053/SRR29266753/SRR29266753.fastq.gz	run	A	CVCL_0028	AN3 CA	17137607.0	SRR29266753
SRX30251248	PAIRED	ftp.sra.ebi.ac.uk/vol1/fastq/SRR351/067/SRR35145667/SRR35145667_1.fastq.gz;ftp.sra.ebi.ac.uk/vol1/fastq/SRR351/067/SRR35145667/SRR35145667_2.fastq.gz	run	A	CVCL_1469	NCI-H1417	17064898.0	SRR35145667
SRX29113587	PAIRED	ftp.sra.ebi.ac.uk/vol1/fastq/SRR339/039/SRR33906139/SRR33906139_1.fastq.gz;ftp.sra.ebi.ac.uk/vol1/fastq/SRR339/039/SRR33906139/SRR33906139_2.fastq.gz	run	B	CVCL_0103	SUP-B15	17020618.0	SRR33906139
SRX25879891	PAIRED	ftp.sra.ebi.ac.uk/vol1/fastq/SRR304/042/SRR30454642/SRR30454642_1.fastq.gz;ftp.sra.ebi.ac.uk/vol1/fastq/SRR304/042/SRR30454642/SRR30454642_2.fastq.gz	run	B	CVCL_0395	LNCAP	16903517.0	SRR30454642
SRX23718621	PAIRED	ftp.sra.ebi.ac.uk/vol1/fastq/SRR280/028/SRR28069228/SRR28069228_1.fastq.gz;ftp.sra.ebi.ac.uk/vol1/fastq/SRR280/028/SRR28069228/SRR28069228_2.fastq.gz	run	A	CVCL_1353	KYSE-450	16728533.0	SRR28069228
SRX507398	SINGLE	ftp.sra.ebi.ac.uk/vol1/fastq/SRR121/005/SRR1213185/SRR1213185.fastq.gz	run	B	CVCL_1451	NCCIT	16526561.0	SRR1213185
SRX21165346	SINGLE	ftp.sra.ebi.ac.uk/vol1/fastq/SRR254/058/SRR25431158/SRR25431158.fastq.gz	run	B	CVCL_0395	LNCAP	16468745.0	SRR25431158
SRX23146857	PAIRED	ftp.sra.ebi.ac.uk/vol1/fastq/SRR274/056/SRR27475456/SRR27475456_1.fastq.gz;ftp.sra.ebi.ac.uk/vol1/fastq/SRR274/056/SRR27475456/SRR27475456_2.fastq.gz	run	B	CVCL_0395	LNCAP	16381986.0	SRR27475456
SRX29113606	PAIRED		run	A	CVCL_0181	BV-173	16263931.0	SRR33906120
SRX25968022	PAIRED	ftp.sra.ebi.ac.uk/vol1/fastq/SRR305/012/SRR30544612/SRR30544612_1.fastq.gz;ftp.sra.ebi.ac.uk/vol1/fastq/SRR305/012/SRR30544612/SRR30544612_2.fastq.gz	run	B	CVCL_0237	Capan-1	16163701.0	SRR30544612
SRX30251283	PAIRED	ftp.sra.ebi.ac.uk/vol1/fastq/SRR351/029/SRR35145629/SRR35145629_1.fastq.gz;ftp.sra.ebi.ac.uk/vol1/fastq/SRR351/029/SRR35145629/SRR35145629_2.fastq.gz	run	B	CVCL_1473	NCI-H146	15873629.0	SRR35145629
SRX31634485	PAIRED	ftp.sra.ebi.ac.uk/vol1/fastq/SRR366/074/SRR36621974/SRR36621974_1.fastq.gz;ftp.sra.ebi.ac.uk/vol1/fastq/SRR366/074/SRR36621974/SRR36621974_2.fastq.gz	run	A	CVCL_1644	PSN1	15729457.0	SRR36621974
SRX29113605	PAIRED		run	A	CVCL_0181	BV-173	15648412.0	SRR33906121
SRX29113591	PAIRED	ftp.sra.ebi.ac.uk/vol1/fastq/SRR339/035/SRR33906135/SRR33906135_1.fastq.gz;ftp.sra.ebi.ac.uk/vol1/fastq/SRR339/035/SRR33906135/SRR33906135_2.fastq.gz	run	B	CVCL_0103	SUP-B15	15510937.0	SRR33906135
SRX29113589	PAIRED	ftp.sra.ebi.ac.uk/vol1/fastq/SRR339/037/SRR33906137/SRR33906137_1.fastq.gz;ftp.sra.ebi.ac.uk/vol1/fastq/SRR339/037/SRR33906137/SRR33906137_2.fastq.gz	run	B	CVCL_0103	SUP-B15	15091277.0	SRR33906137
SRX29113593	PAIRED	ftp.sra.ebi.ac.uk/vol1/fastq/SRR339/033/SRR33906133/SRR33906133_1.fastq.gz;ftp.sra.ebi.ac.uk/vol1/fastq/SRR339/033/SRR33906133/SRR33906133_2.fastq.gz	run	B	CVCL_0103	SUP-B15	15043603.0	SRR33906133
SRX21165348	SINGLE	ftp.sra.ebi.ac.uk/vol1/fastq/SRR254/056/SRR25431156/SRR25431156.fastq.gz	run	B	CVCL_0395	LNCAP	15029231.0	SRR25431156
SRX30251286	PAIRED	ftp.sra.ebi.ac.uk/vol1/fastq/SRR351/026/SRR35145626/SRR35145626_1.fastq.gz;ftp.sra.ebi.ac.uk/vol1/fastq/SRR351/026/SRR35145626/SRR35145626_2.fastq.gz	run	B	CVCL_1473	NCI-H146	15009185.0	SRR35145626
SRX21165351	SINGLE	ftp.sra.ebi.ac.uk/vol1/fastq/SRR254/053/SRR25431153/SRR25431153.fastq.gz	run	B	CVCL_0395	LNCAP	14870086.0	SRR25431153
SRX29113607	PAIRED	ftp.sra.ebi.ac.uk/vol1/fastq/SRR339/019/SRR33906119/SRR33906119_1.fastq.gz;ftp.sra.ebi.ac.uk/vol1/fastq/SRR339/019/SRR33906119/SRR33906119_2.fastq.gz	run	A	CVCL_0181	BV-173	14745074.0	SRR33906119
SRX23146860	PAIRED	ftp.sra.ebi.ac.uk/vol1/fastq/SRR274/053/SRR27475453/SRR27475453_1.fastq.gz;ftp.sra.ebi.ac.uk/vol1/fastq/SRR274/053/SRR27475453/SRR27475453_2.fastq.gz	run	B	CVCL_0395	LNCAP	14577943.0	SRR27475453
SRX28654753	PAIRED	ftp.sra.ebi.ac.uk/vol1/fastq/SRR334/090/SRR33413690/SRR33413690_1.fastq.gz;ftp.sra.ebi.ac.uk/vol1/fastq/SRR334/090/SRR33413690/SRR33413690_2.fastq.gz	run	B	CVCL_0395	LNCAP	14558976.0	SRR33413690
SRX29113602	PAIRED		run	A	CVCL_0181	BV-173	14551196.0	SRR33906124
SRX23794235	PAIRED	ftp.sra.ebi.ac.uk/vol1/fastq/SRR281/057/SRR28163957/SRR28163957_1.fastq.gz;ftp.sra.ebi.ac.uk/vol1/fastq/SRR281/057/SRR28163957/SRR28163957_2.fastq.gz	run	B	CVCL_1334	KMS-12-BM	14492224.0	SRR28163957
SRX21165354	SINGLE	ftp.sra.ebi.ac.uk/vol1/fastq/SRR254/050/SRR25431150/SRR25431150.fastq.gz	run	B	CVCL_0395	LNCAP	14462327.0	SRR25431150
SRX21165350	SINGLE	ftp.sra.ebi.ac.uk/vol1/fastq/SRR254/054/SRR25431154/SRR25431154.fastq.gz	run	B	CVCL_0395	LNCAP	13943546.0	SRR25431154
SRX29113603	PAIRED	ftp.sra.ebi.ac.uk/vol1/fastq/SRR339/023/SRR33906123/SRR33906123_1.fastq.gz;ftp.sra.ebi.ac.uk/vol1/fastq/SRR339/023/SRR33906123/SRR33906123_2.fastq.gz	run	A	CVCL_0181	BV-173	13920010.0	SRR33906123
SRX23396262	SINGLE	ftp.sra.ebi.ac.uk/vol1/fastq/SRR277/076/SRR27730576/SRR27730576.fastq.gz	run	A	CVCL_1622	OE19	13772158.0	SRR27730576
SRX28654747	PAIRED	ftp.sra.ebi.ac.uk/vol1/fastq/SRR334/096/SRR33413696/SRR33413696_1.fastq.gz;ftp.sra.ebi.ac.uk/vol1/fastq/SRR334/096/SRR33413696/SRR33413696_2.fastq.gz	run	B	CVCL_0395	LNCAP	13737824.0	SRR33413696
SRX29113586	PAIRED	ftp.sra.ebi.ac.uk/vol1/fastq/SRR339/040/SRR33906140/SRR33906140_1.fastq.gz;ftp.sra.ebi.ac.uk/vol1/fastq/SRR339/040/SRR33906140/SRR33906140_2.fastq.gz	run	B	CVCL_0103	SUP-B15	13714206.0	SRR33906140
SRX21165353	SINGLE	ftp.sra.ebi.ac.uk/vol1/fastq/SRR254/051/SRR25431151/SRR25431151.fastq.gz	run	B	CVCL_0395	LNCAP	13680689.0	SRR25431151
SRX25736653	PAIRED	ftp.sra.ebi.ac.uk/vol1/fastq/SRR302/099/SRR30275699/SRR30275699_1.fastq.gz;ftp.sra.ebi.ac.uk/vol1/fastq/SRR302/099/SRR30275699/SRR30275699_2.fastq.gz	run	A	CVCL_1820	HPB-ALL	13597455.0	SRR30275699
SRX21165379	PAIRED	ftp.sra.ebi.ac.uk/vol1/fastq/SRR254/024/SRR25431124/SRR25431124_1.fastq.gz;ftp.sra.ebi.ac.uk/vol1/fastq/SRR254/024/SRR25431124/SRR25431124_2.fastq.gz;ftp.sra.ebi.ac.uk/vol1/fastq/SRR254/025/SRR25431125/SRR25431125_1.fastq.gz;ftp.sra.ebi.ac.uk/vol1/fastq/SRR254/025/SRR25431125/SRR25431125_2.fastq.gz	run	B	CVCL_1576	NCI-H660	13571020.0	SRR25431124;SRR25431125
SRX25275878	PAIRED	ftp.sra.ebi.ac.uk/vol1/fastq/SRR297/023/SRR29775923/SRR29775923_1.fastq.gz;ftp.sra.ebi.ac.uk/vol1/fastq/SRR297/023/SRR29775923/SRR29775923_2.fastq.gz	run	A	CVCL_1469	NCI-H1417	13541646.0	SRR29775923
SRX21165352	SINGLE	ftp.sra.ebi.ac.uk/vol1/fastq/SRR254/052/SRR25431152/SRR25431152.fastq.gz	run	B	CVCL_0395	LNCAP	13317167.0	SRR25431152
SRX31286470	PAIRED	ftp.sra.ebi.ac.uk/vol1/fastq/SRR362/017/SRR36251317/SRR36251317_1.fastq.gz;ftp.sra.ebi.ac.uk/vol1/fastq/SRR362/017/SRR36251317/SRR36251317_2.fastq.gz	run	A	CVCL_1667	RPMI 8402	13164567.0	SRR36251317
SRX30424658	PAIRED	ftp.sra.ebi.ac.uk/vol1/fastq/SRR353/095/SRR35323595/SRR35323595_1.fastq.gz;ftp.sra.ebi.ac.uk/vol1/fastq/SRR353/095/SRR35323595/SRR35323595_2.fastq.gz	run	A	CVCL_DR59	GSC23	13000818.0	SRR35323595
SRX29113596	PAIRED	ftp.sra.ebi.ac.uk/vol1/fastq/SRR339/030/SRR33906130/SRR33906130_1.fastq.gz;ftp.sra.ebi.ac.uk/vol1/fastq/SRR339/030/SRR33906130/SRR33906130_2.fastq.gz	run	B	CVCL_0103	SUP-B15	12994737.0	SRR33906130
SRX29113590	PAIRED	ftp.sra.ebi.ac.uk/vol1/fastq/SRR339/036/SRR33906136/SRR33906136_1.fastq.gz;ftp.sra.ebi.ac.uk/vol1/fastq/SRR339/036/SRR33906136/SRR33906136_2.fastq.gz	run	B	CVCL_0103	SUP-B15	12772759.0	SRR33906136
SRX21165355	SINGLE	ftp.sra.ebi.ac.uk/vol1/fastq/SRR254/049/SRR25431149/SRR25431149.fastq.gz	run	B	CVCL_0395	LNCAP	12473755.0	SRR25431149
SRX23718625	PAIRED	ftp.sra.ebi.ac.uk/vol1/fastq/SRR280/024/SRR28069224/SRR28069224_1.fastq.gz;ftp.sra.ebi.ac.uk/vol1/fastq/SRR280/024/SRR28069224/SRR28069224_2.fastq.gz	run	A	CVCL_1353	KYSE-450	12401574.0	SRR28069224
SRX21165347	SINGLE	ftp.sra.ebi.ac.uk/vol1/fastq/SRR254/057/SRR25431157/SRR25431157.fastq.gz	run	B	CVCL_0395	LNCAP	12291385.0	SRR25431157
SRX21165349	SINGLE	ftp.sra.ebi.ac.uk/vol1/fastq/SRR254/055/SRR25431155/SRR25431155.fastq.gz	run	B	CVCL_0395	LNCAP	12179698.0	SRR25431155
SRX28654748	PAIRED	ftp.sra.ebi.ac.uk/vol1/fastq/SRR334/095/SRR33413695/SRR33413695_1.fastq.gz;ftp.sra.ebi.ac.uk/vol1/fastq/SRR334/095/SRR33413695/SRR33413695_2.fastq.gz	run	B	CVCL_0395	LNCAP	11853691.0	SRR33413695
SRX28654750	PAIRED	ftp.sra.ebi.ac.uk/vol1/fastq/SRR334/093/SRR33413693/SRR33413693_1.fastq.gz;ftp.sra.ebi.ac.uk/vol1/fastq/SRR334/093/SRR33413693/SRR33413693_2.fastq.gz	run	B	CVCL_0395	LNCAP	11365770.0	SRR33413693
SRX28654752	PAIRED	ftp.sra.ebi.ac.uk/vol1/fastq/SRR334/091/SRR33413691/SRR33413691_1.fastq.gz;ftp.sra.ebi.ac.uk/vol1/fastq/SRR334/091/SRR33413691/SRR33413691_2.fastq.gz	run	B	CVCL_0395	LNCAP	11361945.0	SRR33413691
SRX25879892	PAIRED	ftp.sra.ebi.ac.uk/vol1/fastq/SRR304/041/SRR30454641/SRR30454641_1.fastq.gz;ftp.sra.ebi.ac.uk/vol1/fastq/SRR304/041/SRR30454641/SRR30454641_2.fastq.gz	run	B	CVCL_0395	LNCAP	11319371.0	SRR30454641
SRX28650398	SINGLE		run	B	CVCL_0395	LNCAP	11291676.0	SRR33409147
SRX25736654	PAIRED	ftp.sra.ebi.ac.uk/vol1/fastq/SRR302/098/SRR30275698/SRR30275698_1.fastq.gz;ftp.sra.ebi.ac.uk/vol1/fastq/SRR302/098/SRR30275698/SRR30275698_2.fastq.gz	run	A	CVCL_1820	HPB-ALL	11219936.0	SRR30275698
SRX26709359	SINGLE	ftp.sra.ebi.ac.uk/vol1/fastq/SRR313/084/SRR31331984/SRR31331984.fastq.gz	run	B	CVCL_0395	LNCAP	10659661.0	SRR31331984
SRX31058292	PAIRED	ftp.sra.ebi.ac.uk/vol1/fastq/SRR360/049/SRR36009049/SRR36009049_1.fastq.gz;ftp.sra.ebi.ac.uk/vol1/fastq/SRR360/049/SRR36009049/SRR36009049_2.fastq.gz	run	B	CVCL_0007	U-937	10603966.0	SRR36009049
SRX30251287	PAIRED	ftp.sra.ebi.ac.uk/vol1/fastq/SRR351/025/SRR35145625/SRR35145625_1.fastq.gz;ftp.sra.ebi.ac.uk/vol1/fastq/SRR351/025/SRR35145625/SRR35145625_2.fastq.gz	run	B	CVCL_1473	NCI-H146	10042914.0	SRR35145625
SRX31783217	PAIRED	ftp.sra.ebi.ac.uk/vol1/fastq/SRR367/006/SRR36795206/SRR36795206_1.fastq.gz;ftp.sra.ebi.ac.uk/vol1/fastq/SRR367/006/SRR36795206/SRR36795206_2.fastq.gz	run	A	CVCL_0181	BV-173	10026372.0	SRR36795206
SRX31783213	PAIRED	ftp.sra.ebi.ac.uk/vol1/fastq/SRR367/010/SRR36795210/SRR36795210_1.fastq.gz;ftp.sra.ebi.ac.uk/vol1/fastq/SRR367/010/SRR36795210/SRR36795210_2.fastq.gz	run	A	CVCL_1895	TOM-1	9994005.0	SRR36795210
SRX31783212	PAIRED	ftp.sra.ebi.ac.uk/vol1/fastq/SRR367/011/SRR36795211/SRR36795211_1.fastq.gz;ftp.sra.ebi.ac.uk/vol1/fastq/SRR367/011/SRR36795211/SRR36795211_2.fastq.gz	run	A	CVCL_1895	TOM-1	9919981.0	SRR36795211
SRX28654751	PAIRED	ftp.sra.ebi.ac.uk/vol1/fastq/SRR334/092/SRR33413692/SRR33413692_1.fastq.gz;ftp.sra.ebi.ac.uk/vol1/fastq/SRR334/092/SRR33413692/SRR33413692_2.fastq.gz	run	B	CVCL_0395	LNCAP	9764572.0	SRR33413692
SRX31783214	PAIRED	ftp.sra.ebi.ac.uk/vol1/fastq/SRR367/009/SRR36795209/SRR36795209_1.fastq.gz;ftp.sra.ebi.ac.uk/vol1/fastq/SRR367/009/SRR36795209/SRR36795209_2.fastq.gz	run	B	CVCL_0103	SUP-B15	9361382.0	SRR36795209
SRX31783216	PAIRED	ftp.sra.ebi.ac.uk/vol1/fastq/SRR367/007/SRR36795207/SRR36795207_1.fastq.gz;ftp.sra.ebi.ac.uk/vol1/fastq/SRR367/007/SRR36795207/SRR36795207_2.fastq.gz	run	A	CVCL_0181	BV-173	8625261.0	SRR36795207
SRX30251290	PAIRED	ftp.sra.ebi.ac.uk/vol1/fastq/SRR351/022/SRR35145622/SRR35145622_1.fastq.gz;ftp.sra.ebi.ac.uk/vol1/fastq/SRR351/022/SRR35145622/SRR35145622_2.fastq.gz	run	B	CVCL_1473	NCI-H146	8573911.0	SRR35145622
SRX28654746	PAIRED	ftp.sra.ebi.ac.uk/vol1/fastq/SRR334/097/SRR33413697/SRR33413697_1.fastq.gz;ftp.sra.ebi.ac.uk/vol1/fastq/SRR334/097/SRR33413697/SRR33413697_2.fastq.gz	run	B	CVCL_0395	LNCAP	8034704.0	SRR33413697
SRX31783215	PAIRED	ftp.sra.ebi.ac.uk/vol1/fastq/SRR367/008/SRR36795208/SRR36795208_1.fastq.gz;ftp.sra.ebi.ac.uk/vol1/fastq/SRR367/008/SRR36795208/SRR36795208_2.fastq.gz	run	B	CVCL_0103	SUP-B15	7747682.0	SRR36795208
SRX30251322	PAIRED	ftp.sra.ebi.ac.uk/vol1/fastq/SRR351/034/SRR35145634/SRR35145634_1.fastq.gz;ftp.sra.ebi.ac.uk/vol1/fastq/SRR351/034/SRR35145634/SRR35145634_2.fastq.gz	run	B	CVCL_1473	NCI-H146	7693316.0	SRR35145634
SRX26535971	PAIRED	ftp.sra.ebi.ac.uk/vol1/fastq/SRR311/097/SRR31152297/SRR31152297_1.fastq.gz;ftp.sra.ebi.ac.uk/vol1/fastq/SRR311/097/SRR31152297/SRR31152297_2.fastq.gz	run	B	CVCL_1544	NCI-H226	7542063.0	SRR31152297
SRX28654749	PAIRED	ftp.sra.ebi.ac.uk/vol1/fastq/SRR334/094/SRR33413694/SRR33413694_1.fastq.gz;ftp.sra.ebi.ac.uk/vol1/fastq/SRR334/094/SRR33413694/SRR33413694_2.fastq.gz	run	B	CVCL_0395	LNCAP	7310627.0	SRR33413694
SRX31058281	PAIRED	ftp.sra.ebi.ac.uk/vol1/fastq/SRR360/060/SRR36009060/SRR36009060_1.fastq.gz;ftp.sra.ebi.ac.uk/vol1/fastq/SRR360/060/SRR36009060/SRR36009060_2.fastq.gz	run	B	CVCL_0007	U-937	7071594.0	SRR36009060
SRX28238976	PAIRED	ftp.sra.ebi.ac.uk/vol1/fastq/SRR329/094/SRR32965394/SRR32965394_1.fastq.gz;ftp.sra.ebi.ac.uk/vol1/fastq/SRR329/094/SRR32965394/SRR32965394_2.fastq.gz	run	A	CVCL_1566	NCI-H520	5836295.0	SRR32965394
SRX26535870	PAIRED		run	B	CVCL_1547	NCI-H23	5716459.0	SRR31152224
SRX28238975	PAIRED	ftp.sra.ebi.ac.uk/vol1/fastq/SRR329/095/SRR32965395/SRR32965395_1.fastq.gz;ftp.sra.ebi.ac.uk/vol1/fastq/SRR329/095/SRR32965395/SRR32965395_2.fastq.gz	run	A	CVCL_1566	NCI-H520	5658614.0	SRR32965395
SRX19935617	SINGLE	ftp.sra.ebi.ac.uk/vol1/fastq/SRR241/030/SRR24136930/SRR24136930.fastq.gz	run	A	CVCL_0067	NAMALWA	5316286.0	SRR24136930
SRX19935616	SINGLE	ftp.sra.ebi.ac.uk/vol1/fastq/SRR241/031/SRR24136931/SRR24136931.fastq.gz	run	A	CVCL_0067	NAMALWA	4687807.0	SRR24136931
SRX19935615	SINGLE	ftp.sra.ebi.ac.uk/vol1/fastq/SRR241/032/SRR24136932/SRR24136932.fastq.gz	run	A	CVCL_0067	NAMALWA	4301032.0	SRR24136932
SRX26535867	PAIRED		run	B	CVCL_0021	U-251 MG	3374364.0	SRR31152227
SRX30424659	PAIRED	ftp.sra.ebi.ac.uk/vol1/fastq/SRR353/094/SRR35323594/SRR35323594_1.fastq.gz;ftp.sra.ebi.ac.uk/vol1/fastq/SRR353/094/SRR35323594/SRR35323594_2.fastq.gz	run	A	CVCL_DR59	GSC23	3304818.0	SRR35323594
