key	line	cn_source	n_samples	frac_amp	rho_raw	rho_corrected
ACH-000001	NIHOVCAR3	depmap_wgs	14	0.1942	0.2043	-0.0335
ACH-000002	HL60	cmp_wes	17	0.0263	0.0906	-0.0176
ACH-000004	HEL	depmap_wgs	5	0.1009	0.1897	-0.0125
ACH-000006	MONOMAC6	cmp_wes	3	0.0606	0.0801	-0.0773
ACH-000012	HCC827	depmap_wgs	1	0.0681	0.1157	-0.0654
ACH-000017	SKBR3	depmap_wgs	6	0.1813	0.1546	-0.1128
ACH-000018	T24	depmap_wgs	2	0.0973	0.0516	-0.1058
ACH-000019	MCF7	depmap_wgs	170	0.1822	0.1379	-0.1646
ACH-000021	NCIH1693	depmap_wgs	1	0.1674	0.1532	-0.0949
ACH-000022	PATU8988S	depmap_wgs	3	0.1165	0.0918	-0.114
ACH-000024	OPM2	depmap_wgs	4	0.1116	0.1233	-0.0746
ACH-000030	PC14	depmap_wgs	1	0.2188	0.0411	-0.1947
ACH-000032	MHHCALL3	cmp_wes	1	0.0574	0.096	-0.0874
ACH-000035	NCIH1650	depmap_wgs	1	0.1316	0.1108	-0.0941
ACH-000039	SKNMC	depmap_wgs	10	0.0868	0.2631	0.0679
ACH-000044	MDAMB134VI	depmap_wgs	2	0.0781	0.0693	-0.1204
ACH-000045	MV411	depmap_wgs	21	0.0801	0.2592	0.1795
ACH-000046	ACHN	depmap_wgs	2	0.3337	0.1751	-0.0286
ACH-000050	NCIH929	depmap_wgs	3	0.1359	0.1895	-0.0015
ACH-000052	A673	depmap_wgs	25	0.0578	0.1362	0.0323
ACH-000053	KARPAS299	depmap_wgs	1	0.0382	0.1589	0.0225
ACH-000054	HT1080	depmap_wgs	10	0.0552	0.2484	0.18
ACH-000055	D283MED	cmp_wes	1	0.1105	0.0787	-0.0729
ACH-000056	DOHH2	cmp_wes	4	0.0605	0.0766	0.0291
ACH-000059	SUPB15	depmap_wgs	1	0.051	0.1884	0.0726
ACH-000062	RERFLCMS	depmap_wgs	1	0.1267	0.0409	-0.1047
ACH-000068	REC1	depmap_wgs	9	0.0667	0.1109	-0.1319
ACH-000070	697	depmap_wgs	19	0.0522	0.2597	0.1437
ACH-000072	MEG01	cmp_wes	8	0.3755	0.0849	-0.1002
ACH-000073	GRANTA519	cmp_wes	1	0.0145	0.1047	-0.0619
ACH-000074	KU812	depmap_wgs	8	0.3296	0.2295	-0.0116
ACH-000075	U87MG	depmap_wgs	4	0.0566	0.1216	-0.0436
ACH-000085	T3M4	depmap_wgs	2	0.1385	0.083	-0.1457
ACH-000090	PC3	depmap_wgs	15	0.2039	0.0994	-0.1826
ACH-000094	HPAFII	cmp_wes	5	0.3661	0.0656	-0.135
ACH-000095	D341MED	depmap_wgs	11	0.1161	0.2188	0.0773
ACH-000096	G401	depmap_wgs	12	0.0007	0.2342	0.1729
ACH-000097	ZR751	depmap_wgs	10	0.1844	0.0862	-0.1261
ACH-000104	LOUCY	depmap_wgs	5	0.0018	0.2711	0.1793
ACH-000105	ALLSIL	cmp_wes	1	0.0781	0.0816	-0.0469
ACH-000106	JVM2	cmp_wes	1	0.0495	0.085	0.0364
ACH-000107	CAPAN2	cmp_wes	9	0.161	0.0717	-0.1255
ACH-000113	OCIAML2	depmap_wgs	3	0.1298	0.2944	0.1646
ACH-000115	VCAP	cmp_wes	22	0.2049	0.0857	-0.1212
ACH-000120	CHP212	depmap_wgs	1	0.0832	0.161	0.0068
ACH-000138	CFPAC1	cmp_wes	29	0.0532	0.113	-0.0798
ACH-000139	PANC0327	depmap_wgs	2	0.1407	0.0745	-0.1079
ACH-000140	PFEIFFER	cmp_wes	3	0.1492	0.1108	-0.1062
ACH-000145	SKLMS1	depmap_wgs	1	0.0543	0.0833	-0.0623
ACH-000146	THP1	depmap_wgs	81	0.1758	0.2	0.0047
ACH-000147	T47D	depmap_wgs	60	0.3404	0.1072	-0.1528
ACH-000148	HS578T	depmap_wgs	9	0.1589	0.1127	-0.077
ACH-000149	SKNSH	cmp_wes	5	0.105	-0.0047	-0.0672
ACH-000158	OCILY3	cmp_wes	14	0.1335	0.0551	-0.2007
ACH-000159	OSRC2	depmap_wgs	2	0.0565	0.1203	-0.0811
ACH-000160	BT12	depmap_wgs	3	0.0399	-0.0342	-0.0887
ACH-000164	PANC1	depmap_wgs	14	0.0987	0.1554	-0.0808
ACH-000169	RD	depmap_wgs	6	0.2367	0.1037	-0.0837
ACH-000187	CORL311	depmap_wgs	2	0.2115	0.1141	-0.1463
ACH-000188	SCC25	depmap_wgs	2	0.1335	0.1313	-0.078
ACH-000195	SET2	depmap_wgs	11	0.0482	0.2692	0.1069
ACH-000196	HCC1599	depmap_wgs	5	0.1975	0.1464	-0.136
ACH-000197	TALL1	cmp_wes	1	0.0998	0.0327	-0.096
ACH-000202	COLO320	depmap_wgs	1	0.3279	0.1563	-0.0347
ACH-000204	LP1	depmap_wgs	9	0.1394	0.1116	-0.1332
ACH-000207	DETROIT562	depmap_wgs	9	0.2018	0.1756	-0.0596
ACH-000212	CAL120	depmap_wgs	12	0.2161	0.1202	-0.1077
ACH-000219	A375	depmap_wgs	8	0.0585	0.1529	-0.0215
ACH-000220	MINO	cmp_wes	9	0.0966	0.0733	-0.2162
ACH-000221	SNU398	depmap_wgs	1	0.1102	0.1493	-0.0673
ACH-000222	ASPC1	depmap_wgs	4	0.4182	0.0274	-0.1717
ACH-000223	HCC1937	depmap_wgs	2	0.249	0.1344	-0.149
ACH-000226	SUPM2	depmap_wgs	2	0.1825	0.2198	0.0893
ACH-000232	U251MG	depmap_wgs	2	0.0945	0.0437	-0.1335
ACH-000235	PANC0403	depmap_wgs	1	0.0467	0.1391	-0.0463
ACH-000247	OCUM1	depmap_wgs	3	0.2669	0.1203	-0.0526
ACH-000248	AU565	depmap_wgs	2	0.2137	0.1287	-0.1418
ACH-000251	NCIH2887	depmap_wgs	1	0.2379	0.1458	-0.1404
ACH-000255	LMSU	cmp_wes	6	0.2544	0.1169	-0.1466
ACH-000258	DU4475	depmap_wgs	1	0.0573	0.0857	-0.0604
ACH-000259	KELLY	depmap_wgs	28	0.1992	0.274	0.0727
ACH-000260	SKNAS	depmap_wgs	4	0.1326	0.2063	0.0368
ACH-000263	KASUMI1	depmap_wgs	16	0.0688	0.2541	0.1203
ACH-000265	KP4	depmap_wgs	1	0.0483	0.1306	-0.0521
ACH-000271	SUDHL10	cmp_wes	2	0.0624	0.0889	-0.014
ACH-000273	SF539	depmap_wgs	2	0.2563	0.1556	-0.0409
ACH-000276	HCC38	depmap_wgs	1	0.2221	0.1229	-0.1623
ACH-000281	KP2	depmap_wgs	1	0.0893	0.043	-0.1504
ACH-000285	TOLEDO	cmp_wes	2	0.2893	0.0777	-0.1797
ACH-000288	BT549	depmap_wgs	7	0.1885	0.1124	-0.1019
ACH-000294	NB4	cmp_wes	8	0.1796	0.1173	-0.0763
ACH-000297	NCIH889	depmap_wgs	2	0.1621	0.1486	-0.1583
ACH-000299	HNT34	depmap_wgs	1	0.0411	0.3322	0.2587
ACH-000310	IMR32	depmap_wgs	18	0.1649	0.2097	0.0533
ACH-000312	SKNBE2	depmap_wgs	27	0.1058	0.1754	0.0238
ACH-000315	KARPAS422	depmap_wgs	17	0.074	0.2305	0.1167
ACH-000334	DB	depmap_wgs	2	0.1711	0.1012	-0.0958
ACH-000335	MSTO211H	depmap_wgs	1	0.0331	0.1106	-0.0506
ACH-000336	OCIAML3	depmap_wgs	12	0.148	0.2387	0.1069
ACH-000337	NCIH3122	depmap_wgs	9	0.1386	0.1357	-0.082
ACH-000338	SR786	depmap_wgs	1	0.1053	0.1641	-0.0261
ACH-000341	SKNFI	depmap_wgs	3	0.1291	0.1473	0.0253
ACH-000351	MKN1	depmap_wgs	1	0.1437	0.1437	-0.0568
ACH-000354	CAPAN1	depmap_wgs	1	0.1763	0.139	-0.1201
ACH-000355	NCIH82	depmap_wgs	2	0.0834	0.151	-0.0325
ACH-000357	JEKO1	cmp_wes	4	0.0817	0.0661	-0.1565
ACH-000358	NCIH69	depmap_wgs	5	0.0313	0.1372	-0.1526
ACH-000359	MG63	depmap_wgs	4	0.1941	0.106	-0.1194
ACH-000361	SKHEP1	depmap_wgs	2	0.0878	0.0681	-0.0998
ACH-000362	MOLM13	depmap_wgs	38	0.157	0.2341	0.0791
ACH-000364	U2OS	depmap_wgs	38	0.1757	0.1736	-0.0507
ACH-000365	SUDHL4	depmap_wgs	12	0.1614	0.2631	0.0811
ACH-000366	SKNDZ	depmap_wgs	2	0.0935	0.2565	0.0738
ACH-000367	NCIH226	depmap_wgs	2	0.042	0.1755	0.0248
ACH-000371	RL	depmap_wgs	2	0.1141	0.2057	0.0717
ACH-000372	P12ICHIKAWA	depmap_wgs	1	0.0142	0.2079	0.0554
ACH-000374	HCC1143	depmap_wgs	1	0.2525	0.2322	-0.0695
ACH-000376	SF295	depmap_wgs	2	0.133	0.1935	0.0452
ACH-000380	KMS12BM	cmp_wes	1	0.1061	0.0714	-0.1977
ACH-000388	NUDHL1	cmp_wes	2	0.0704	0.0708	-0.0939
ACH-000391	MHHES1	depmap_wgs	1	0.3003	0.2268	0.0427
ACH-000392	CALU3	cmp_wes	1	0.1287	0.1035	-0.1466
ACH-000396	J82	cmp_wes	1	0.1009	0.0798	-0.0969
ACH-000398	RI1	depmap_mc_wes	4	0.1643	0.0552	-0.0902
ACH-000405	MEC1	depmap_wgs	2	0.0665	0.2643	0.1334
ACH-000406	U937	depmap_wgs	1	0.2312	0.1921	0.018
ACH-000408	TE5	depmap_wgs	1	0.225	0.0173	-0.2333
ACH-000419	KMS28BM	depmap_mc_wes	1	0.118	0.0535	-0.1824
ACH-000421	SW837	depmap_wgs	1	0.0654	0.1966	-0.0055
ACH-000422	SNU475	depmap_wgs	2	0.1739	0.067	-0.1358
ACH-000424	TC71	depmap_wgs	2	0.0755	0.16	-0.0154
ACH-000425	UACC62	cmp_wes	2	0.0477	0.0946	-0.0709
ACH-000427	NCIN87	depmap_wgs	2	0.0494	0.1541	-0.0462
ACH-000428	UO31	cmp_wes	2	0.2749	0.069	-0.0653
ACH-000433	CAKI1	depmap_wgs	2	0.1663	0.063	-0.1448
ACH-000439	ME1	depmap_wgs	3	0.1366	0.1812	0.0127
ACH-000447	NCIH2228	depmap_wgs	1	0.1492	0.1282	-0.1002
ACH-000454	HCC95	depmap_wgs	1	0.2676	0.1274	-0.1542
ACH-000463	NCIH460	depmap_wgs	6	0.2554	0.2298	0.0595
ACH-000473	RT112	depmap_wgs	4	0.1377	0.0992	-0.0601
ACH-000480	HUH7	depmap_wgs	4	0.1423	0.1004	-0.0747
ACH-000482	RERFLCKJ	cmp_wes	1	0.1972	0.0843	-0.1519
ACH-000492	MUTZ5	depmap_wgs	1	0.0013	0.2788	0.2161
ACH-000506	NCIH146	depmap_wgs	2	0.1791	0.1404	-0.0989
ACH-000510	NCIH1299	depmap_wgs	26	0.2015	0.122	-0.1276
ACH-000519	PEER	cmp_wes	1	0.0446	0.0786	-0.1431
ACH-000521	NCIH2030	depmap_wgs	1	0.1921	0.095	-0.1245
ACH-000524	KURAMOCHI	depmap_wgs	1	0.2546	0.165	-0.1237
ACH-000525	NCIH2171	depmap_wgs	3	0.1049	0.1641	-0.0984
ACH-000528	ABC1	depmap_wgs	1	0.3469	0.1273	-0.1097
ACH-000530	DMS114	depmap_wgs	2	0.1572	0.1225	-0.1095
ACH-000534	WSUDLCL2	cmp_wes	2	0.053	0.1173	-0.0022
ACH-000535	BXPC3	depmap_wgs	6	0.2588	0.1426	-0.0411
ACH-000551	K562	depmap_wgs	86	0.1091	0.2471	0.0416
ACH-000552	HT29	depmap_wgs	24	0.1526	0.1333	-0.0772
ACH-000555	A498	cmp_wes	7	0.1019	0.0883	-0.1384
ACH-000556	SIHA	cmp_wes	1	0.0961	0.1202	-0.0607
ACH-000561	TDOTT	cmp_wes	4	0.2569	0.1332	-0.1808
ACH-000563	EBC1	cmp_wes	1	0.1749	0.1185	-0.148
ACH-000568	UACC812	depmap_wgs	2	0.1169	0.1226	-0.1016
ACH-000573	MDAMB436	depmap_wgs	11	0.1187	0.1389	-0.1592
ACH-000576	KMS27	depmap_wgs	5	0.1215	0.0992	-0.0478
ACH-000579	UACC257	depmap_wgs	3	0.1059	0.1304	-0.1151
ACH-000581	SNU16	depmap_wgs	2	0.1102	0.2414	0.035
ACH-000582	COLO741	depmap_wgs	2	0.1677	0.1524	-0.0697
ACH-000587	NCIH1975	depmap_wgs	2	0.1444	0.1537	-0.0526
ACH-000589	NCIH1437	depmap_wgs	1	0.1723	0.1229	-0.1136
ACH-000601	MIAPACA2	depmap_wgs	11	0.0546	0.146	-0.0321
ACH-000602	M07E	depmap_wgs	3	0.0248	0.152	0.0993
ACH-000611	SUDHL6	cmp_wes	6	0.1241	0.0633	-0.1164
ACH-000613	HOS	cmp_wes	1	0.2164	0.1062	-0.0482
ACH-000615	SKMEL28	cmp_wes	4	0.1746	0.1387	-0.0886
ACH-000616	HS746T	depmap_wgs	1	0.2273	0.1259	-0.1453
ACH-000617	OVCAR4	depmap_wgs	2	0.2103	0.1558	-0.13
ACH-000621	MDAMB157	depmap_wgs	15	0.2791	0.1136	-0.1779
ACH-000622	KNS42	depmap_wgs	3	0.1819	0.132	-0.089
ACH-000624	HCC1806	depmap_wgs	1	0.3394	0.2323	-0.0488
ACH-000626	U266B1	cmp_wes	5	0.1986	0.0858	-0.1041
ACH-000633	FU97	depmap_wgs	2	0.18	0.1602	-0.0624
ACH-000638	NCIH441	cmp_wes	1	0.1425	0.0576	-0.1494
ACH-000639	NCIH211	depmap_wgs	4	0.1931	0.2078	-0.1287
ACH-000643	HDQP1	depmap_wgs	1	0.2997	0.1129	-0.1357
ACH-000649	786O	depmap_wgs	32	0.1276	0.1579	-0.0361
ACH-000651	SW620	depmap_wgs	4	0.1843	0.2204	0.047
ACH-000652	SUIT2	depmap_wgs	8	0.0722	0.159	-0.0275
ACH-000653	JJN3	depmap_wgs	9	0.148	0.1186	-0.1083
ACH-000654	RAJI	depmap_wgs	6	0.0558	0.2449	0.1511
ACH-000655	SF268	depmap_wgs	4	0.0657	0.1087	-0.0603
ACH-000657	A2780	depmap_wgs	1	0.0444	0.1943	0.1032
ACH-000660	SUDHL5	cmp_wes	2	0.0187	0.1169	0.0033
ACH-000664	SUDHL1	depmap_wgs	1	0.1467	0.1895	-0.0019
ACH-000667	HCC44	depmap_wgs	1	0.1271	0.133	-0.0573
ACH-000668	HCC70	depmap_wgs	3	0.2801	0.1416	-0.1425
ACH-000678	MKN7	depmap_wgs	2	0.2313	0.115	-0.1647
ACH-000680	SW948	depmap_wgs	1	0.1917	0.1332	-0.0774
ACH-000681	A549	depmap_wgs	93	0.0837	0.1076	-0.0677
ACH-000689	RH18	cmp_wes	1	0.1114	0.0724	-0.1259
ACH-000693	KYSE180	depmap_wgs	2	0.1595	0.1454	-0.1001
ACH-000698	DMS53	depmap_wgs	2	0.2327	0.0798	-0.2232
ACH-000699	HCC1395	depmap_wgs	1	0.2289	0.1413	-0.1192
ACH-000703	DMS79	depmap_wgs	2	0.1169	0.1224	-0.1685
ACH-000706	EKVX	depmap_wgs	2	0.1452	0.1151	-0.0878
ACH-000714	KMS11	depmap_wgs	12	0.1607	0.1495	-0.1022
ACH-000719	RMGI	depmap_wgs	3	0.1885	0.1149	-0.0425
ACH-000724	HT1376	depmap_wgs	1	0.1591	0.1471	-0.0698
ACH-000729	NCIH1963	depmap_wgs	6	0.0988	0.1209	-0.0831
ACH-000730	SKMEL5	depmap_wgs	3	0.2145	0.0846	-0.1168
ACH-000739	HEPG2	depmap_wgs	26	0.2148	0.1245	-0.0456
ACH-000740	A253	depmap_wgs	2	0.1992	0.1627	-0.0883
ACH-000747	NCIH1703	depmap_wgs	1	0.2664	0.1417	-0.0685
ACH-000748	SJSA1	depmap_wgs	2	0.091	0.1964	0.0428
ACH-000749	DMS273	depmap_wgs	1	0.0973	0.1478	-0.0368
ACH-000750	LOXIMVI	depmap_wgs	3	0.0903	0.1212	-0.0416
ACH-000753	JMSU1	depmap_wgs	6	0.1469	0.1579	-0.0702
ACH-000757	A427	cmp_wes	1	0.2029	0.0805	-0.1428
ACH-000763	MM1S	depmap_wgs	27	0.0947	0.1885	0.0069
ACH-000765	WM983B	cmp_wes	2	0.1869	0.0693	-0.2027
ACH-000766	NCIH1648	depmap_wgs	1	0.268	0.1178	-0.1017
ACH-000767	NCIH526	depmap_wgs	8	0.1911	0.146	-0.0893
ACH-000768	MDAMB231	depmap_wgs	63	0.0744	0.1272	-0.0359
ACH-000774	RERFLCAD2	depmap_mc_wes	1	0.0817	0.0843	-0.1216
ACH-000779	PC9	depmap_mc_wes	7	0.237	0.0879	-0.1346
ACH-000782	SEM	depmap_wgs	11	0.0012	0.3277	0.2388
ACH-000783	CAMA1	depmap_wgs	2	0.1303	0.1525	-0.0685
ACH-000784	KYSE70	depmap_wgs	1	0.1451	0.0666	-0.1338
ACH-000785	NCIH2126	depmap_wgs	1	0.2653	0.0406	-0.2036
ACH-000786	DAUDI	cmp_wes	1	0.0	0.0641	0.0401
ACH-000788	A2058	depmap_wgs	2	0.2142	0.1651	0.0316
ACH-000789	NCIH810	cmp_wes	1	0.171	0.0849	-0.1752
ACH-000790	SHP77	depmap_wgs	1	0.2006	0.1281	-0.0968
ACH-000791	RERFLCAD1	depmap_wgs	1	0.0648	0.0966	-0.0837
ACH-000793	KATOIII	depmap_wgs	5	0.1493	0.1662	-0.0435
ACH-000800	NCIH446	depmap_wgs	6	0.1192	0.1477	-0.0849
ACH-000811	SKOV3	depmap_wgs	11	0.025	0.1256	-0.0096
ACH-000816	NCIH524	depmap_wgs	3	0.2505	0.1346	-0.0826
ACH-000817	RPMI8226	depmap_wgs	3	0.1762	0.1684	-0.0805
ACH-000823	KYSE140	cmp_wes	6	0.2311	0.1215	-0.1261
ACH-000824	KYSE510	cmp_wes	1	0.0728	0.0957	-0.1149
ACH-000825	HOP92	cmp_wes	2	0.2573	0.0961	-0.1337
ACH-000828	ZR7530	cmp_wes	1	0.0971	0.0245	-0.2196
ACH-000832	CAL27	depmap_wgs	4	0.1042	0.1099	-0.0757
ACH-000833	RH30	depmap_wgs	17	0.1332	0.1825	-0.02
ACH-000834	UMUC1	depmap_wgs	10	0.0709	0.1051	-0.0696
ACH-000837	NCIH322	depmap_wgs	1	0.3405	0.0572	-0.1669
ACH-000841	NCIH2087	depmap_wgs	6	0.1696	0.108	-0.1287
ACH-000842	SW480	depmap_wgs	11	0.2506	0.0983	-0.1188
ACH-000843	HARA	depmap_wgs	1	0.1581	0.127	-0.1418
ACH-000846	FADU	depmap_wgs	3	0.1753	0.1924	-0.0596
ACH-000847	HGC27	depmap_wgs	5	0.1461	0.204	-0.0448
ACH-000848	JHH7	depmap_wgs	1	0.1571	0.1759	-0.02
ACH-000849	MDAMB468	depmap_wgs	5	0.2359	0.1199	-0.1086
ACH-000855	KYSE150	depmap_wgs	1	0.141	0.0926	-0.0748
ACH-000856	CAL51	depmap_wgs	4	0.0002	0.3104	0.2659
ACH-000857	CAL851	depmap_wgs	1	0.1437	0.1086	-0.0926
ACH-000858	KNS62	depmap_wgs	1	0.1087	0.1503	-0.1099
ACH-000859	HCC1954	depmap_wgs	4	0.1853	0.1467	-0.0704
ACH-000861	HOP62	depmap_wgs	2	0.0704	0.0921	-0.0938
ACH-000866	NCIH1048	depmap_wgs	9	0.0462	0.0985	-0.0098
ACH-000871	NCIH510	depmap_wgs	3	0.1435	0.1607	-0.0851
ACH-000874	RS411	depmap_wgs	3	0.0562	0.2021	0.09
ACH-000875	NCIH2347	cmp_wes	1	0.1048	0.0546	-0.1284
ACH-000885	TOV21G	cmp_wes	4	0.0436	0.0146	-0.0687
ACH-000898	SNU719	depmap_wgs	7	0.2642	0.0621	-0.1027
ACH-000900	NCIH23	depmap_wgs	2	0.3586	0.1347	-0.1425
ACH-000902	CAL148	cmp_wes	1	0.1435	0.0988	-0.0916
ACH-000905	5637	depmap_wgs	3	0.1457	0.154	-0.0323
ACH-000910	MDAMB453	depmap_wgs	5	0.2223	0.1188	-0.1084
ACH-000914	HT	depmap_wgs	2	0.0157	0.3213	0.198
ACH-000927	BT474	depmap_wgs	4	0.2007	0.0884	-0.1733
ACH-000930	HCC1569	depmap_wgs	1	0.2556	0.1188	-0.164
ACH-000934	MDAMB361	depmap_wgs	1	0.1476	0.1307	-0.0828
ACH-000937	PF382	depmap_wgs	5	0.0061	0.179	0.0954
ACH-000938	NALM6	depmap_wgs	18	0.0006	0.3052	0.2401
ACH-000939	SKUT1	depmap_wgs	6	0.0026	0.3494	0.2917
ACH-000941	HEC1B	depmap_wgs	10	0.0554	0.0518	-0.1419
ACH-000943	RKO	depmap_wgs	9	0.1217	0.2025	0.0545
ACH-000950	LOVO	depmap_wgs	12	0.1748	0.1972	0.0828
ACH-000953	SUPT1	depmap_wgs	2	0.0142	0.1782	0.0693
ACH-000956	22RV1	depmap_wgs	53	0.1609	0.1664	0.0163
ACH-000957	LS180	depmap_wgs	1	0.0004	0.1279	0.0798
ACH-000958	SW48	depmap_wgs	1	0.0898	0.1264	0.0423
ACH-000960	REH	depmap_wgs	8	0.011	0.1203	0.0301
ACH-000966	IGROV1	depmap_wgs	2	0.0124	0.1002	0.018
ACH-000969	KM12	depmap_wgs	2	0.0718	0.1784	0.0388
ACH-000970	SNUC5	cmp_wes	1	0.0804	0.0601	-0.0045
ACH-000971	HCT116	depmap_wgs	74	0.0727	0.2547	0.1567
ACH-000975	HCC2450	depmap_wgs	1	0.2287	0.125	-0.1254
ACH-000976	HUCCT1	depmap_wgs	2	0.2533	0.0614	-0.1304
ACH-000979	DU145	depmap_wgs	7	0.0581	0.1186	-0.0785
ACH-000981	DND41	depmap_wgs	17	0.0081	0.2667	0.1702
ACH-000986	HT115	depmap_wgs	10	0.1011	0.1523	0.031
ACH-000995	JURKAT	depmap_wgs	15	0.0023	0.2006	0.111
ACH-000997	HCT15	depmap_wgs	4	0.0027	0.2621	0.1927
ACH-001001	143B	depmap_wgs	7	0.1512	0.1582	-0.0297
ACH-001002	451LU	cmp_wes	6	0.1386	0.0759	-0.1507
ACH-001020	BT16	depmap_wgs	4	0.0011	0.207	0.169
ACH-001024	CHL1	cmp_wes	6	0.0643	0.1191	-0.0426
ACH-001029	CHLA10	depmap_wgs	1	0.2991	0.1714	0.0098
ACH-001039	COLO205	cmp_wes	4	0.2528	0.0508	-0.1413
ACH-001053	D425	depmap_wgs	3	0.0615	0.1243	-0.0164
ACH-001061	DLD1	depmap_wgs	16	0.0213	0.2877	0.2304
ACH-001068	FEPD	depmap_wgs	1	0.1205	0.2033	0.0792
ACH-001081	HCC2998	cmp_wes	2	0.087	0.0501	-0.0142
ACH-001086	HELA	cmp_wes	35	0.1013	0.0829	-0.0791
ACH-001106	KOPN8	depmap_wgs	1	0.0017	0.3547	0.2767
ACH-001113	LC1SQSF	depmap_mc_wes	1	0.2344	0.1411	-0.1834
ACH-001119	MAC2A	depmap_wgs	1	0.0526	0.0777	-0.0158
ACH-001127	MOLT4	cmp_wes	6	0.0598	0.0745	-0.0348
ACH-001151	OVCAR5	depmap_wgs	2	0.2979	0.1055	-0.1124
ACH-001188	SHSY5Y	depmap_wgs	34	0.1451	0.2621	0.167
ACH-001190	SKMEL2	depmap_wgs	3	0.1841	0.177	-0.0093
ACH-001196	SMSCTR	depmap_wgs	5	0.1859	0.1015	-0.109
ACH-001201	SUMB002	depmap_wgs	1	0.0407	0.255	0.1612
ACH-001205	TC32	depmap_wgs	2	0.1026	0.174	0.0824
ACH-001208	TK10	cmp_wes	2	0.3253	0.0773	-0.1246
ACH-001210	TTC1240	depmap_wgs	4	0.0933	0.1817	0.0957
ACH-001227	UPCISCC090	depmap_wgs	1	0.1795	0.0417	-0.2009
ACH-001228	UPCISCC152	depmap_wgs	1	0.2222	0.1308	-0.1177
ACH-001233	VMRCLCD	cmp_wes	1	0.4938	0.118	-0.1784
ACH-001278	BIN67	depmap_wgs	3	0.0035	-0.0608	-0.1053
ACH-001283	TC106	depmap_wgs	1	0.1907	0.2727	0.123
ACH-001303	NB1643	depmap_wgs	1	0.1077	0.193	0.0623
ACH-001318	PLCPRF5	depmap_wgs	2	0.0381	0.1108	-0.0631
ACH-001333	C33A	depmap_wgs	1	0.0565	0.2303	0.1382
ACH-001338	CHP134	depmap_wgs	1	0.1107	0.1768	-0.004
ACH-001344	GIMEN	depmap_wgs	11	0.0467	0.0692	-0.077
ACH-001345	GP5D	cmp_wes	1	0.0096	0.0839	0.0576
ACH-001365	NCIH847	cmp_wes	1	0.3321	0.0885	-0.053
ACH-001366	NGP	depmap_wgs	4	0.139	0.2236	0.0635
ACH-001368	OACM51	cmp_wes	1	0.0943	0.0529	-0.1434
ACH-001388	SUM102PT	depmap_mc_wes	1	0.2723	0.0702	-0.0758
ACH-001389	SUM1315MO2	depmap_mc_wes	1	0.2125	0.1201	-0.134
ACH-001390	SUM149PT	depmap_mc_wes	11	0.436	0.0679	-0.1534
ACH-001391	SUM159PT	depmap_mc_wes	33	0.0384	0.0553	-0.0132
ACH-001392	SUM185PE	depmap_mc_wes	1	0.3339	0.1214	-0.1115
ACH-001394	SUM229PE	depmap_mc_wes	23	0.2206	0.1147	-0.1281
ACH-001395	SUM44PE	depmap_wgs	2	0.0798	0.1386	-0.1448
ACH-001418	UWB1289	cmp_wes	6	0.1396	0.1176	-0.1606
ACH-001421	WERIRB1	depmap_wgs	2	0.1957	0.2882	0.1052
ACH-001441	921	depmap_wgs	2	0.1233	0.0959	-0.0835
ACH-001447	BJAB	depmap_wgs	2	0.0858	0.219	0.0747
ACH-001496	ESO26	cmp_wes	1	0.0976	0.0874	-0.1415
ACH-001498	FARAGE	cmp_wes	2	0.0	0.0648	0.0489
ACH-001526	HUO9	depmap_wgs	1	0.176	0.1037	-0.145
ACH-001554	MEL202	depmap_mc_wes	1	0.242	0.0377	-0.1568
ACH-001574	MOLM14	depmap_wgs	5	0.164	0.164	0.0407
ACH-001578	NCCIT	depmap_wgs	3	0.3056	0.2109	0.0173
ACH-001616	OCILY18	depmap_mc_wes	2	0.0969	0.0476	-0.0561
ACH-001617	OCILY7	cmp_wes	5	0.0105	0.1026	0.0615
ACH-001636	RAMOS	depmap_wgs	4	0.054	0.2414	0.0915
ACH-001638	RCK8	cmp_wes	2	0.1693	0.0823	-0.0446
ACH-001654	SKGT4	cmp_wes	1	0.1229	0.0919	-0.0968
ACH-001656	SKNO1	depmap_wgs	1	0.0766	0.2153	0.0393
ACH-001667	SUCCS1	depmap_wgs	7	0.0707	0.197	0.0245
ACH-001703	VAL	depmap_wgs	6	0.1111	-0.1486	-0.262
ACH-001737	CCRFHSB2DM	depmap_wgs	6	0.0037	0.242	0.1634
ACH-001738	CCRFCEM	cmp_wes	1	0.0437	0.105	0.0353
ACH-001765	RH4	depmap_wgs	20	0.1648	0.1661	-0.0407
ACH-001799	LPS141	depmap_wgs	1	0.2477	0.0786	-0.1694
ACH-001819	MFM223	cmp_wes	3	0.3603	0.1336	-0.1703
ACH-002083	NB69	cmp_wes	4	0.2157	0.0909	-0.1199
ACH-002110	EW1	cmp_wes	1	0.2202	0.0577	-0.1078
ACH-002116	EW22	cmp_wes	1	0.2668	0.109	-0.0573
ACH-002118	EW3	cmp_wes	1	0.1169	0.0547	-0.0776
ACH-002119	EW7	cmp_wes	1	0.3739	0.088	-0.11
ACH-002149	KGN	cmp_wes	2	0.0	0.0083	-0.0264
ACH-002157	LC2AD	cmp_wes	1	0.1658	0.1045	-0.1269
ACH-002159	M14	cmp_wes	4	0.184	0.1336	-0.0071
ACH-002172	NCIH322M	cmp_wes	2	0.3414	0.0855	-0.1754
ACH-002195	RXF393	cmp_wes	2	0.1158	0.0824	-0.1244
ACH-002199	SN12C	cmp_wes	2	0.1042	0.1253	-0.086
ACH-002214	BC1	depmap_wgs	1	0.2021	0.2263	0.0507
ACH-002215	BC3	depmap_wgs	2	0.1571	0.1687	0.0355
ACH-002241	HAL01	cmp_wes	1	0.0	0.1104	0.0767
ACH-002253	JSC1	cmp_wes	1	0.0315	0.0929	-0.0621
ACH-002256	KARPAS45	cmp_wes	1	0.0	0.118	0.0179
ACH-002286	NCIH128	cmp_wes	4	0.1664	0.0469	-0.159
ACH-002291	NTERA2CLD1	depmap_wgs	4	0.1216	0.211	-0.0141
ACH-002292	OACP4C	cmp_wes	1	0.2371	0.1167	-0.0856
ACH-002475	HAP1	depmap_wgs	5	0.0164	0.3102	0.2291
ACH-002485	MAVER1	depmap_wgs	1	0.0793	0.032	-0.1633
ACH-002500	Z138	depmap_wgs	1	0.1749	0.2185	0.0729
ACH-002544	SNU1750	depmap_wgs	16	0.1939	0.174	0.0145
ACH-002668	KASUMI3	depmap_wgs	5	0.0364	-0.0024	-0.1253
ACH-003273	CHRF28811	depmap_wgs	4	0.2006	0.1163	-0.0598
CVCL_1658	Rh1	cmp_wes	1	0.1759	0.095	-0.0801
