key	line	lineage	r_cn	rho_raw_wgs	rho_cor_wgs	sd_log2cn_wgs	rho_raw_cmp	rho_cor_cmp	sd_log2cn_cmp
ACH-000001	OVCAR-3	Ovary/Fallopian Tube	0.4841	0.2038	-0.0327	0.7261	0.1706	-0.0289	0.4219
ACH-000004	HEL	Myeloid	0.6966	0.1891	-0.0121	0.7902	0.0652	-0.1187	0.4278
ACH-000012	HCC827	Lung	0.5367	0.1153	-0.0648	0.6813	0.0576	-0.1426	0.4699
ACH-000018	T24	Bladder/Urinary Tract	0.4292	0.0508	-0.1058	0.6188	0.0469	-0.0798	0.2468
ACH-000019	MCF-7	Breast	0.5715	0.1373	-0.1636	0.8003	0.1074	-0.1785	0.5492
ACH-000021	NCI-H1693	Lung	0.6381	0.152	-0.0947	0.73	0.114	-0.1268	0.4899
ACH-000024	OPM-2	Lymphoid	0.5431	0.1234	-0.0735	0.6683	0.1087	-0.0873	0.4052
ACH-000030	PC-14	Lung	0.5377	0.041	-0.1935	0.7597	0.0067	-0.2175	0.4189
ACH-000035	NCI-H1650	Lung	0.7239	0.1105	-0.0933	0.7594	0.0532	-0.1306	0.4526
ACH-000039	SK-N-MC	Bone	0.3944	0.2622	0.068	0.6644	0.1069	-0.1524	0.5487
ACH-000045	MV-4-11	Myeloid	0.582	0.2591	0.1798	0.2797	0.0422	-0.0053	0.1536
ACH-000046	ACHN	Kidney	0.7491	0.1758	-0.0268	0.8116	0.0899	-0.092	0.3681
ACH-000050	NCI-H929	Lymphoid	0.5414	0.1886	-0.0013	0.6834	0.0741	-0.0669	0.3458
ACH-000052	A-673	Bone	0.351	0.1361	0.0326	0.643	0.0972	-0.0328	0.2876
ACH-000053	KARPAS-299	Lymphoid	0.8033	0.1594	0.0237	0.3792	0.0531	-0.084	0.3409
ACH-000054	HT-1080	Soft Tissue	0.6248	0.2486	0.1806	0.3716	0.0463	0.016	0.1368
ACH-000059	SUP-B15	Lymphoid	0.6113	0.1887	0.0735	0.3805	0.0577	-0.0299	0.2569
ACH-000062	RERF-LC-MS	Lung	0.6096	0.0416	-0.1032	0.3249	0.0682	-0.0754	0.3027
ACH-000070	697	Lymphoid	0.6345	0.2596	0.1442	0.3145	0.0839	0.0222	0.2045
ACH-000074	KU812	Myeloid	0.851	0.2287	-0.0111	0.4543	0.095	-0.1231	0.3865
ACH-000075	U-87 MG	CNS/Brain	0.6866	0.1218	-0.0426	0.7019	0.0379	-0.1056	0.3774
ACH-000085	T3M-4	Pancreas	0.5605	0.0821	-0.1453	0.6825	0.1336	-0.1266	0.5374
ACH-000090	PC-3	Prostate	0.7255	0.0994	-0.1811	0.918	0.0781	-0.206	0.5449
ACH-000096	G-401	Kidney	0.7149	0.2346	0.1737	0.3762	0.1349	0.1193	0.0798
ACH-000097	ZR-75-1	Breast	0.4156	0.0864	-0.1247	0.6758	0.092	-0.1699	0.5512
ACH-000104	Loucy	Lymphoid	0.3342	0.2707	0.1793	0.6351	0.1048	0.031	0.2229
ACH-000113	OCI-AML2	Myeloid	0.7247	0.2941	0.165	0.3572	0.0986	0.0058	0.252
ACH-000120	CHP-212	Peripheral Nervous System	0.8792	0.1607	0.0073	0.4725	0.0718	-0.06	0.4085
ACH-000139	Panc 03.27	Pancreas	0.5036	0.0745	-0.1068	0.6864	0.0182	-0.1582	0.3694
ACH-000145	SK-LMS-1	Soft Tissue	0.373	0.0825	-0.0623	0.6122	0.072	-0.1037	0.3586
ACH-000146	THP-1	Myeloid	0.7437	0.1996	0.0053	0.6751	0.1033	-0.0558	0.3954
ACH-000147	T-47D	Breast	0.5933	0.1067	-0.152	0.768	0.0474	-0.192	0.448
ACH-000148	Hs 578T	Breast	0.4484	0.1114	-0.0773	0.6478	0.0675	-0.1411	0.4163
ACH-000159	OS-RC-2	Kidney	0.7432	0.1205	-0.0798	0.5427	0.0978	-0.1007	0.4111
ACH-000169	RD	Soft Tissue	0.54	0.1041	-0.0823	0.67	0.116	-0.0698	0.3997
ACH-000187	COR-L311	Lung	0.6769	0.1138	-0.1452	0.7096	0.1069	-0.1805	0.5478
ACH-000188	SCC-25	Head and Neck	0.6873	0.1312	-0.0769	1.1171	0.1131	-0.1074	0.4961
ACH-000196	HCC1599	Breast	0.6371	0.1464	-0.1344	0.9612	0.1302	-0.1405	0.5369
ACH-000204	LP-1	Lymphoid	0.5502	0.1118	-0.1316	0.7396	0.0873	-0.1682	0.4763
ACH-000207	Detroit 562	Head and Neck	0.6085	0.1747	-0.0592	0.7244	0.1052	-0.112	0.4616
ACH-000212	CAL-120	Breast	0.5964	0.1201	-0.1066	0.7879	0.1205	-0.0978	0.4474
ACH-000219	A-375	Skin	0.4967	0.153	-0.0205	0.7129	0.0846	-0.0708	0.3076
ACH-000221	SNU-398	Liver	0.6005	0.1492	-0.0662	0.6106	0.0573	-0.1533	0.409
ACH-000222	AsPC-1	Pancreas	0.552	0.0274	-0.1707	0.6807	0.051	-0.139	0.3809
ACH-000223	HCC1937	Breast	0.6523	0.1339	-0.1481	0.8599	0.0972	-0.1717	0.5575
ACH-000226	SUP-M2	Lymphoid	0.4093	0.2199	0.0902	0.6197	0.0876	-0.0706	0.3804
ACH-000232	U-251 MG	CNS/Brain	0.5105	0.0437	-0.1325	0.4383	0.0893	-0.0717	0.3559
ACH-000235	Panc 04.03	Pancreas	0.605	0.14	-0.0444	0.6381	0.0488	-0.1511	0.3973
ACH-000247	OCUM-1	Esophagus/Stomach	0.5172	0.12	-0.0519	0.64	0.0462	-0.1116	0.3372
ACH-000248	AU565	Breast	0.6676	0.128	-0.1412	0.929	0.0823	-0.1879	0.5779
ACH-000258	DU4475	Breast	0.4912	0.0862	-0.0591	0.7263	0.1017	-0.0633	0.3507
ACH-000259	KELLY	Peripheral Nervous System	0.6244	0.2737	0.0734	0.7573	0.1	-0.0787	0.4297
ACH-000260	SK-N-AS	Peripheral Nervous System	0.5242	0.2066	0.038	0.6509	0.1269	-0.0342	0.3645
ACH-000263	Kasumi-1	Myeloid	0.7041	0.2545	0.1213	0.6199	0.0886	-0.0339	0.3339
ACH-000265	KP4	Pancreas	0.6319	0.1316	-0.0501	0.8777	-0.0257	-0.2229	0.4254
ACH-000273	SF539	CNS/Brain	0.5972	0.1547	-0.0408	0.8455	0.1152	-0.0721	0.3786
ACH-000276	HCC38	Breast	0.6032	0.1231	-0.1606	1.0698	0.1101	-0.17	0.5468
ACH-000281	KP-2	Pancreas	0.4948	0.0428	-0.1496	0.7158	0.0505	-0.161	0.4295
ACH-000288	BT-549	Breast	0.4881	0.1113	-0.1018	0.7116	0.0593	-0.1746	0.4352
ACH-000297	NCI-H889	Lung	0.4666	0.148	-0.1573	0.708	0.1115	-0.2553	0.6107
ACH-000315	KARPAS-422	Lymphoid	0.357	0.2306	0.1175	0.5892	0.09	-0.0307	0.2887
ACH-000334	DB	Lymphoid	0.6702	0.1016	-0.0944	0.4856	0.0772	-0.1142	0.3643
ACH-000335	MSTO-211H	Pleura	0.7209	0.1113	-0.0491	0.4966	0.0648	-0.0773	0.3225
ACH-000336	OCI-AML3	Myeloid	0.7408	0.2385	0.1074	0.5109	0.0574	-0.0442	0.2658
ACH-000337	NCI-H3122	Lung	0.5855	0.1349	-0.0815	0.7596	0.0894	-0.105	0.4458
ACH-000338	SR-786	Lymphoid	0.1405	0.1637	-0.0254	0.6806	0.0028	-0.0851	0.2398
ACH-000341	SK-N-FI	Peripheral Nervous System	0.6712	0.1476	0.0262	0.3583	0.0702	-0.0414	0.2526
ACH-000351	MKN-1	Esophagus/Stomach	0.7366	0.1437	-0.0557	0.6906	0.0619	-0.1461	0.4778
ACH-000354	Capan-1	Pancreas	0.7232	0.1388	-0.119	0.9666	0.1037	-0.1353	0.513
ACH-000355	NCI-H82	Lung	0.6903	0.1512	-0.0313	0.678	0.0812	-0.1102	0.4162
ACH-000358	NCI-H69	Lung	0.7893	0.1366	-0.1517	0.6229	0.1059	-0.1739	0.5173
ACH-000359	MG-63	Bone	0.7806	0.1052	-0.119	0.7137	0.1246	-0.0869	0.4993
ACH-000361	SK-HEP-1	Liver	0.7004	0.0683	-0.0988	0.8456	0.0726	-0.0805	0.3418
ACH-000362	MOLM-13	Myeloid	0.6611	0.2339	0.0798	0.4435	0.0599	-0.0941	0.3482
ACH-000364	U2OS	Bone	0.5273	0.1734	-0.0497	0.7034	0.1501	-0.0634	0.4256
ACH-000365	SU-DHL-4	Lymphoid	0.5654	0.2635	0.0825	0.4135	0.0845	-0.0576	0.3228
ACH-000366	SK-N-DZ	Peripheral Nervous System	0.4116	0.2559	0.0742	0.6644	0.0886	-0.0564	0.3277
ACH-000367	NCI-H226	Pleura	0.5042	0.1755	0.0256	0.3725	0.1104	-0.1149	0.4284
ACH-000371	RL	Lymphoid	0.6798	0.2058	0.0725	0.3271	0.1085	-0.0166	0.3142
ACH-000372	P12-ICHIKAWA	Lymphoid	0.6771	0.2075	0.0558	0.6319	0.0427	-0.0538	0.2082
ACH-000374	HCC1143	Breast	0.6357	0.2311	-0.069	0.7787	0.2052	-0.1115	0.5875
ACH-000376	SF-295	CNS/Brain	0.4096	0.1935	0.0459	0.6608	0.1081	-0.0655	0.3802
ACH-000391	MHH-ES-1	Bone	0.7204	0.2263	0.0432	0.6505	0.119	-0.0565	0.4015
ACH-000405	MEC-1	Lymphoid	0.6078	0.2648	0.1345	0.353	0.0209	-0.107	0.3065
ACH-000406	U-937	Myeloid	0.488	0.1921	0.0189	0.6916	0.097	-0.1276	0.5528
ACH-000408	TE-5	Esophagus/Stomach	0.6461	0.0177	-0.2316	0.7491	0.0092	-0.2394	0.5182
ACH-000421	SW 837	Bowel	0.711	0.1968	-0.0043	0.7206	0.0563	-0.1575	0.4824
ACH-000422	SNU-475	Liver	0.7904	0.0674	-0.1343	0.446	0.0842	-0.1224	0.4115
ACH-000424	TC-71	Bone	0.7422	0.16	-0.0144	0.39	0.0543	-0.1073	0.3241
ACH-000427	NCI-N87	Esophagus/Stomach	0.8265	0.1541	-0.0452	0.5129	0.095	-0.0874	0.4356
ACH-000433	Caki-1	Kidney	0.6715	0.0637	-0.143	0.6974	0.062	-0.1211	0.3861
ACH-000439	ME-1	Myeloid	0.768	0.1803	0.0127	0.4224	0.0597	-0.1072	0.3992
ACH-000447	NCI-H2228	Lung	0.5791	0.1284	-0.0988	0.8151	0.1072	-0.1077	0.4269
ACH-000463	NCI-H460	Lung	0.7165	0.2301	0.0608	0.4059	0.0906	-0.0774	0.351
ACH-000473	RT-112	Bladder/Urinary Tract	0.5386	0.0995	-0.0589	0.7558	0.0638	-0.0862	0.3758
ACH-000480	HuH-7	Liver	0.6695	0.101	-0.0731	0.7101	0.0326	-0.1586	0.4178
ACH-000492	MUTZ-5	Lymphoid	0.3894	0.2791	0.2167	0.8971	0.0959	-0.0366	0.417
ACH-000506	NCI-H146	Lung	0.7148	0.1402	-0.0979	0.7606	0.0834	-0.1505	0.4526
ACH-000510	NCI-H1299	Lung	0.6724	0.1216	-0.1267	0.699	0.0519	-0.2074	0.4563
ACH-000521	NCI-H2030	Lung	0.7506	0.0942	-0.1241	0.8994	0.067	-0.1444	0.492
ACH-000524	KURAMOCHI	Ovary/Fallopian Tube	0.7033	0.1644	-0.1227	0.7917	0.1178	-0.164	0.5769
ACH-000525	NCI-H2171	Lung	0.7836	0.1631	-0.0979	0.6293	0.1596	-0.0731	0.4846
ACH-000528	ABC-1	Lung	0.7237	0.1266	-0.1091	0.757	0.0831	-0.1302	0.4619
ACH-000530	DMS 114	Lung	0.8653	0.1223	-0.1084	0.5093	0.1382	-0.0955	0.4723
ACH-000535	BxPC-3	Pancreas	0.6051	0.1419	-0.0409	1.1226	0.091	-0.0833	0.4175
ACH-000551	K-562	Myeloid	0.5145	0.2474	0.043	0.8891	0.168	-0.0517	0.4426
ACH-000552	HT-29	Bowel	0.5906	0.1331	-0.0763	0.6979	0.0727	-0.1229	0.4374
ACH-000568	UACC-812	Breast	0.5256	0.1222	-0.1009	0.7204	0.0782	-0.1442	0.5021
ACH-000573	MDA-MB-436	Breast	0.6019	0.1387	-0.1578	1.0053	0.131	-0.1815	0.5978
ACH-000576	KMS-27	Lymphoid	0.5016	0.0995	-0.0467	0.3736	0.0567	-0.1465	0.4849
ACH-000579	UACC-257	Skin	0.4942	0.13	-0.1141	0.6796	0.112	-0.0975	0.3728
ACH-000581	SNU-16	Esophagus/Stomach	0.6441	0.2413	0.036	0.891	0.1033	-0.0726	0.4392
ACH-000582	COLO 741	Skin	0.584	0.1518	-0.0691	0.7511	0.1178	-0.1271	0.4727
ACH-000587	NCI-H1975	Lung	0.5395	0.1531	-0.0521	0.7212	0.1122	-0.1271	0.4831
ACH-000589	NCI-H1437	Lung	0.7117	0.1227	-0.1125	0.9524	0.0561	-0.172	0.459
ACH-000601	MIA Paca-2	Pancreas	0.7054	0.1459	-0.0313	0.9848	0.0379	-0.1472	0.3934
ACH-000602	M-07e	Myeloid	0.0844	0.1529	0.1005	0.5481	0.1028	-0.0686	0.44
ACH-000616	Hs 746.T	Esophagus/Stomach	0.826	0.125	-0.1447	0.5356	0.1073	-0.1772	0.5208
ACH-000617	OVCAR-4	Ovary/Fallopian Tube	0.6422	0.1551	-0.1292	0.7366	0.1237	-0.1726	0.5224
ACH-000621	MB 157	Breast	0.5599	0.113	-0.177	0.9461	0.072	-0.1804	0.5116
ACH-000622	KNS-42	CNS/Brain	0.7446	0.1318	-0.0881	0.6789	0.1197	-0.0825	0.402
ACH-000624	HCC1806	Breast	0.6821	0.2313	-0.0483	0.8204	0.1829	-0.073	0.5263
ACH-000633	FU97	Esophagus/Stomach	0.5747	0.16	-0.0614	0.8078	0.121	-0.083	0.4213
ACH-000639	NCI-H211	Lung	0.7139	0.2075	-0.1272	0.8346	0.1856	-0.1417	0.6129
ACH-000643	HDQ-P1	Breast	0.6247	0.1126	-0.1347	0.7135	0.0931	-0.162	0.5104
ACH-000649	786-O	Kidney	0.544	0.1582	-0.0348	0.485	0.0518	-0.0795	0.3124
ACH-000651	SW 620	Bowel	0.669	0.2204	0.048	0.6911	0.0265	-0.1493	0.3806
ACH-000652	SUIT-2	Pancreas	0.6398	0.1588	-0.0267	0.7899	0.0392	-0.1383	0.3831
ACH-000653	JJN-3	Lymphoid	0.496	0.1177	-0.1081	0.6809	0.084	-0.1446	0.4494
ACH-000654	RAJI	Lymphoid	0.5045	0.2448	0.1515	0.2828	0.0597	-0.0249	0.2327
ACH-000655	SF268	CNS/Brain	0.7486	0.1089	-0.0593	0.5106	0.0829	-0.0704	0.3518
ACH-000657	A2780	Ovary/Fallopian Tube	0.3008	0.1949	0.1043	0.5729	0.1253	0.0548	0.173
ACH-000664	SU-DHL-1	Lymphoid	0.7915	0.1889	-0.0014	0.4035	0.1077	-0.0608	0.3582
ACH-000667	HCC44	Lung	0.5273	0.1331	-0.0562	0.6584	0.1091	-0.0614	0.342
ACH-000668	HCC70	Breast	0.6681	0.1411	-0.1415	0.7508	0.1038	-0.1862	0.5524
ACH-000678	MKN-7	Esophagus/Stomach	0.6061	0.1141	-0.1641	0.7859	0.071	-0.1866	0.4944
ACH-000680	SW 948	Bowel	0.5425	0.133	-0.0766	0.6632	0.085	-0.1118	0.3955
ACH-000681	A549	Lung	0.4788	0.1076	-0.0667	0.679	0.064	-0.1071	0.3449
ACH-000693	KYSE-180	Esophagus/Stomach	0.729	0.1454	-0.0988	0.7383	0.0895	-0.1478	0.4662
ACH-000698	DMS 53	Lung	0.7622	0.0801	-0.2213	0.8047	0.0649	-0.2312	0.6185
ACH-000699	HCC1395	Breast	0.613	0.1412	-0.1178	1.1598	0.1495	-0.1211	0.5719
ACH-000703	DMS 79	Lung	0.8018	0.1218	-0.1675	0.5463	0.0944	-0.1891	0.5032
ACH-000706	EKVX	Lung	0.7372	0.1149	-0.0869	0.5917	0.0565	-0.1582	0.4259
ACH-000714	KMS-11	Lymphoid	0.5255	0.1503	-0.1001	0.7	0.1281	-0.1317	0.4862
ACH-000719	RMG-I	Ovary/Fallopian Tube	0.5094	0.1152	-0.0414	0.7183	0.1128	-0.0328	0.3686
ACH-000724	HT-1376	Bladder/Urinary Tract	0.5488	0.1465	-0.0693	0.662	0.1096	-0.0922	0.3826
ACH-000729	NCI-H1963	Lung	0.7849	0.1211	-0.0819	0.5845	0.0795	-0.1091	0.4497
ACH-000730	SK-MEL-5	Skin	0.5541	0.0842	-0.1161	0.8815	0.0561	-0.1674	0.4309
ACH-000740	A-253	Head and Neck	0.7467	0.1624	-0.0873	0.9098	0.0974	-0.1491	0.5103
ACH-000747	NCI-H1703	Lung	0.8539	0.1413	-0.0677	0.4314	0.0783	-0.1292	0.4177
ACH-000748	SJSA-1	Bone	0.752	0.1963	0.0436	0.44	0.0975	-0.0214	0.3401
ACH-000749	DMS 273	Lung	0.5597	0.1475	-0.0361	0.6952	0.1219	-0.0558	0.4405
ACH-000750	LOX-IMVI	Skin	0.6497	0.1212	-0.0407	0.6915	0.0609	-0.0785	0.3109
ACH-000753	JMSU1	Bladder/Urinary Tract	0.5673	0.1581	-0.0688	0.6917	0.0917	-0.1936	0.6025
ACH-000763	MM.1S	Lymphoid	0.4757	0.1885	0.0078	0.6533	0.1197	-0.0721	0.4103
ACH-000766	NCI-H1648	Lung	0.6494	0.1176	-0.1007	0.5697	0.0694	-0.1349	0.4305
ACH-000767	NCI-H526	Lung	0.8644	0.1457	-0.0884	0.4967	0.0825	-0.1487	0.4661
ACH-000768	MDA-MB-231	Breast	0.3565	0.1272	-0.035	0.8817	0.0207	-0.164	0.39
ACH-000782	SEM	Lymphoid	0.1981	0.3281	0.2396	0.5885	0.1018	-0.0681	0.4532
ACH-000783	CAMA-1	Breast	0.6127	0.1529	-0.0669	0.7966	0.1152	-0.0945	0.4545
ACH-000784	KYSE-70	Esophagus/Stomach	0.723	0.0658	-0.1335	0.7127	0.095	-0.1079	0.4591
ACH-000785	NCI-H2126	Lung	0.715	0.0398	-0.203	0.8693	0.0548	-0.1897	0.4847
ACH-000788	A2058	Skin	0.7494	0.1652	0.0325	0.3195	0.0244	-0.0829	0.248
ACH-000790	SHP-77	Lung	0.6777	0.1274	-0.0964	1.024	0.0821	-0.1419	0.5013
ACH-000793	KATO III	Esophagus/Stomach	0.6842	0.1654	-0.0433	0.6835	0.0836	-0.1314	0.4144
ACH-000800	NCI-H446	Lung	0.6954	0.1467	-0.0847	0.5008	0.119	-0.0984	0.3943
ACH-000811	SK-OV-3	Ovary/Fallopian Tube	0.4791	0.1259	-0.0086	0.7059	0.1252	0.0004	0.3122
ACH-000816	NCI-H524	Lung	0.5888	0.1337	-0.0824	0.7441	0.0893	-0.1495	0.4675
ACH-000817	RPMI 8226	Lymphoid	0.7431	0.1685	-0.079	0.5715	0.1304	-0.1186	0.4446
ACH-000832	CAL 27	Head and Neck	0.7413	0.1098	-0.0749	0.6994	0.0715	-0.104	0.4417
ACH-000833	SJCRH30	Soft Tissue	0.7232	0.1824	-0.0191	0.6164	0.1396	-0.0493	0.39
ACH-000834	UM-UC-1	Bladder/Urinary Tract	0.4871	0.105	-0.0688	0.6371	0.0626	-0.1602	0.5265
ACH-000841	NCI-H2087	Lung	0.6676	0.1079	-0.1276	0.7564	0.0961	-0.1356	0.5029
ACH-000843	HARA	Lung	0.8711	0.1274	-0.14	0.5198	0.1036	-0.1515	0.4743
ACH-000846	FaDu	Head and Neck	0.6938	0.191	-0.0596	1.0216	0.1602	-0.0751	0.5107
ACH-000847	HGC-27	Esophagus/Stomach	0.6256	0.2039	-0.0436	0.7948	0.1096	-0.1135	0.5052
ACH-000848	JHH-7	Liver	0.7991	0.1764	-0.0184	0.4957	0.1155	-0.0716	0.4131
ACH-000849	MDA-MB-468	Breast	0.5907	0.1196	-0.1077	0.7617	0.1283	-0.0995	0.456
ACH-000855	KYSE-150	Esophagus/Stomach	0.52	0.0924	-0.0742	0.6403	0.0903	-0.0686	0.3534
ACH-000856	CAL-51	Breast	0.0076	0.3105	0.2663	0.5398	0.0629	0.0503	0.0225
ACH-000857	CAL-85-1	Breast	0.5574	0.1076	-0.0926	0.6792	0.0904	-0.0926	0.3769
ACH-000858	KNS-62	Lung	0.742	0.1496	-0.1093	0.7664	0.1062	-0.1355	0.4554
ACH-000859	HCC1954	Breast	0.6245	0.1466	-0.0693	0.7188	0.0945	-0.1278	0.4956
ACH-000861	HOP-62	Lung	0.5206	0.0916	-0.0932	0.6445	0.0688	-0.1004	0.3317
ACH-000866	NCI-H1048	Lung	0.3917	0.0991	-0.0087	0.594	0.0876	-0.0058	0.2611
ACH-000871	NCI-H510A	Lung	0.736	0.1602	-0.0843	0.7034	0.1206	-0.1136	0.4781
ACH-000874	RS4-11	Lymphoid	0.5581	0.2022	0.0907	0.8207	0.0566	-0.0288	0.2548
ACH-000898	SNU-719	Esophagus/Stomach	0.4658	0.0623	-0.1016	0.5083	0.09	-0.1202	0.4433
ACH-000900	NCI-H23	Lung	0.7321	0.135	-0.1407	0.7303	0.0625	-0.207	0.5104
ACH-000905	5637	Bladder/Urinary Tract	0.8339	0.154	-0.0313	0.426	0.0869	-0.0874	0.3934
ACH-000910	MDA-MB-453	Breast	0.5983	0.1182	-0.1078	0.7071	0.1219	-0.0918	0.4319
ACH-000914	HT	Lymphoid	0.6511	0.3214	0.1987	0.3492	0.1402	0.0133	0.3389
ACH-000927	BT-474	Breast	0.6728	0.0876	-0.1728	0.7555	0.0857	-0.1814	0.5594
ACH-000930	HCC1569	Breast	0.6091	0.1181	-0.1632	0.7556	0.1148	-0.1914	0.5793
ACH-000934	MDA-MB-361	Breast	0.586	0.1306	-0.0817	0.6728	0.104	-0.1211	0.4751
ACH-000937	PF-382	Lymphoid	0.5941	0.1794	0.0962	0.7786	0.0371	-0.0101	0.168
ACH-000938	NALM-6	Lymphoid	0.7294	0.3053	0.2405	0.7955	0.1182	0.0906	0.2045
ACH-000939	SK-UT-1	Uterus	0.2532	0.3493	0.2918	0.5612	0.1319	0.0882	0.171
ACH-000943	RKO	Bowel	0.392	0.2032	0.056	0.6041	-0.0061	-0.1144	0.235
ACH-000950	LoVo	Bowel	0.6555	0.1974	0.0836	0.3366	-0.0318	-0.1154	0.2086
ACH-000953	SUP-T1	Lymphoid	0.6509	0.1789	0.0706	0.507	0.0975	0.0211	0.2069
ACH-000956	22Rv1	Prostate	0.5788	0.1667	0.0174	0.3613	0.0879	-0.0508	0.2992
ACH-000957	LS-180	Bowel	0.0883	0.1288	0.081	0.5616	0.1406	0.0726	0.1323
ACH-000958	SW 48	Bowel	0.2571	0.1276	0.0439	0.5612	-0.033	-0.1061	0.1696
ACH-000960	REH	Lymphoid	0.5275	0.1206	0.0309	0.8627	0.0849	0.0254	0.2206
ACH-000966	IGROV-1	Ovary/Fallopian Tube	0.1793	0.1006	0.0189	0.5515	0.0571	-0.0094	0.128
ACH-000969	KM-12	Bowel	0.4108	0.179	0.0401	0.6287	0.0544	-0.046	0.2434
ACH-000971	HCT 116	Bowel	0.5674	0.2548	0.1574	0.308	-0.0365	-0.0954	0.2022
ACH-000976	HuCCT1	Biliary Tract	0.8303	0.0608	-0.13	0.4064	0.0506	-0.1373	0.3759
ACH-000979	DU 145	Prostate	0.8016	0.118	-0.078	0.4427	0.1251	-0.0561	0.3713
ACH-000981	DND-41	Lymphoid	0.3516	0.2671	0.1711	0.3623	0.0972	0.0058	0.2213
ACH-000986	HT115	Bowel	0.3977	0.1521	0.0315	0.6036	0.0505	-0.0529	0.2468
ACH-000995	Jurkat	Lymphoid	0.4594	0.2006	0.1114	0.4944	0.0976	0.0092	0.2419
ACH-000997	HCT-15	Bowel	0.1596	0.2627	0.1936	0.2318	-0.0452	-0.0604	0.039
ACH-001106	KOPN-8	Lymphoid	0.0313	0.3548	0.2773	0.5538	0.1157	0.0262	0.216
ACH-001151	OVCAR-5	Ovary/Fallopian Tube	0.5865	0.1046	-0.1121	0.7545	0.0949	-0.1012	0.4223
ACH-001190	SK-MEL-2	Skin	0.8241	0.1773	-0.008	0.4254	0.0917	-0.088	0.4061
ACH-001227	SCC090	Head and Neck	0.7089	0.042	-0.1993	0.5116	0.0308	-0.2111	0.4823
ACH-001318	PLC/PRF/5	Liver	0.4551	0.1114	-0.0616	0.6283	0.0744	-0.1559	0.5157
ACH-001333	C-33 A	Cervix	0.3838	0.2306	0.139	0.5869	0.0677	-0.0065	0.2304
ACH-001338	CHP-134	Peripheral Nervous System	0.6521	0.1771	-0.0027	0.4996	0.1097	-0.0362	0.3764
ACH-001344	GI-ME-N	Peripheral Nervous System	0.3948	0.0699	-0.0755	0.6063	0.1234	-0.0079	0.2741
ACH-001526	HuO9	Bone	0.5412	0.1027	-0.1446	0.8093	0.1332	-0.1407	0.5351
ACH-001578	NCCIT	Testis	0.713	0.2105	0.0179	0.6567	0.1842	-0.0106	0.4249
ACH-001703	VAL	Lymphoid	0.3748	-0.1484	-0.2612	0.5793	0.0288	-0.0602	0.2303
ACH-001737	CTV-1	Lymphoid	0.5132	0.2427	0.1645	0.501	0.0738	0.0259	0.1873
ACH-002214	BC-1	Lymphoid	0.8029	0.2267	0.0521	0.4099	0.0621	-0.0759	0.3169
ACH-002215	BC-3	Lymphoid	0.6986	0.169	0.0365	0.6589	0.0102	-0.101	0.3098
