level	run	group_size	groups	calls	groups_with_call
OncotreeLineage	v1	1	2	1	1
OncotreeLineage	v1	2-4	5	199	5
OncotreeLineage	v1	5-6	2	69	2
OncotreeLineage	v1	7-9	5	1159	5
OncotreeLineage	v1	10-14	4	1298	4
OncotreeLineage	v1	15+	6	4064	6
OncotreeLineage	v2	1	1	0	0
OncotreeLineage	v2	2-4	6	409	6
OncotreeLineage	v2	5-6	0	0	0
OncotreeLineage	v2	7-9	4	600	4
OncotreeLineage	v2	10-14	5	4084	5
OncotreeLineage	v2	15+	8	7901	8
OncotreePrimaryDisease	v1	1	14	161	11
OncotreePrimaryDisease	v1	2-4	9	257	9
OncotreePrimaryDisease	v1	5-6	6	270	6
OncotreePrimaryDisease	v1	7-9	6	1885	6
OncotreePrimaryDisease	v1	10-14	3	378	3
OncotreePrimaryDisease	v1	15+	6	1392	6
OncotreePrimaryDisease	v2	1	14	329	11
OncotreePrimaryDisease	v2	2-4	8	393	8
OncotreePrimaryDisease	v2	5-6	6	828	6
OncotreePrimaryDisease	v2	7-9	4	486	4
OncotreePrimaryDisease	v2	10-14	6	5085	6
OncotreePrimaryDisease	v2	15+	8	4531	8
OncotreeSubtype	v1	1	29	0	0
OncotreeSubtype	v1	2-4	27	0	0
OncotreeSubtype	v1	5-6	7	0	0
OncotreeSubtype	v1	7-9	4	1	1
OncotreeSubtype	v1	10-14	6	0	0
OncotreeSubtype	v1	15+	2	0	0
OncotreeSubtype	v2	1	27	0	0
OncotreeSubtype	v2	2-4	35	1	1
OncotreeSubtype	v2	5-6	4	0	0
OncotreeSubtype	v2	7-9	4	1	1
OncotreeSubtype	v2	10-14	7	8	3
OncotreeSubtype	v2	15+	7	0	0
