srx	rep	same_study	rep_layout
SRX18348445	SRX10829243	0	SINGLE
SRX18348445	SRX10829244	0	SINGLE
SRX18348445	SRX10829245	0	SINGLE
SRX18348445	SRX18348443	1	PAIRED
SRX18348445	SRX18348447	1	PAIRED
SRX18348445	SRX18348451	1	PAIRED
SRX18348445	SRX18348457	1	PAIRED
SRX18348445	SRX18348459	1	PAIRED
SRX18348445	SRX18348461	1	PAIRED
SRX18348445	SRX18348463	1	PAIRED
SRX18348445	SRX18348465	1	PAIRED
SRX18348445	SRX18348467	1	PAIRED
SRX18348445	SRX18348469	1	PAIRED
SRX18348445	SRX18348471	1	PAIRED
SRX18348445	SRX18348473	1	PAIRED
SRX18348445	SRX18348475	1	PAIRED
SRX18348445	SRX18348481	1	PAIRED
SRX18348445	SRX2236970	0	SINGLE
SRX18348445	SRX23866878	0	SINGLE
SRX18348445	SRX23866880	0	SINGLE
SRX18348445	SRX23866882	0	SINGLE
SRX18348445	SRX23866884	0	SINGLE
SRX18348445	SRX23866886	0	SINGLE
SRX18348445	SRX23866888	0	SINGLE
SRX18348445	SRX23866890	0	SINGLE
SRX18348445	SRX23866920	0	SINGLE
SRX18348445	SRX6853170	0	PAIRED
SRX18348445	SRX6853171	0	PAIRED
SRX18348445	SRX7030814	0	SINGLE
SRX18348445	SRX7030815	0	SINGLE
SRX18348445	SRX7223828	0	SINGLE
SRX18348445	SRX7223829	0	SINGLE
SRX18348445	SRX7223833	0	SINGLE
SRX18348445	SRX9844034	0	PAIRED
SRX18348445	SRX9844035	0	PAIRED
SRX18348445	SRX9844036	0	PAIRED
SRX18348445	SRX9844037	0	PAIRED
SRX8848914	SRX2631834	0	SINGLE
SRX8848914	SRX3394276	0	SINGLE
SRX8848914	SRX7556087	1	SINGLE
SRX22997533	SRX15236027	0	SINGLE
SRX22997533	SRX20022380	0	PAIRED
SRX22997533	SRX20022381	0	PAIRED
SRX22997533	SRX20188896	0	PAIRED
SRX22997533	SRX22997529	1	PAIRED
SRX22997533	SRX22997534	1	PAIRED
SRX22997533	SRX7556070	0	SINGLE
SRX22997533	SRX8848849	0	PAIRED
SRX10035147	SRX10035164	1	PAIRED
SRX10035147	SRX10035165	1	PAIRED
SRX10035147	SRX10035166	1	PAIRED
SRX10035147	SRX10035167	1	PAIRED
SRX10035147	SRX3367065	0	SINGLE
SRX10168827	DRX015232	0	SINGLE
SRX10168827	ERX2869654	0	PAIRED
SRX10168827	ERX2869658	0	PAIRED
SRX10168827	SRX10168819	1	PAIRED
SRX10168827	SRX10168821	1	PAIRED
SRX10168827	SRX10168822	1	PAIRED
SRX10168827	SRX10168823	1	PAIRED
SRX10168827	SRX10168824	1	PAIRED
SRX10168827	SRX10168825	1	PAIRED
SRX10168827	SRX10168826	1	PAIRED
SRX10168827	SRX10976170	0	SINGLE
SRX10168827	SRX10976171	0	SINGLE
SRX10168827	SRX10976781	0	SINGLE
SRX10168827	SRX10976782	0	SINGLE
SRX10168827	SRX10976783	0	SINGLE
SRX10168827	SRX10976855	0	SINGLE
SRX10168827	SRX10976856	0	SINGLE
SRX10168827	SRX10976857	0	SINGLE
SRX10168827	SRX10977175	0	SINGLE
SRX10168827	SRX10977176	0	SINGLE
SRX10168827	SRX10977177	0	SINGLE
SRX10168827	SRX10977374	0	SINGLE
SRX10168827	SRX10977375	0	SINGLE
SRX10168827	SRX10977376	0	SINGLE
SRX10168827	SRX10977447	0	SINGLE
SRX10168827	SRX10977448	0	SINGLE
SRX10168827	SRX10977449	0	SINGLE
SRX10168827	SRX11312428	0	PAIRED
SRX10168827	SRX11312435	0	PAIRED
SRX10168827	SRX11312436	0	PAIRED
SRX10168827	SRX12695685	0	SINGLE
SRX10168827	SRX12695686	0	SINGLE
SRX10168827	SRX12695687	0	SINGLE
SRX10168827	SRX12695688	0	SINGLE
SRX10168827	SRX186689	0	SINGLE
SRX10168827	SRX186774	0	SINGLE
SRX10168827	SRX19303281	0	PAIRED
SRX10168827	SRX19303282	0	PAIRED
SRX10168827	SRX19303283	0	PAIRED
SRX10168827	SRX19303284	0	PAIRED
SRX10168827	SRX19303285	0	PAIRED
SRX10168827	SRX19303286	0	PAIRED
SRX10168827	SRX19371710	0	PAIRED
SRX10168827	SRX19371711	0	PAIRED
SRX10168827	SRX19371714	0	PAIRED
SRX10168827	SRX19371715	0	PAIRED
SRX10168827	SRX205074	0	SINGLE
SRX10168827	SRX205075	0	SINGLE
SRX10168827	SRX2267491	0	SINGLE
SRX10168827	SRX2267497	0	SINGLE
SRX10168827	SRX2409741	0	SINGLE
SRX10168827	SRX2409742	0	SINGLE
SRX10168827	SRX2409743	0	SINGLE
SRX10168827	SRX2409796	0	SINGLE
SRX10168827	SRX2409797	0	SINGLE
SRX10168827	SRX2409798	0	SINGLE
SRX10168827	SRX2409830	0	SINGLE
SRX10168827	SRX2409831	0	SINGLE
SRX10168827	SRX2409832	0	SINGLE
SRX10168827	SRX2409854	0	SINGLE
SRX10168827	SRX2409855	0	SINGLE
SRX10168827	SRX2409856	0	SINGLE
SRX10168827	SRX2409929	0	SINGLE
SRX10168827	SRX2409930	0	SINGLE
SRX10168827	SRX2409931	0	SINGLE
SRX10168827	SRX2409962	0	SINGLE
SRX10168827	SRX2409963	0	SINGLE
SRX10168827	SRX2409964	0	SINGLE
SRX10168827	SRX2410102	0	SINGLE
SRX10168827	SRX2410103	0	SINGLE
SRX10168827	SRX2410104	0	SINGLE
SRX10168827	SRX2410152	0	SINGLE
SRX10168827	SRX2410153	0	SINGLE
SRX10168827	SRX2410154	0	SINGLE
SRX10168827	SRX2410182	0	SINGLE
SRX10168827	SRX2410183	0	SINGLE
SRX10168827	SRX2410184	0	SINGLE
SRX10168827	SRX2410188	0	SINGLE
SRX10168827	SRX2410189	0	SINGLE
SRX10168827	SRX2410246	0	SINGLE
SRX10168827	SRX2410247	0	SINGLE
SRX10168827	SRX2410248	0	SINGLE
SRX10168827	SRX2410249	0	SINGLE
SRX10168827	SRX2410250	0	SINGLE
SRX10168827	SRX2410251	0	SINGLE
SRX10168827	SRX4582714	0	SINGLE
SRX10168827	SRX4582716	0	SINGLE
SRX10168827	SRX4582717	0	SINGLE
SRX10168827	SRX4582718	0	SINGLE
SRX10168827	SRX4582719	0	SINGLE
SRX10168827	SRX7556088	0	SINGLE
SRX10168827	SRX8848915	0	PAIRED
SRX20095562	SRX20095560	1	PAIRED
SRX20095562	SRX20095561	1	PAIRED
SRX20095562	SRX20095597	1	PAIRED
SRX20095562	SRX20095598	1	PAIRED
SRX20095562	SRX20095599	1	PAIRED
SRX20095562	SRX20095600	1	PAIRED
SRX20095562	SRX20095601	1	PAIRED
SRX20095562	SRX20095602	1	PAIRED
SRX10715411	SRX10715410	1	PAIRED
SRX10715411	SRX10715412	1	PAIRED
SRX10715411	SRX10715413	1	PAIRED
SRX10715411	SRX12684445	0	SINGLE
SRX10715411	SRX12684449	0	SINGLE
SRX10715411	SRX12684453	0	SINGLE
SRX10715411	SRX12684456	0	SINGLE
SRX10715411	SRX12684458	0	SINGLE
SRX10715411	SRX13440046	0	SINGLE
SRX10715411	SRX13440047	0	SINGLE
SRX10715411	SRX14869346	0	SINGLE
SRX10715411	SRX14869347	0	SINGLE
SRX10715411	SRX14869353	0	SINGLE
SRX10715411	SRX14869354	0	SINGLE
SRX10715411	SRX17033741	0	SINGLE
SRX10715411	SRX17033742	0	SINGLE
SRX10715411	SRX1735804	0	SINGLE
SRX10715411	SRX17940127	0	SINGLE
SRX10715411	SRX18840462	0	PAIRED
SRX10715411	SRX18840463	0	PAIRED
SRX10715411	SRX21147147	0	PAIRED
SRX10715411	SRX3591815	0	SINGLE
SRX10715411	SRX3591816	0	SINGLE
SRX10715411	SRX3591817	0	SINGLE
SRX10715411	SRX3591829	0	SINGLE
SRX10715411	SRX3591830	0	SINGLE
SRX10715411	SRX3591831	0	SINGLE
SRX10715411	SRX4047422	0	SINGLE
SRX10715411	SRX4047423	0	SINGLE
SRX10715411	SRX4047424	0	SINGLE
SRX10715411	SRX4047425	0	SINGLE
SRX10715411	SRX4047426	0	SINGLE
SRX10715411	SRX4047427	0	SINGLE
SRX10715411	SRX5692322	0	SINGLE
SRX10715411	SRX5692323	0	SINGLE
SRX10715411	SRX5692324	0	SINGLE
SRX10715411	SRX5692325	0	SINGLE
SRX17984465	SRX12172311	0	SINGLE
SRX17984465	SRX12172312	0	SINGLE
SRX17984465	SRX16322842	0	SINGLE
SRX17984465	SRX16322843	0	SINGLE
SRX17984465	SRX17984461	1	PAIRED
SRX17984465	SRX17984462	1	PAIRED
SRX17984465	SRX17984463	1	PAIRED
SRX17984465	SRX17984464	1	PAIRED
SRX17984465	SRX17984466	1	PAIRED
SRX17984465	SRX17984467	1	PAIRED
SRX17984465	SRX17984468	1	PAIRED
SRX17984465	SRX17984469	1	PAIRED
SRX17984465	SRX17984470	1	PAIRED
SRX17984465	SRX21334727	0	SINGLE
SRX17984465	SRX21334739	0	SINGLE
SRX17984465	SRX21334740	0	SINGLE
SRX17984465	SRX2911534	0	SINGLE
SRX8848962	SRX7556111	1	SINGLE
SRX1538780	SRX10030488	0	SINGLE
SRX1538780	SRX10030489	0	SINGLE
SRX1538780	SRX10030490	0	SINGLE
SRX1538780	SRX10030491	0	SINGLE
SRX1538780	SRX10030492	0	SINGLE
SRX1538780	SRX10030493	0	SINGLE
SRX1538780	SRX1272784	0	SINGLE
SRX1538780	SRX1538774	1	SINGLE
SRX1538780	SRX1538775	1	SINGLE
SRX1538780	SRX1538776	1	SINGLE
SRX1538780	SRX1538777	1	SINGLE
SRX1538780	SRX1538778	1	SINGLE
SRX1538780	SRX1538779	1	SINGLE
SRX1538780	SRX1538781	1	SINGLE
SRX1538780	SRX1538782	1	SINGLE
SRX1538780	SRX1538783	1	SINGLE
SRX1538780	SRX18520365	0	PAIRED
SRX1538780	SRX18520367	0	PAIRED
SRX1538780	SRX18520369	0	PAIRED
SRX1538780	SRX18520371	0	PAIRED
SRX1538780	SRX398300	0	SINGLE
SRX1538780	SRX7556085	0	SINGLE
SRX1538780	SRX8848912	0	PAIRED
SRX10205598	SRX10205595	1	SINGLE
SRX10205598	SRX10205597	1	SINGLE
SRX10205598	SRX10205603	1	SINGLE
SRX10205598	SRX10205604	1	SINGLE
SRX10205598	SRX10205605	1	SINGLE
SRX10205598	SRX10205606	1	SINGLE
SRX10205598	SRX10205617	1	SINGLE
SRX10205598	SRX10205618	1	SINGLE
SRX10205598	SRX10205619	1	SINGLE
SRX10205598	SRX10205620	1	SINGLE
SRX10205598	SRX15236002	0	SINGLE
SRX2436055	SRX2436034	1	SINGLE
SRX2436055	SRX2436038	1	SINGLE
SRX2436055	SRX2436040	1	SINGLE
SRX2436055	SRX2436042	1	SINGLE
SRX2436055	SRX2436044	1	SINGLE
SRX2436055	SRX2436045	1	SINGLE
SRX2436055	SRX2436047	1	SINGLE
SRX2436055	SRX2436049	1	SINGLE
SRX2436055	SRX2436053	1	SINGLE
SRX2436055	SRX2436054	1	SINGLE
SRX4142995	SRX12779931	0	SINGLE
SRX4142995	SRX16347848	0	PAIRED
SRX4142995	SRX4142997	1	SINGLE
SRX20121535	SRX12877695	0	PAIRED
SRX20121535	SRX1424875	0	PAIRED
SRX20121535	SRX15213680	0	PAIRED
SRX20121535	SRX15213682	0	PAIRED
SRX20121535	SRX15213694	0	PAIRED
SRX20121535	SRX17940126	0	SINGLE
SRX20121535	SRX20121543	1	SINGLE
SRX20121535	SRX20121551	1	SINGLE
SRX20121535	SRX20121559	1	SINGLE
SRX20121535	SRX4484992	0	PAIRED
SRX5974516	DRX041639	0	PAIRED
SRX5974516	DRX041641	0	PAIRED
SRX5974516	ERX989273	0	PAIRED
SRX5974516	ERX989276	0	PAIRED
SRX5974516	ERX989283	0	PAIRED
SRX5974516	ERX989286	0	PAIRED
SRX5974516	ERX989293	0	PAIRED
SRX5974516	ERX989296	0	PAIRED
SRX5974516	SRX038624	0	SINGLE
SRX5974516	SRX067407	0	SINGLE
SRX5974516	SRX10184470	0	SINGLE
SRX5974516	SRX10184471	0	SINGLE
SRX5974516	SRX10184472	0	SINGLE
SRX5974516	SRX10184486	0	SINGLE
SRX5974516	SRX10184513	0	SINGLE
SRX5974516	SRX12298971	0	SINGLE
SRX5974516	SRX12298972	0	SINGLE
SRX5974516	SRX12298976	0	SINGLE
SRX5974516	SRX13497471	0	SINGLE
SRX5974516	SRX13497472	0	SINGLE
SRX5974516	SRX13497473	0	SINGLE
SRX5974516	SRX13731620	0	PAIRED
SRX5974516	SRX13731623	0	PAIRED
SRX5974516	SRX13731626	0	PAIRED
SRX5974516	SRX13731629	0	PAIRED
SRX5974516	SRX13731638	0	PAIRED
SRX5974516	SRX14073943	0	SINGLE
SRX5974516	SRX1560894	0	SINGLE
SRX5974516	SRX20731972	0	SINGLE
SRX5974516	SRX20731973	0	SINGLE
SRX5974516	SRX20731974	0	SINGLE
SRX5974516	SRX20731975	0	SINGLE
SRX5974516	SRX2161993	0	SINGLE
SRX5974516	SRX2161994	0	SINGLE
SRX5974516	SRX2161995	0	SINGLE
SRX5974516	SRX24726249	0	PAIRED
SRX5974516	SRX24726250	0	PAIRED
SRX5974516	SRX24726257	0	PAIRED
SRX5974516	SRX24726258	0	PAIRED
SRX5974516	SRX3445664	0	SINGLE
SRX5974516	SRX3445665	0	SINGLE
SRX5974516	SRX3445672	0	SINGLE
SRX5974516	SRX3445673	0	SINGLE
SRX5974516	SRX3445680	0	SINGLE
SRX5974516	SRX3445681	0	SINGLE
SRX5974516	SRX5516743	0	SINGLE
SRX5974516	SRX5516744	0	SINGLE
SRX5974516	SRX5516745	0	SINGLE
SRX5974516	SRX5646086	0	SINGLE
SRX5974516	SRX5907956	0	PAIRED
SRX5974516	SRX5907957	0	PAIRED
SRX5974516	SRX5907958	0	PAIRED
SRX5974516	SRX5907959	0	PAIRED
SRX5974516	SRX5907960	0	PAIRED
SRX5974516	SRX5907961	0	PAIRED
SRX5974516	SRX5974515	1	SINGLE
SRX5974516	SRX5974531	1	SINGLE
SRX5974516	SRX5974532	1	SINGLE
SRX5974516	SRX5974547	1	SINGLE
SRX5974516	SRX5974548	1	SINGLE
SRX5974516	SRX5974563	1	SINGLE
SRX5974516	SRX5974564	1	SINGLE
SRX5974516	SRX5974579	1	SINGLE
SRX5974516	SRX5974580	1	SINGLE
SRX5974516	SRX6793422	0	SINGLE
SRX5974516	SRX6793423	0	SINGLE
SRX5974516	SRX6866211	0	SINGLE
SRX5974516	SRX6913084	0	SINGLE
SRX5974516	SRX6913092	0	SINGLE
SRX5974516	SRX7030820	0	SINGLE
SRX5974516	SRX7030821	0	SINGLE
SRX5974516	SRX7135412	0	SINGLE
SRX5974516	SRX7135413	0	SINGLE
SRX5974516	SRX7135414	0	SINGLE
SRX5974516	SRX7135415	0	SINGLE
SRX5974516	SRX7223900	0	PAIRED
SRX5974516	SRX7223904	0	PAIRED
SRX5974516	SRX7556099	0	SINGLE
SRX5974516	SRX8848926	0	PAIRED
SRX5974516	SRX9243954	0	PAIRED
SRX5974516	SRX9243955	0	PAIRED
SRX5974516	SRX9243988	0	PAIRED
SRX5974516	SRX9243989	0	PAIRED
SRX5974516	SRX9243994	0	PAIRED
SRX5974516	SRX9243995	0	PAIRED
SRX7556118	SRX11807435	0	PAIRED
SRX7556118	SRX11807436	0	PAIRED
SRX7556118	SRX11807439	0	PAIRED
SRX7556118	SRX24584976	0	PAIRED
SRX7556118	SRX24584977	0	PAIRED
SRX7556118	SRX24584978	0	PAIRED
SRX7556118	SRX24584980	0	PAIRED
SRX7556118	SRX24584981	0	PAIRED
SRX7556118	SRX24584982	0	PAIRED
SRX7556118	SRX8848969	1	PAIRED
SRX3124396	SRX13171779	0	SINGLE
SRX3124396	SRX1690208	0	SINGLE
SRX3124396	SRX20035802	0	SINGLE
SRX3124396	SRX20035803	0	SINGLE
SRX3124396	SRX20035804	0	SINGLE
SRX3124396	SRX20035819	0	SINGLE
SRX3124396	SRX20035820	0	SINGLE
SRX3124396	SRX20035821	0	SINGLE
SRX3124396	SRX22290431	0	PAIRED
SRX3124396	SRX22290432	0	PAIRED
SRX3124396	SRX22290438	0	PAIRED
SRX3124396	SRX22290439	0	PAIRED
SRX3124396	SRX3124395	1	SINGLE
SRX3124396	SRX3124409	1	SINGLE
SRX3124396	SRX3124410	1	SINGLE
SRX3124396	SRX3124421	1	SINGLE
SRX3124396	SRX3124422	1	SINGLE
SRX3124396	SRX4326279	0	SINGLE
SRX3124396	SRX4326280	0	SINGLE
SRX3124396	SRX4326281	0	SINGLE
SRX3124396	SRX4326282	0	SINGLE
SRX3124396	SRX6937024	0	SINGLE
SRX3124396	SRX743828	0	SINGLE
SRX3124396	SRX9309672	0	SINGLE
SRX3124396	SRX9309673	0	SINGLE
SRX3124396	SRX9309678	0	SINGLE
SRX3124396	SRX9309679	0	SINGLE
SRX398297	SRX1272807	0	SINGLE
