group	se	rank	jsd	fdr	cn_mean	gene	dist_kb	conc	rho	chrom	start	end	n_called	cns	sel	n_exp	n_amp	cn_src
Acute Myeloid Leukemia	USE_31617	58	0.535	0.0168	1.256	CCDC171	35			chr9	15842567	15843370	1	g	H	1	1	ccle_snp6
Acute Myeloid Leukemia	USE_8174	337	0.5769	0.0449	1.503	FLT3	7			chr13	28031310	28058169	11	g	H	1	1	cmp_wes
Acute Myeloid Leukemia	USE_14475	385	0.5805	0.05	1.232	ZNF440	15			chr19	11834771	11844744	2	g	H	1	1	ccle_snp6
Acute Myeloid Leukemia	USE_31609	533	0.5884	0.0646	1.333	TTC39B	33			chr9	15267813	15269670	1	g	H	1	1	depmap_wgs
Acute Myeloid Leukemia	USE_31606	596	0.5917	0.0719	1.265	FREM1	108			chr9	14927718	14937225	2	g	H	1	1	depmap_wgs
Acute Myeloid Leukemia	USE_14430	614	0.5923	0.0736	1.304	NFILZ	8			chr19	8655744	8672078	2	g	c	1	0	cmp_wes
Acute Myeloid Leukemia	USE_30063	650	0.5936	0.0767	1.188	CHRNA6	19			chr8	42783711	42805076	31	g	c	20	5	depmap_wgs
Acute Myeloid Leukemia	USE_27033	662	0.5942	0.0783	1.226	AHI1	45			chr6	135423978	135449781	5	g	c	4	2	depmap_wgs
Acute Myeloid Leukemia	USE_29843	663	0.5942	0.0784	1.212	ADAM28	40			chr8	24276084	24295162	2	g	c	1	0	depmap_wgs
Acute Myeloid Leukemia	USE_22560	669	0.5944	0.0791	1.056	KIT	122			chr4	54800752	54842561	8	g	c	6	3	depmap_wgs
Acute Myeloid Leukemia	USE_26929	699	0.5954	0.0819	1.155	RSPO3	32			chr6	127181876	127200372	2	g	g	2	2	depmap_wgs
Acute Myeloid Leukemia	USE_8777	719	0.5963	0.0847	1.144	CLDN10	3			chr13	95496836	95510010	1	g	c	1	0	depmap_wgs
Acute Myeloid Leukemia	USE_26526	731	0.5967	0.0859	1.178	SENP6	33			chr6	75620622	75632819	3	g	g	3	3	depmap_wgs
Acute Myeloid Leukemia	USE_31642	803	0.5992	0.0947	1.232	CNTLN	184			chr9	17134316	17136104	6	g	c	2	1	ccle_snp6,depmap_wgs
Acute Myeloid Leukemia	USE_30745	809	0.5994	0.0958	1.306	RRM2B	24			chr8	102195991	102198380	2	g	A	2	2	depmap_wgs
Acute Myeloid Leukemia	USE_30402	814	0.5997	0.097	1.222	LY96	46			chr8	74051270	74062079	5	g	A	3	3	depmap_wgs
Acute Myeloid Leukemia	USE_31607	817	0.5999	0.0976	1.266	FREM1	167			chr9	14990053	14994021	7	g	H	3	3	ccle_snp6,depmap_wgs
Acute Myeloid Leukemia	USE_8943	818	0.5999	0.0977	1.152	IRS2	359			chr13	109381406	109438510	36	g	c	17	0	cmp_wes,depmap_wgs
Acute Myeloid Leukemia	USE_668	824	0.6001	0.0983	1.55	ZFP69B	34			chr1	40421277	40424172	13	g	H	13	13	depmap_wgs
Acute Myeloid Leukemia	USE_26575	828	0.6001	0.0987	1.132	MRAP2	37			chr6	84093054	84106307	2	g	c	2	0	depmap_wgs
Adult-Type Diffuse Glioma	USE_5958	11	0.4881	0.0557	3.226	DDX10	222			chr11	109015555	109035159	5	a	H	3	3	depmap_wgs
Adult-Type Diffuse Glioma	USE_5943	15	0.4975	0.0641	2.033	ATM	21			chr11	108314922	108320801	3	a	H	3	3	depmap_wgs
Adult-Type Diffuse Glioma	USE_29377	20	0.5083	0.0746	1.281	TPK1	990			chr7	145623562	145645464	5	g	c	4	2	depmap_wgs
Adult-Type Diffuse Glioma	USE_5891	23	0.5099	0.0762	2.325	DYNC2H1	139			chr11	103433634	103434676	2	a	H	2	2	depmap_wgs
Adult-Type Diffuse Glioma	USE_5840	30	0.5124	0.0792	2.446	CNTN5	298			chr11	99987849	99989046	2	a	H	2	2	depmap_wgs
Adult-Type Diffuse Glioma	USE_5959	32	0.5131	0.0799	2.483	C11orf87	2			chr11	109422815	109432938	4	a	H	4	4	depmap_wgs
Adult-Type Diffuse Glioma	USE_5945	42	0.5189	0.0876	1.924	C11orf65	45			chr11	108432324	108434034	2	g	H	2	2	depmap_wgs
Adult-Type Diffuse Glioma	USE_6073	54	0.5248	0.0965	1.965	BUD13	158			chr11	116601351	116602270	2	g	H	2	2	depmap_wgs
Adult-Type Diffuse Glioma	USE_5850	56	0.5258	0.0981	2.108	ARHGAP42	43			chr11	100875431	100891988	12	a	g	5	5	depmap_wgs
Bladder Urothelial Carcinoma	USE_25902	23	0.5339	0.0523	3.311	CDKAL1	340			chr6	21219326	21229156	5	a	H	3	3	depmap_wgs
Bladder Urothelial Carcinoma	USE_25905	36	0.5531	0.0764	3.311	SOX4	199			chr6	21395963	21397279	1	a	H	1	1	depmap_wgs
Bladder Urothelial Carcinoma	USE_25903	50	0.5604	0.0894	3.311	SOX4	325			chr6	21263407	21278714	10	a	c	3	2	depmap_wgs
Colorectal Adenocarcinoma	USE_31125	24	0.5392	0.02	6.266	LRATD2	50			chr8	126605662	126606403	1	a	H	1	1	depmap_wgs
Colorectal Adenocarcinoma	USE_31137	106	0.5679	0.0399	7.392	POU5F1B	264			chr8	127106022	127106819	1	a	H	1	1	depmap_wgs
Colorectal Adenocarcinoma	USE_24872	140	0.5741	0.0472	1.289	CCDC192	53			chr5	127857851	127894316	16	g	c	6	0	depmap_wgs
Colorectal Adenocarcinoma	USE_8609	148	0.5754	0.0488	1.235	KLF12	350			chr13	73555709	73563841	4	g	c	3	2	cmp_wes,depmap_wgs
Colorectal Adenocarcinoma	USE_31131	193	0.5798	0.0552	7.392	POU5F1B	397			chr8	126968122	126979242	2	a	H	1	1	depmap_wgs
Colorectal Adenocarcinoma	USE_8369	206	0.5809	0.057	1.169	TNFSF11	60			chr13	42524227	42526121	3	g	A	2	2	cmp_wes
Colorectal Adenocarcinoma	USE_8592	259	0.5861	0.0666	1.266	MZT1	173			chr13	72541324	72547177	1	g	H	1	1	depmap_wgs
Colorectal Adenocarcinoma	USE_8500	260	0.5861	0.0666	1.192	DHRS12	19			chr13	51763528	51770073	1	g	c	1	0	depmap_wgs
Colorectal Adenocarcinoma	USE_31135	268	0.5869	0.0684	7.392	POU5F1B	324			chr8	127029414	127063160	38	a	H	3	3	depmap_wgs
Colorectal Adenocarcinoma	USE_8601	282	0.588	0.0705	1.396	KLF5	72			chr13	73138135	73139923	4	g	A	4	4	cmp_wes
Colorectal Adenocarcinoma	USE_8600	286	0.5884	0.0716	1.396	KLF5	28			chr13	73082186	73108082	28	g	c	16	10	cmp_wes,depmap_wgs
Colorectal Adenocarcinoma	USE_8607	353	0.5926	0.0824	1.235	KLF5	392			chr13	73450063	73467183	16	g	c	7	5	cmp_wes,depmap_wgs
Colorectal Adenocarcinoma	USE_27004	354	0.5927	0.0825	1.277	TCF21	11			chr6	133891069	133917085	6	g	c	6	4	cmp_wes,depmap_wgs
Colorectal Adenocarcinoma	USE_8909	355	0.5928	0.0828	1.206	EFNB2	135			chr13	106376090	106378973	4	g	c	4	3	cmp_wes,depmap_wgs
Colorectal Adenocarcinoma	USE_31138	357	0.5931	0.0836	7.392	POU5F1B	190			chr8	127122832	127239192	163	a	c	16	6	cmp_wes,depmap_wgs
Colorectal Adenocarcinoma	USE_8899	360	0.5933	0.0844	1.163	DAOA	436			chr13	105903640	105926349	13	g	c	5	3	cmp_wes,depmap_wgs
Colorectal Adenocarcinoma	USE_27030	365	0.5936	0.085	1.306	MYB	55			chr6	135211519	135299393	75	g	c	7	3	cmp_wes,depmap_wgs
Colorectal Adenocarcinoma	USE_8774	366	0.5936	0.0851	1.151	ABCC4	34			chr13	95114769	95137249	17	g	c	7	0	cmp_wes,depmap_wgs
Colorectal Adenocarcinoma	USE_31146	377	0.5941	0.0867	7.392	MYC	165			chr8	127549658	127597525	67	a	c	13	6	cmp_wes,depmap_wgs
Colorectal Adenocarcinoma	USE_8908	384	0.5946	0.088	1.206	EFNB2	162			chr13	106343272	106357245	12	g	c	5	1	cmp_wes,depmap_wgs
Colorectal Adenocarcinoma	USE_8606	389	0.5949	0.0891	1.235	KLF5	341			chr13	73385110	73430628	39	g	c	9	2	cmp_wes,depmap_wgs
Colorectal Adenocarcinoma	USE_31141	419	0.5962	0.0936	7.392	POU5F1B	38			chr8	127390321	127428319	44	a	c	6	4	depmap_wgs
Colorectal Adenocarcinoma	USE_8535	421	0.5964	0.0944	1.191	DIAPH3	674			chr13	59236410	59243846	1	g	g	1	1	depmap_wgs
Colorectal Adenocarcinoma	USE_8116	445	0.5975	0.0983	1.219	SPATA13	40			chr13	24183390	24185112	6	g	A	2	2	cmp_wes
Diffuse Glioma	USE_21788	24	0.5506	0.0846	1.195	FXR1	53			chr3	180871729	180872443	1	g	g	1	1	depmap_wgs
Diffuse Glioma	USE_1875	27	0.5516	0.0863	1.447	RHBG	35			chr1	156387682	156436990	11	g	c	3	2	input_inferred
Diffuse Glioma	USE_18817	36	0.5566	0.0956	1.493	MYT1	33			chr20	64205072	64206606	5	g	A	1	1	input_inferred
Embryonal Tumor	USE_9482	3	0.1566	0.0025	18.063	OTX2	80			chr14	56888492	56888763	1	a	H	1	1	depmap_wgs
Embryonal Tumor	USE_9480	4	0.1945	0.0034	18.063	OTX2	1			chr14	56795112	56817614	7	a	c	3	2	depmap_wgs
Embryonal Tumor	USE_9483	6	0.2263	0.0052	18.063	OTX2	89			chr14	56891778	56903477	4	a	H	2	2	depmap_wgs
Embryonal Tumor	USE_9505	8	0.2515	0.0052	3.083	ARMH4	104			chr14	58038844	58049149	2	a	c	1	0	depmap_wgs
Embryonal Tumor	USE_9502	10	0.2653	0.0057	2.868	ARMH4	186			chr14	57961382	57962632	1	a	H	1	1	depmap_wgs
Embryonal Tumor	USE_31173	13	0.2722	0.0067	50.13	MYC	861			chr8	128600330	128601371	2	a	H	2	2	depmap_wgs
Embryonal Tumor	USE_9478	16	0.2817	0.0079	18.063	OTX2	64			chr14	56729932	56758405	7	a	c	2	1	depmap_wgs
Embryonal Tumor	USE_31147	19	0.3195	0.0118	50.13	MYC	109			chr8	127612501	127647282	33	a	H	9	9	depmap_wgs
Embryonal Tumor	USE_9484	22	0.3333	0.0129	18.063	OTX2	141			chr14	56944573	56954621	1	a	H	1	1	depmap_wgs
Embryonal Tumor	USE_9479	25	0.3508	0.0149	18.063	OTX2	34			chr14	56769622	56778699	1	a	H	1	1	depmap_wgs
Embryonal Tumor	USE_31143	26	0.3572	0.0157	37.831	POU5F1B	65			chr8	127435529	127437293	1	a	H	1	1	depmap_wgs
Embryonal Tumor	USE_9487	28	0.3654	0.0168	2.112	EXOC5	101			chr14	57129201	57137040	1	a	H	1	1	depmap_wgs
Embryonal Tumor	USE_9475	39	0.4206	0.0324	2.611	TMEM260	93			chr14	56659317	56667362	2	a	H	1	1	depmap_wgs
Embryonal Tumor	USE_9492	40	0.4244	0.034	2.441	NAA30	40			chr14	57362171	57362880	1	a	H	1	1	depmap_wgs
Embryonal Tumor	USE_9508	48	0.4375	0.0402	3.083	ARMH4	20			chr14	58166691	58171181	1	a	H	1	1	depmap_wgs
Embryonal Tumor	USE_9509	77	0.4657	0.0563	3.049	ACTR10	22			chr14	58189698	58200636	2	a	c	1	0	depmap_wgs
Embryonal Tumor	USE_9493	81	0.4719	0.061	2.441	NAA30	11			chr14	57380794	57403285	23	a	c	1	0	depmap_wgs
Embryonal Tumor	USE_31141	96	0.4829	0.07	37.831	POU5F1B	38			chr8	127390321	127428319	44	a	c	6	2	depmap_wgs
Embryonal Tumor	USE_31152	118	0.4964	0.0838	50.13	MYC	0			chr8	127715295	127761821	199	a	H	9	9	depmap_wgs
Esophageal Squamous Cell Carcinoma	USE_21804	25	0.5375	0.0488	2.447	SOX2	344			chr3	182051867	182064413	3	a	H	3	3	cmp_wes
Esophageal Squamous Cell Carcinoma	USE_13543	27	0.5383	0.0494	3.097	MYL12B	80			chr18	3350157	3351638	2	a	H	2	2	cmp_wes
Esophageal Squamous Cell Carcinoma	USE_13559	34	0.5479	0.0599	4.102	DLGAP1	13			chr18	3983866	3994423	5	a	g	4	4	cmp_wes,depmap_wgs
Esophageal Squamous Cell Carcinoma	USE_5494	46	0.5547	0.0691	3.164	FADD	50			chr11	70149707	70160903	8	a	H	1	1	cmp_wes
Esophageal Squamous Cell Carcinoma	USE_27743	55	0.5588	0.0754	1.507	AHR	64			chr7	17062177	17071936	4	g	A	1	1	cmp_wes
Esophageal Squamous Cell Carcinoma	USE_5491	63	0.5629	0.0826	3.159	ANO1	22			chr11	70048980	70081417	22	a	H	5	5	cmp_wes,depmap_wgs
Esophageal Squamous Cell Carcinoma	USE_21819	70	0.5658	0.0881	2.479	ATP11B	38			chr3	182818727	182819843	3	a	H	3	3	cmp_wes
Esophageal Squamous Cell Carcinoma	USE_21798	74	0.5667	0.09	2.459	SOX2	2			chr3	181695263	181736257	36	a	c	16	8	cmp_wes,depmap_wgs,input_inferred
Esophageal Squamous Cell Carcinoma	USE_8897	75	0.5678	0.0927	1.158	DAOA	133			chr13	105610852	105612442	1	g	g	1	1	cmp_wes
Esophagogastric Adenocarcinoma	USE_4601	1	0.372	0.0052	10.09	FGFR2	29			chr10	121567846	121568150	2	a	H	2	2	depmap_wgs
Esophagogastric Adenocarcinoma	USE_4600	4	0.4794	0.0093	10.083	FGFR2	9			chr10	121540453	121555093	9	a	H	7	7	depmap_wgs
Esophagogastric Adenocarcinoma	USE_4599	7	0.505	0.0136	10.08	FGFR2	13			chr10	121523206	121526905	10	a	H	7	7	depmap_wgs
Esophagogastric Adenocarcinoma	USE_4602	8	0.5107	0.0145	10.091	FGFR2	52			chr10	121572529	121609244	16	a	H	6	6	depmap_wgs
Esophagogastric Adenocarcinoma	USE_4586	9	0.5124	0.0148	3.305	WDR11	99			chr10	120978883	120980301	2	a	H	2	2	depmap_wgs
Esophagogastric Adenocarcinoma	USE_31030	15	0.5358	0.0197	1.72	ZHX2	340			chr8	122536816	122538596	2	g	H	2	2	depmap_wgs
Esophagogastric Adenocarcinoma	USE_4596	16	0.5374	0.0202	10.08	FGFR2	128			chr10	121393129	121425678	7	a	H	5	5	depmap_wgs
Esophagogastric Adenocarcinoma	USE_30901	29	0.5607	0.0334	1.371	TRPS1	288			chr8	115897689	115898356	1	g	H	1	1	depmap_wgs
Esophagogastric Adenocarcinoma	USE_31060	32	0.5626	0.0352	1.893	FAM91A1	40			chr8	123832118	123833739	2	g	H	2	2	depmap_wgs
Esophagogastric Adenocarcinoma	USE_5152	35	0.5632	0.0356	2.337	SLC1A2	71			chr11	35260318	35268062	3	a	H	2	2	depmap_wgs
Esophagogastric Adenocarcinoma	USE_31151	36	0.5635	0.036	5.524	MYC	32			chr8	127706022	127708185	4	a	H	2	2	depmap_wgs
Esophagogastric Adenocarcinoma	USE_6698	51	0.5681	0.0408	1.42	LMNTD1	141			chr12	25670107	25671424	1	g	H	1	1	depmap_wgs
Esophagogastric Adenocarcinoma	USE_4594	52	0.5684	0.041	10.078	FGFR2	205			chr10	121303714	121361823	24	a	H	7	7	depmap_wgs
Esophagogastric Adenocarcinoma	USE_14760	57	0.57	0.0428	1.257	ZNF568	39			chr19	36995908	36997886	4	g	A	4	4	depmap_wgs
Esophagogastric Adenocarcinoma	USE_31146	66	0.5721	0.0452	3.827	MYC	165			chr8	127549658	127597525	67	a	H	8	8	depmap_wgs
Esophagogastric Adenocarcinoma	USE_31007	69	0.573	0.0464	1.655	HAS2	195			chr8	121430396	121431849	2	g	H	2	2	depmap_wgs
Esophagogastric Adenocarcinoma	USE_30971	72	0.574	0.0477	1.563	DEPTOR	49			chr8	120010448	120012654	2	g	H	2	2	depmap_wgs
Esophagogastric Adenocarcinoma	USE_20290	93	0.5778	0.0531	2.448	CTNNB1	59			chr3	41158522	41177512	5	a	H	3	3	depmap_wgs
Esophagogastric Adenocarcinoma	USE_4584	111	0.5813	0.0589	3.291	WDR11	28			chr10	120850593	120852449	2	a	H	2	2	depmap_wgs
Esophagogastric Adenocarcinoma	USE_4588	122	0.5826	0.0614	3.299	WDR11	199			chr10	121068751	121091991	6	a	H	2	2	depmap_wgs
Esophagogastric Adenocarcinoma	USE_15481	141	0.585	0.066	1.068	DTNB	116			chr2	25638811	25645132	6	g	c	6	3	depmap_wgs
Esophagogastric Adenocarcinoma	USE_6699	144	0.5851	0.0661	1.42	LMNTD1	166			chr12	25691571	25699393	4	g	H	1	1	depmap_wgs
Esophagogastric Adenocarcinoma	USE_23153	148	0.5854	0.0668	0.99	MAML3	36			chr4	139970963	139972275	1	g	g	1	1	depmap_wgs
Esophagogastric Adenocarcinoma	USE_31069	184	0.5875	0.0713	1.823	TMEM65	124			chr8	124214330	124216016	3	g	H	2	2	depmap_wgs
Esophagogastric Adenocarcinoma	USE_13524	185	0.5876	0.0715	1.073	METTL4	384			chr18	2167642	2172762	4	g	c	3	0	depmap_wgs
Esophagogastric Adenocarcinoma	USE_4633	186	0.5877	0.0717	1.019	CPXM2	36			chr10	123781588	123791265	5	g	c	4	1	depmap_wgs
Esophagogastric Adenocarcinoma	USE_8521	191	0.5881	0.0726	1.07	OLFM4	245			chr13	53284439	53287075	3	g	c	3	0	depmap_wgs
Esophagogastric Adenocarcinoma	USE_30943	206	0.5888	0.0746	1.603	SAMD12	175			chr8	118229342	118230764	2	g	H	2	2	depmap_wgs
Esophagogastric Adenocarcinoma	USE_8299	207	0.5889	0.0747	1.051	SERTM1	42			chr13	36726965	36728993	3	g	g	3	3	depmap_wgs
Esophagogastric Adenocarcinoma	USE_8745	208	0.5889	0.0747	1.0	GPC5	410			chr13	91724563	91726699	1	g	g	1	1	depmap_wgs
Esophagogastric Adenocarcinoma	USE_12814	225	0.5907	0.0794	1.545	RAPGEFL1	12			chr17	40167740	40180871	15	g	A	2	2	cmp_wes,depmap_wgs
Esophagogastric Adenocarcinoma	USE_2340	229	0.591	0.0799	1.098	PLA2G4A	359			chr1	187267149	187268974	2	g	g	2	2	depmap_wgs
Esophagogastric Adenocarcinoma	USE_8529	231	0.591	0.08	1.057	PRR20A	1997			chr13	55143723	55146115	1	g	g	1	1	depmap_wgs
Esophagogastric Adenocarcinoma	USE_17943	241	0.5915	0.0815	1.255	PRNP	217			chr20	4475239	4477018	3	g	g	3	3	depmap_wgs
Esophagogastric Adenocarcinoma	USE_18623	245	0.5917	0.0818	1.415	ZFP64	528			chr20	52655923	52657745	3	g	g	3	3	depmap_wgs
Esophagogastric Adenocarcinoma	USE_21502	252	0.5925	0.0843	1.064	KCNAB1	56			chr3	156230875	156232584	1	g	g	1	1	depmap_wgs
Esophagogastric Adenocarcinoma	USE_8310	254	0.5926	0.0844	0.987	UFM1	167			chr13	38519565	38529603	1	g	u	1	0	depmap_wgs
Esophagogastric Adenocarcinoma	USE_5185	258	0.5928	0.085	1.136	IFTAP	1454			chr11	38089402	38090464	1	g	A	1	1	depmap_wgs
Esophagogastric Adenocarcinoma	USE_2444	264	0.5932	0.0864	1.134	ZNF281	132			chr1	200274413	200276554	3	g	g	3	3	depmap_wgs
Esophagogastric Adenocarcinoma	USE_8173	267	0.5934	0.087	1.081	CDX2	2			chr13	27944099	27980844	47	g	c	8	1	depmap_wgs
Esophagogastric Adenocarcinoma	USE_12807	268	0.5935	0.087	3.975	PGAP3	3			chr17	39592117	39783454	571	a	c	22	7	cmp_wes,depmap_wgs
Esophagogastric Adenocarcinoma	USE_28754	282	0.5943	0.0898	1.44	KPNA7	7			chr7	99193210	99245452	72	g	c	1	0	cmp_wes
Esophagogastric Adenocarcinoma	USE_30890	290	0.5946	0.0906	1.372	TRPS1	171			chr8	115417194	115457924	22	g	c	2	0	depmap_wgs
Esophagogastric Adenocarcinoma	USE_14837	294	0.5946	0.0907	1.186	CEACAM6	20			chr19	41733671	41748678	12	g	g	1	1	depmap_wgs
Esophagogastric Adenocarcinoma	USE_27899	296	0.5948	0.0913	1.271	EVX1	167			chr7	27403285	27425181	4	g	g	1	1	depmap_wgs
Esophagogastric Adenocarcinoma	USE_17990	303	0.5952	0.093	1.226	BMP2	68			chr20	6691322	6718740	11	g	c	4	1	depmap_wgs
Esophagogastric Adenocarcinoma	USE_8602	304	0.5953	0.093	1.097	KLF5	103			chr13	73159123	73180665	7	g	g	1	1	depmap_wgs
Esophagogastric Adenocarcinoma	USE_11897	307	0.5953	0.0933	1.029	CDH5	658			chr16	65725929	65728019	1	g	g	1	1	depmap_wgs
Esophagogastric Adenocarcinoma	USE_31148	310	0.5954	0.0934	5.498	MYC	70			chr8	127651771	127684662	53	a	H	5	5	depmap_wgs
Esophagogastric Adenocarcinoma	USE_10770	323	0.596	0.0954	1.154	PIAS1	103			chr15	68016545	68029010	9	g	c	6	0	depmap_wgs
Esophagogastric Adenocarcinoma	USE_8321	329	0.5964	0.097	1.051	LHFPL6	76			chr13	39328879	39330867	2	g	g	2	2	depmap_wgs
Esophagogastric Adenocarcinoma	USE_31124	334	0.5966	0.0978	2.849	LRATD2	2			chr8	126525140	126589841	296	a	c	13	2	cmp_wes,depmap_wgs
Esophagogastric Adenocarcinoma	USE_9065	337	0.5968	0.0986	1.202	RNASE8	2			chr14	21053735	21056625	3	g	c	1	0	depmap_wgs
Esophagogastric Adenocarcinoma	USE_15431	339	0.5969	0.0988	1.088	KLHL29	518			chr2	23026977	23029503	2	g	g	2	2	depmap_wgs
Esophagogastric Adenocarcinoma	USE_17982	340	0.597	0.0992	1.232	FERMT1	249			chr20	6347564	6349856	3	g	g	3	3	depmap_wgs
Ewing Sarcoma	USE_31303	525	0.569	0.0394	1.386	KHDRBS3	924			chr8	136473951	136488467	7	g	g	1	1	depmap_wgs
Ewing Sarcoma	USE_29865	722	0.5874	0.0679	1.237	BNIP3L	44			chr8	26394817	26405316	1	g	g	1	1	depmap_wgs
Ewing Sarcoma	USE_3171	796	0.5923	0.0799	1.31	OR2L13	17			chr1	248105672	248125970	2	g	A	1	1	depmap_wgs
Ewing Sarcoma	USE_2278	801	0.5926	0.0809	1.338	RGL1	31			chr1	183803797	183823029	16	g	c	1	0	depmap_wgs
Ewing Sarcoma	USE_30350	823	0.5937	0.0841	1.381	TRAM1	140			chr8	70444716	70456372	4	g	g	1	1	input_inferred
Ewing Sarcoma	USE_3073	831	0.5942	0.0858	1.33	FH	27			chr1	241518707	241552637	165	g	c	2	0	depmap_mc_wes,depmap_wgs
Ewing Sarcoma	USE_2315	835	0.5945	0.0867	1.349	HMCN1	314			chr1	185627846	185668982	12	g	c	1	0	depmap_wgs
Ewing Sarcoma	USE_29989	876	0.5967	0.0944	1.333	ZNF703	156			chr8	37514627	37568203	29	g	c	7	3	depmap_wgs,input_inferred
Ewing Sarcoma	USE_30655	894	0.5979	0.0987	1.39	SDC2	28			chr8	96570132	96592169	16	g	g	4	4	depmap_wgs
Ewing Sarcoma	USE_29891	895	0.5979	0.0989	1.227	PNOC	54			chr8	28271816	28278982	2	g	A	2	2	depmap_wgs
Ewing Sarcoma	USE_31128	897	0.5982	0.0999	1.79	LRATD2	292			chr8	126805129	126891359	101	g	c	9	3	depmap_wgs,input_inferred
Gastrointestinal Stromal Tumor	USE_12190	4	0.4648	0.0533	1.759	FOXF1	251			chr16	86252090	86270724	1	g	c	1	0	input_inferred
Gastrointestinal Stromal Tumor	USE_5543	8	0.488	0.0733	1.703	PDE2A	2			chr11	72618490	72626330	2	g	c	1	0	input_inferred
Gastrointestinal Stromal Tumor	USE_21326	11	0.4935	0.079	1.612	ZBTB38	55			chr3	141441675	141443160	1	g	A	1	1	input_inferred
Head and Neck Squamous Cell Carcinoma	USE_32269	2	0.4783	0.0216	4.112	FOXE1	3			chr9	97853066	97864264	6	a	H	1	1	depmap_wgs
Head and Neck Squamous Cell Carcinoma	USE_5879	22	0.5405	0.0616	2.102	MMP3	14			chr11	102853367	102855076	2	a	H	2	2	depmap_wgs
Head and Neck Squamous Cell Carcinoma	USE_5491	34	0.5485	0.0719	3.536	ANO1	22			chr11	70048980	70081417	22	a	H	8	8	depmap_wgs
Head and Neck Squamous Cell Carcinoma	USE_29739	43	0.5545	0.0811	0.969	MSR1	180			chr8	16517452	16519059	2	g	A	2	2	depmap_wgs
Head and Neck Squamous Cell Carcinoma	USE_5494	45	0.5556	0.0829	3.54	FADD	50			chr11	70149707	70160903	8	a	H	6	6	depmap_wgs
Head and Neck Squamous Cell Carcinoma	USE_9578	46	0.5561	0.0838	1.411	SYNE2	63			chr14	64053612	64061221	1	g	g	1	1	depmap_wgs
Head and Neck Squamous Cell Carcinoma	USE_23975	51	0.5581	0.0874	1.6	RANBP3L	174			chr5	36435384	36463144	20	g	c	4	0	depmap_wgs
Head and Neck Squamous Cell Carcinoma	USE_9800	57	0.56	0.0912	1.376	CEP128	87			chr14	80614575	80646195	7	g	g	3	3	depmap_wgs
Head and Neck Squamous Cell Carcinoma	USE_32542	58	0.5604	0.0921	1.328	DAB2IP	27			chr9	121699264	121709044	5	g	g	2	2	depmap_wgs,input_inferred
Head and Neck Squamous Cell Carcinoma	USE_5493	61	0.5615	0.0944	3.536	ANO1	47			chr11	70127777	70142881	12	a	H	10	10	depmap_wgs
Hepatocellular Carcinoma	USE_28982	5	0.4753	0.023	2.292	CAV1	72			chr7	116614354	116616489	2	a	c	2	1	input_inferred
Hepatocellular Carcinoma	USE_12449	22	0.5065	0.0364	1.583	MYOCD	231			chr17	12485247	12486097	1	g	H	1	1	depmap_wgs
Hepatocellular Carcinoma	USE_27125	40	0.5232	0.0479	1.401	CITED2	909			chr6	140281520	140283001	1	g	H	1	1	depmap_wgs
Hepatocellular Carcinoma	USE_28971	54	0.5286	0.0529	1.608	MDFIC	303			chr7	115273646	115274881	2	g	H	2	2	input_inferred
Hepatocellular Carcinoma	USE_12483	57	0.5297	0.0539	1.65	HS3ST3B1	451			chr17	14775993	14777673	1	g	H	1	1	depmap_wgs
Hepatocellular Carcinoma	USE_27465	62	0.5314	0.0557	1.457	UNC93A	25			chr6	167265992	167269628	3	g	c	1	0	depmap_wgs
Hepatocellular Carcinoma	USE_27161	90	0.5437	0.0705	1.336	PHACTR2	8			chr6	143691933	143693434	1	g	A	1	1	depmap_wgs
Hepatocellular Carcinoma	USE_28986	93	0.5439	0.0709	2.465	CAPZA2	60			chr7	116797936	116813738	24	a	c	2	0	input_inferred
Hepatocellular Carcinoma	USE_27114	100	0.5453	0.0729	1.412	CITED2	325			chr6	139697836	139698748	1	g	H	1	1	depmap_wgs
Hepatocellular Carcinoma	USE_9282	106	0.5461	0.0739	1.074	MIPOL1	54			chr14	37328543	37338848	3	g	A	1	1	depmap_wgs
Hepatocellular Carcinoma	USE_28968	120	0.5528	0.0848	1.722	MDFIC	146			chr7	115116757	115118041	1	g	H	1	1	input_inferred
Hepatocellular Carcinoma	USE_32984	136	0.5561	0.0909	1.222	SMPX	38			chrX	21770303	21771571	1	g	H	1	1	depmap_wgs
Hepatocellular Carcinoma	USE_27463	140	0.5579	0.0946	2.008	TCP10L2	42			chr6	167203396	167224058	10	a	c	2	1	depmap_wgs,input_inferred
Hepatocellular Carcinoma	USE_20107	142	0.558	0.0949	0.971	ZNF385D	228			chr3	22120755	22122151	1	g	g	1	1	depmap_wgs
Hepatocellular Carcinoma	USE_9189	148	0.5594	0.098	1.923	NUBPL	179			chr14	31854853	31856164	1	g	H	1	1	depmap_wgs
Invasive Breast Carcinoma	USE_31085	101	0.5908	0.0286	2.119	WASHC5	8			chr8	125061457	125071411	10	a	g	8	8	cmp_wes,depmap_wgs
Invasive Breast Carcinoma	USE_30914	146	0.5971	0.0372	1.884	EIF3H	245			chr8	116444068	116473279	28	g	c	16	12	depmap_wgs,input_inferred
Invasive Breast Carcinoma	USE_30009	181	0.6002	0.0429	1.316	FGFR1	75			chr8	38509396	38511453	10	g	H	1	1	cmp_wes
Invasive Breast Carcinoma	USE_31073	189	0.6005	0.0437	1.929	RNF139	9			chr8	124490459	124492430	1	g	H	1	1	cmp_wes
Invasive Breast Carcinoma	USE_30991	190	0.6007	0.0439	2.198	SNTB1	22			chr8	120691777	120701637	7	a	H	5	5	depmap_wgs
Invasive Breast Carcinoma	USE_12807	194	0.601	0.0445	4.238	PGAP3	3			chr17	39592117	39783454	571	a	c	104	10	cmp_wes,depmap_mc_wes,depmap_wgs,input_inferred
Invasive Breast Carcinoma	USE_30963	202	0.6016	0.0457	1.871	MAL2	10			chr8	119200342	119231506	48	g	c	9	8	depmap_wgs,input_inferred
Invasive Breast Carcinoma	USE_18700	224	0.603	0.0488	1.635	PMEPA1	140			chr20	57819357	57821618	2	g	H	2	2	depmap_wgs
Invasive Breast Carcinoma	USE_30390	236	0.6036	0.05	1.401	RDH10	71			chr8	73380287	73382029	2	g	H	2	2	depmap_wgs
Invasive Breast Carcinoma	USE_31151	244	0.6041	0.0515	2.859	MYC	32			chr8	127706022	127708185	4	a	A	2	2	depmap_wgs
Invasive Breast Carcinoma	USE_2817	275	0.6064	0.0577	1.425	TLR5	13			chr1	223123475	223155810	33	g	c	27	13	depmap_mc_wes,depmap_wgs
Invasive Breast Carcinoma	USE_3865	276	0.6065	0.0579	1.093	ZWINT	126			chr10	56231781	56234409	1	g	A	1	1	cmp_wes
Invasive Breast Carcinoma	USE_32914	288	0.6076	0.0613	0.824	AMELX	59			chrX	11234014	11240232	1	g	c	1	0	cmp_wes
Invasive Breast Carcinoma	USE_2704	294	0.6079	0.0622	1.4	KCTD3	111			chr1	215475036	215490943	8	g	c	8	6	depmap_wgs
Invasive Breast Carcinoma	USE_19908	302	0.6084	0.0639	1.173	EDEM1	768			chr3	5971705	5973764	1	g	A	1	1	cmp_wes
Invasive Breast Carcinoma	USE_30908	303	0.6084	0.0641	1.886	EIF3H	466			chr8	116231381	116244863	8	g	c	7	1	depmap_wgs,input_inferred
Invasive Breast Carcinoma	USE_5480	311	0.6087	0.065	1.739	CCND1	127			chr11	69514746	69525751	14	g	c	9	7	cmp_wes,depmap_wgs
Invasive Breast Carcinoma	USE_18679	317	0.6089	0.0656	1.548	TFAP2C	162			chr20	56778568	56815608	96	g	c	29	18	depmap_mc_wes,depmap_wgs
Invasive Breast Carcinoma	USE_30888	318	0.6089	0.0656	1.943	TRPS1	271			chr8	115326504	115348750	9	g	g	1	1	input_inferred
Invasive Breast Carcinoma	USE_29109	321	0.609	0.0661	1.33	LEP	8			chr7	128247988	128268087	29	g	c	12	5	cmp_wes,depmap_wgs
Invasive Breast Carcinoma	USE_31027	336	0.6099	0.0689	2.072	ZHX2	440			chr8	122433552	122441590	2	a	c	2	0	depmap_wgs
Invasive Breast Carcinoma	USE_30867	337	0.6099	0.0691	1.785	CSMD3	898			chr8	111929993	111932031	1	g	H	1	1	depmap_wgs
Invasive Breast Carcinoma	USE_24046	346	0.6105	0.0712	1.313	PLCXD3	100			chr5	41508700	41510569	1	g	A	1	1	depmap_wgs
Invasive Breast Carcinoma	USE_2187	352	0.6109	0.0729	1.285	BRINP2	52			chr1	177273869	177284009	3	g	c	3	1	depmap_wgs,input_inferred
Invasive Breast Carcinoma	USE_30729	354	0.6111	0.0734	1.567	ZNF706	184			chr8	101354848	101397262	122	g	c	45	20	depmap_mc_wes,depmap_wgs,input_inferred
Invasive Breast Carcinoma	USE_2073	355	0.6111	0.0737	1.352	DPT	201			chr1	168905689	168921696	8	g	c	3	2	depmap_wgs
Invasive Breast Carcinoma	USE_3373	358	0.6113	0.0743	1.125	CDC123	70			chr10	12286834	12300288	2	g	c	2	0	depmap_wgs
Invasive Breast Carcinoma	USE_3235	367	0.6116	0.0756	1.163	KLF6	150			chr10	3622935	3637836	27	g	c	11	0	depmap_wgs,input_inferred
Invasive Breast Carcinoma	USE_13225	370	0.6117	0.0758	1.321	CACNG1	3			chr17	67046278	67048431	1	g	H	1	1	depmap_wgs
Invasive Breast Carcinoma	USE_2877	378	0.6118	0.0762	1.352	COQ8A	17			chr1	226972998	226989251	4	g	c	1	0	depmap_wgs
Invasive Breast Carcinoma	USE_2500	379	0.6118	0.0764	1.444	PRELP	66			chr1	203409298	203425605	5	g	c	5	2	cmp_wes,depmap_mc_wes,depmap_wgs
Invasive Breast Carcinoma	USE_9896	382	0.6119	0.0768	1.143	FBLN5	13			chr14	91892269	91898707	2	g	c	2	0	depmap_wgs
Invasive Breast Carcinoma	USE_21716	386	0.612	0.0772	1.214	TBL1XR1	264			chr3	176848365	176869323	15	g	c	14	2	depmap_wgs
Invasive Breast Carcinoma	USE_3466	389	0.612	0.0773	1.155	NEBL	132			chr10	21142299	21196154	30	g	c	21	1	cmp_wes,depmap_mc_wes,depmap_wgs
Invasive Breast Carcinoma	USE_12806	406	0.6125	0.0793	1.968	NEUROD2	41			chr17	39556225	39574405	9	g	H	5	5	depmap_wgs
Invasive Breast Carcinoma	USE_31575	411	0.6126	0.0798	1.047	MPDZ	294			chr9	13480673	13492994	4	g	c	3	2	depmap_wgs,input_inferred
Invasive Breast Carcinoma	USE_24080	420	0.613	0.0816	1.268	MRPS30	217			chr5	44588915	44606396	2	g	c	2	0	cmp_wes,depmap_wgs
Invasive Breast Carcinoma	USE_24883	437	0.6144	0.0881	1.033	ISOC1	137			chr5	129240692	129242659	1	g	g	1	1	depmap_wgs
Invasive Breast Carcinoma	USE_32885	441	0.6146	0.0892	0.814	STS	221			chrX	7244838	7264530	2	g	c	1	0	depmap_wgs
Invasive Breast Carcinoma	USE_12803	451	0.6149	0.0908	1.972	CDK12	25			chr17	39479993	39494540	14	g	H	4	4	depmap_wgs
Invasive Breast Carcinoma	USE_31141	453	0.615	0.0912	2.714	POU5F1B	38			chr8	127390321	127428319	44	a	c	16	7	cmp_wes,depmap_mc_wes,depmap_wgs,input_inferred
Invasive Breast Carcinoma	USE_31002	454	0.615	0.0916	2.21	HAS2	471			chr8	121144750	121166025	83	a	c	35	17	depmap_mc_wes,depmap_wgs
Invasive Breast Carcinoma	USE_25962	461	0.6152	0.0927	1.186	CARMIL1	251			chr6	25192252	25203478	12	g	c	10	3	depmap_wgs
Invasive Breast Carcinoma	USE_13513	462	0.6152	0.0928	1.059	ADCYAP1	46			chr18	861076	862877	2	g	A	2	2	depmap_wgs
Invasive Breast Carcinoma	USE_2107	463	0.6152	0.0928	1.298	FMO2	18			chr1	171210123	171224950	4	g	c	1	0	depmap_wgs
Invasive Breast Carcinoma	USE_2516	464	0.6152	0.0928	1.453	GOLT1A	14			chr1	204213348	204228196	34	g	c	14	13	depmap_mc_wes,depmap_wgs
Invasive Breast Carcinoma	USE_30904	465	0.6152	0.0929	1.936	TRPS1	432			chr8	116036590	116047373	3	g	g	3	3	depmap_wgs
Invasive Breast Carcinoma	USE_32898	472	0.6157	0.0952	0.824	GPR143	32			chrX	9786494	9790068	1	g	A	1	1	cmp_wes
Invasive Breast Carcinoma	USE_31050	473	0.6157	0.0952	2.017	NTAQ1	5			chr8	123443386	123453492	1	a	H	1	1	depmap_wgs
Invasive Breast Carcinoma	USE_13304	476	0.6157	0.0956	1.158	SOX9	16			chr17	72103775	72111007	7	g	u	6	4	depmap_wgs
Invasive Breast Carcinoma	USE_23630	477	0.6158	0.0959	1.723	IRX2	85			chr5	2655327	2671882	8	g	H	7	7	depmap_mc_wes
Invasive Breast Carcinoma	USE_30913	480	0.6159	0.0965	1.883	EIF3H	280			chr8	116423695	116425200	6	g	g	2	2	depmap_wgs
Invasive Breast Carcinoma	USE_30391	481	0.6159	0.0966	1.401	RDH10	101			chr8	73400352	73422746	15	g	c	7	5	depmap_wgs,input_inferred
Invasive Breast Carcinoma	USE_30489	482	0.6159	0.0969	1.771	PAG1	140			chr8	80898764	80901010	4	g	g	3	3	depmap_wgs
Invasive Breast Carcinoma	USE_25751	486	0.6161	0.0981	1.179	EDN1	5			chr6	12279213	12296950	19	g	c	2	1	depmap_wgs
Invasive Breast Carcinoma	USE_31000	488	0.6161	0.0982	2.208	SNTB1	422			chr8	121088446	121105731	7	a	H	4	4	depmap_wgs
Invasive Breast Carcinoma	USE_25530	489	0.6162	0.0982	1.241	SCGB3A1	7			chr5	180589938	180606058	12	g	c	8	2	depmap_wgs
Invasive Breast Carcinoma	USE_31770	491	0.6162	0.0987	1.08	MYORG	1			chr9	34363245	34377563	4	g	g	2	2	depmap_wgs,input_inferred
Lung Neuroendocrine Tumor	USE_31602	21	0.4809	0.0076	1.287	ZDHHC21	0			chr9	14649641	14652892	3	g	c	3	1	depmap_wgs
Lung Neuroendocrine Tumor	USE_31600	38	0.4897	0.0098	1.287	ZDHHC21	32			chr9	14611343	14627661	2	g	c	2	1	depmap_wgs
Lung Neuroendocrine Tumor	USE_26713	48	0.4969	0.0113	2.297	PRDM1	121			chr6	105929032	105930463	2	a	H	2	2	depmap_wgs
Lung Neuroendocrine Tumor	USE_31596	130	0.5269	0.0161	1.286	ZDHHC21	135			chr9	14508416	14525588	8	g	H	3	3	depmap_wgs
Lung Neuroendocrine Tumor	USE_657	181	0.5384	0.0188	4.743	HPCAL4	16			chr1	39691576	39712164	5	a	H	4	4	depmap_wgs
Lung Neuroendocrine Tumor	USE_31597	184	0.5394	0.019	1.286	ZDHHC21	120			chr9	14530580	14532159	1	g	H	1	1	depmap_wgs
Lung Neuroendocrine Tumor	USE_659	188	0.5401	0.0193	2.444	BMP8B	35			chr1	39769263	39846919	139	a	c	8	2	depmap_wgs
Lung Neuroendocrine Tumor	USE_31595	191	0.5403	0.0194	1.565	ZDHHC21	181			chr9	14452695	14489415	6	g	c	4	1	depmap_wgs
Lung Neuroendocrine Tumor	USE_660	206	0.5426	0.0201	5.521	MYCL	4			chr1	39875564	39913901	36	a	H	7	7	depmap_wgs
Lung Neuroendocrine Tumor	USE_30251	209	0.5435	0.0204	1.548	CLVS1	66			chr8	61344458	61346982	2	g	H	2	2	depmap_wgs
Lung Neuroendocrine Tumor	USE_606	213	0.5442	0.0207	1.948	GRIK3	210			chr1	36703448	36706473	3	g	c	3	2	depmap_wgs
Lung Neuroendocrine Tumor	USE_607	252	0.5485	0.0226	1.948	GRIK3	171			chr1	36743538	36743899	1	g	H	1	1	depmap_wgs
Lung Neuroendocrine Tumor	USE_30248	262	0.5495	0.0231	1.548	CLVS1	43			chr8	61235395	61237197	3	g	H	3	3	depmap_wgs
Lung Neuroendocrine Tumor	USE_30253	289	0.5525	0.0247	1.547	CLVS1	134			chr8	61413274	61414675	1	g	H	1	1	depmap_wgs
Lung Neuroendocrine Tumor	USE_30256	314	0.5555	0.0265	1.547	ASPH	112			chr8	61494378	61496647	3	g	H	3	3	depmap_wgs
Lung Neuroendocrine Tumor	USE_30252	337	0.5579	0.0279	1.549	CLVS1	97			chr8	61373304	61380202	3	g	c	3	2	depmap_wgs
Lung Neuroendocrine Tumor	USE_5980	340	0.5583	0.0282	1.304	ARHGAP20	360			chr11	111005120	111006893	5	g	c	5	4	depmap_wgs
Lung Neuroendocrine Tumor	USE_6024	390	0.562	0.031	1.392	DRD2	63			chr11	113504695	113506935	13	g	A	7	7	depmap_wgs
Lung Neuroendocrine Tumor	USE_15339	394	0.5623	0.0312	5.616	MYCN	221			chr2	16164063	16166096	6	a	H	6	6	depmap_wgs
Lung Neuroendocrine Tumor	USE_14212	457	0.5682	0.0365	1.279	FBXO15	350			chr18	73759020	73760755	1	g	A	1	1	depmap_wgs
Lung Neuroendocrine Tumor	USE_30259	474	0.5689	0.0373	1.657	ASPH	11			chr8	61596032	61596595	1	g	H	1	1	depmap_wgs
Lung Neuroendocrine Tumor	USE_15830	479	0.5691	0.0377	1.417	ASB3	63			chr2	53631664	53633469	3	g	H	2	2	depmap_wgs
Lung Neuroendocrine Tumor	USE_687	482	0.5694	0.0379	1.762	FOXO6	29			chr1	41398758	41405286	2	g	g	1	1	depmap_wgs
Lung Neuroendocrine Tumor	USE_14188	500	0.5717	0.0406	1.234	SOCS6	244			chr18	70553450	70555027	2	g	A	2	2	depmap_wgs
Lung Neuroendocrine Tumor	USE_5914	501	0.5718	0.0407	1.236	CARD18	97			chr11	105431605	105432592	1	g	H	1	1	depmap_wgs
Lung Neuroendocrine Tumor	USE_6292	526	0.5737	0.0428	1.125	SNX19	203			chr11	131094120	131096603	3	g	A	3	3	depmap_wgs
Lung Neuroendocrine Tumor	USE_612	545	0.5745	0.0438	1.949	GRIK3	19			chr1	36933975	36934715	1	g	H	1	1	depmap_wgs
Lung Neuroendocrine Tumor	USE_14257	556	0.5749	0.0443	1.259	GALR1	0			chr18	77254392	77271834	3	g	c	1	0	depmap_wgs
Lung Neuroendocrine Tumor	USE_31599	565	0.5754	0.045	1.285	ZDHHC21	87			chr9	14564728	14564999	1	g	H	1	1	depmap_wgs
Lung Neuroendocrine Tumor	USE_6234	574	0.5757	0.0453	1.144	KIRREL3	891			chr11	127600939	127608468	1	g	A	1	1	depmap_wgs
Lung Neuroendocrine Tumor	USE_609	581	0.5761	0.0458	1.948	GRIK3	82			chr1	36828781	36836933	5	g	c	5	3	depmap_wgs
Lung Neuroendocrine Tumor	USE_14051	588	0.5765	0.0464	1.365	TCF4	450			chr18	55892997	55894046	2	g	A	2	2	depmap_wgs
Lung Neuroendocrine Tumor	USE_14159	615	0.5778	0.0481	1.31	CDH19	23			chr18	66523098	66534785	1	g	c	1	0	depmap_wgs
Lung Neuroendocrine Tumor	USE_14189	622	0.5781	0.0486	1.235	SOCS6	496			chr18	70801011	70810520	1	g	c	1	0	depmap_wgs
Lung Neuroendocrine Tumor	USE_31593	639	0.5788	0.0496	1.564	NFIB	131			chr9	14340065	14403538	9	g	c	4	1	cmp_wes,depmap_wgs
Lung Neuroendocrine Tumor	USE_30247	641	0.5789	0.0498	1.548	CLVS1	64			chr8	61212506	61216481	1	g	H	1	1	depmap_wgs
Lung Neuroendocrine Tumor	USE_30249	643	0.579	0.0498	1.549	CLVS1	3			chr8	61266551	61299918	7	g	H	3	3	depmap_wgs
Lung Neuroendocrine Tumor	USE_30364	656	0.5794	0.0505	1.823	EYA1	160			chr8	71547288	71563264	5	g	c	4	1	cmp_wes,depmap_wgs
Lung Neuroendocrine Tumor	USE_14264	659	0.5796	0.0509	1.256	GALR1	642			chr18	77899881	77912025	1	g	g	1	1	depmap_wgs
Lung Neuroendocrine Tumor	USE_686	669	0.5801	0.0515	1.765	FOXO6	7			chr1	41341863	41387702	65	g	c	12	3	cmp_wes,depmap_wgs,input_inferred
Lung Neuroendocrine Tumor	USE_658	683	0.5811	0.0532	4.746	PPIE	11			chr1	39738551	39739757	7	a	H	7	7	depmap_wgs
Lung Neuroendocrine Tumor	USE_14193	690	0.5812	0.0534	1.233	SOCS6	974			chr18	71281201	71287668	1	g	g	1	1	depmap_wgs
Lung Neuroendocrine Tumor	USE_14043	734	0.5832	0.0568	1.377	TCF4	94			chr18	55537341	55539406	2	g	g	1	1	depmap_wgs
Lung Neuroendocrine Tumor	USE_14261	738	0.5833	0.057	1.255	GALR1	389			chr18	77651329	77655540	1	g	g	1	1	depmap_wgs
Lung Neuroendocrine Tumor	USE_6017	740	0.5835	0.0575	1.443	NCAM1	12			chr11	113103465	113160358	8	g	c	7	3	depmap_wgs
Lung Neuroendocrine Tumor	USE_13881	746	0.5837	0.0578	1.267	CELF4	127			chr18	37275662	37277483	1	g	A	1	1	depmap_wgs
Lung Neuroendocrine Tumor	USE_5665	755	0.5842	0.0587	1.283	TENM4	1094			chr11	80136220	80146558	9	g	c	5	3	depmap_wgs
Lung Neuroendocrine Tumor	USE_30240	756	0.5842	0.0588	1.55	CHD7	199			chr8	60965335	60980829	8	g	H	2	2	depmap_wgs
Lung Neuroendocrine Tumor	USE_5983	803	0.586	0.0624	1.326	POU2AF1	132			chr11	111268696	111274366	2	g	c	1	0	depmap_wgs
Lung Neuroendocrine Tumor	USE_13833	804	0.5861	0.0625	1.193	CCDC178	27			chr18	33211562	33221290	1	g	c	1	0	cmp_wes
Lung Neuroendocrine Tumor	USE_26732	809	0.5862	0.0627	1.024	BEND3	103			chr6	107183912	107203781	3	g	c	2	1	depmap_wgs
Lung Neuroendocrine Tumor	USE_13888	810	0.5863	0.0628	1.273	CELF4	345			chr18	37749142	37750605	1	g	A	1	1	depmap_wgs
Lung Neuroendocrine Tumor	USE_9792	821	0.5867	0.0639	1.156	DIO2	617			chr14	79673817	79676333	3	g	g	3	3	depmap_wgs
Lung Neuroendocrine Tumor	USE_131	824	0.5868	0.0641	1.199	SLC2A7	10			chr1	9022805	9026688	1	g	A	1	1	depmap_wgs
Lung Neuroendocrine Tumor	USE_15335	832	0.5874	0.065	5.612	MYCN	110			chr2	15832043	15833577	3	a	H	3	3	depmap_wgs
Lung Neuroendocrine Tumor	USE_6146	869	0.5887	0.068	1.119	GRIK4	138			chr11	120883795	120894747	3	g	c	3	2	depmap_wgs
Lung Neuroendocrine Tumor	USE_14137	874	0.5889	0.0683	1.407	BCL2	149			chr18	63068175	63075489	4	g	c	4	1	depmap_wgs
Lung Neuroendocrine Tumor	USE_31467	883	0.5891	0.0686	0.982	DMRT2	351			chr9	1403258	1406528	1	g	g	1	1	depmap_wgs
Lung Neuroendocrine Tumor	USE_15823	896	0.5894	0.0694	1.416	ASB3	251			chr2	53438983	53451547	1	g	H	1	1	depmap_wgs
Lung Neuroendocrine Tumor	USE_9474	898	0.5896	0.0697	1.285	TMEM260	39			chr14	56608223	56609538	3	g	g	2	2	depmap_wgs
Lung Neuroendocrine Tumor	USE_9790	918	0.59	0.0708	1.156	NRXN3	598			chr14	79610151	79625108	3	g	c	3	0	depmap_wgs
Lung Neuroendocrine Tumor	USE_15829	919	0.5901	0.0708	1.419	ASB3	122			chr2	53559486	53587826	5	g	c	5	1	depmap_wgs
Lung Neuroendocrine Tumor	USE_18759	925	0.5902	0.071	1.226	CDH26	708			chr20	60703366	60705088	2	g	A	2	2	depmap_wgs
Lung Neuroendocrine Tumor	USE_31407	933	0.5905	0.0718	1.523	LY6H	0			chr8	143157780	143160001	1	g	H	1	1	depmap_wgs
Lung Neuroendocrine Tumor	USE_13921	941	0.5907	0.0724	1.272	SETBP1	194			chr18	44679093	44681411	20	g	g	7	7	cmp_wes,depmap_wgs
Lung Neuroendocrine Tumor	USE_30845	955	0.5915	0.0742	1.67	TRHR	38			chr8	109132152	109153784	14	g	A	6	6	depmap_wgs
Lung Neuroendocrine Tumor	USE_31570	959	0.5916	0.0746	0.981	MPDZ	165			chr9	13357688	13358901	3	g	c	3	1	depmap_wgs
Lung Neuroendocrine Tumor	USE_13902	961	0.5916	0.0746	1.229	PIK3C3	640			chr18	41371437	41391470	6	g	c	3	2	cmp_wes,depmap_wgs
Lung Neuroendocrine Tumor	USE_5976	966	0.5917	0.0747	1.309	ARHGAP20	70			chr11	110710870	110721073	5	g	A	3	3	depmap_wgs
Lung Neuroendocrine Tumor	USE_653	970	0.5918	0.0749	2.046	PABPC4	9			chr1	39559124	39559786	1	a	H	1	1	depmap_wgs
Lung Neuroendocrine Tumor	USE_13922	971	0.5919	0.0753	1.276	SETBP1	151			chr18	44700914	44745416	36	g	c	5	2	depmap_wgs,input_inferred
Lung Neuroendocrine Tumor	USE_27200	972	0.5919	0.0754	1.021	STXBP5	151			chr6	147448588	147449862	1	g	g	1	1	depmap_wgs
Lung Neuroendocrine Tumor	USE_2341	974	0.592	0.0754	1.193	PLA2G4A	919			chr1	187827576	187829586	2	g	g	2	2	depmap_wgs
Lung Neuroendocrine Tumor	USE_13840	976	0.592	0.0755	1.236	NOL4	53			chr18	34085156	34098032	1	g	g	1	1	depmap_wgs
Lung Neuroendocrine Tumor	USE_8666	983	0.5924	0.0765	0.907	EDNRB	221			chr13	78151965	78162359	5	g	g	2	2	depmap_wgs
Lung Neuroendocrine Tumor	USE_31569	987	0.5925	0.0768	0.976	MPDZ	134			chr9	13322643	13332331	3	g	c	2	0	depmap_wgs
Lung Neuroendocrine Tumor	USE_31594	994	0.5928	0.0775	1.566	NFIB	188			chr9	14418268	14438852	8	g	H	3	3	depmap_wgs
Lung Neuroendocrine Tumor	USE_31555	1001	0.5931	0.0784	0.923	PTPRD	1310			chr9	10773643	10774952	1	g	g	1	1	depmap_wgs
Lung Neuroendocrine Tumor	USE_14072	1006	0.5932	0.0787	1.316	ATP8B1	132			chr18	57855687	57858140	4	g	g	1	1	depmap_wgs
Lung Neuroendocrine Tumor	USE_2253	1018	0.5935	0.0795	1.368	GLUL	31			chr1	182337753	182369258	8	g	c	8	2	depmap_wgs
Lung Neuroendocrine Tumor	USE_13599	1027	0.5937	0.08	1.166	PTPRM	17			chr18	7999526	8009192	1	g	c	1	0	depmap_wgs
Lung Neuroendocrine Tumor	USE_15828	1029	0.5937	0.0802	1.42	ASB3	156			chr2	53534352	53545811	2	g	c	2	1	depmap_wgs
Lung Neuroendocrine Tumor	USE_21791	1031	0.5938	0.0803	1.253	DNAJC19	187			chr3	181174072	181175212	1	g	A	1	1	depmap_wgs
Lung Neuroendocrine Tumor	USE_9794	1042	0.594	0.081	1.154	DIO2	540			chr14	79746959	79757917	1	g	c	1	0	depmap_wgs
Lung Neuroendocrine Tumor	USE_16734	1044	0.5941	0.0812	1.2	TMEM163	7			chr2	134593891	134595021	1	g	g	1	1	depmap_wgs
Lung Neuroendocrine Tumor	USE_24092	1070	0.5948	0.0833	1.211	HCN1	220			chr5	45695109	45697156	1	g	g	1	1	depmap_wgs
Lung Neuroendocrine Tumor	USE_6410	1073	0.5948	0.0837	1.713	CRACR2A	32			chr12	3711666	3723901	1	g	c	1	0	depmap_wgs
Lung Neuroendocrine Tumor	USE_21011	1077	0.595	0.0841	1.083	LSAMP	205			chr3	116264507	116266102	2	g	c	2	0	depmap_wgs
Lung Neuroendocrine Tumor	USE_14073	1081	0.5951	0.0843	1.311	ATP8B1	187			chr18	57901453	57922359	2	g	g	1	1	depmap_wgs
Lung Neuroendocrine Tumor	USE_13646	1085	0.5952	0.0846	1.074	PIEZO2	175			chr18	10725747	10740100	3	g	c	1	0	depmap_wgs
Lung Neuroendocrine Tumor	USE_14196	1091	0.5953	0.0851	1.255	CBLN2	792			chr18	71794311	71795987	1	g	g	1	1	depmap_wgs
Lung Neuroendocrine Tumor	USE_31152	1100	0.5956	0.0858	12.278	MYC	0			chr8	127715295	127761821	199	a	H	15	15	depmap_wgs
Lung Neuroendocrine Tumor	USE_9496	1101	0.5956	0.0859	1.211	CCDC198	25			chr14	57502793	57512206	1	g	c	1	0	depmap_wgs
Lung Neuroendocrine Tumor	USE_23834	1109	0.5959	0.0867	1.157	CDH12	525			chr5	21775995	21777167	1	g	g	1	1	depmap_wgs
Lung Neuroendocrine Tumor	USE_10068	1115	0.596	0.087	1.181	KIF26A	36			chr14	104189647	104202718	3	g	c	2	1	depmap_wgs
Lung Neuroendocrine Tumor	USE_26708	1116	0.596	0.0871	2.299	PRDM1	293			chr6	105757887	105758465	1	a	H	1	1	depmap_wgs
Lung Neuroendocrine Tumor	USE_13573	1121	0.5962	0.0876	1.137	TMEM200C	4			chr18	5890297	5896302	2	g	c	1	0	depmap_wgs
Lung Neuroendocrine Tumor	USE_573	1134	0.5965	0.0886	1.226	C1orf94	170			chr1	34362362	34363808	1	g	H	1	1	depmap_wgs
Lung Neuroendocrine Tumor	USE_8883	1143	0.5968	0.0899	1.065	SLC10A2	466			chr13	103517734	103525452	1	g	c	1	0	depmap_wgs
Lung Neuroendocrine Tumor	USE_15323	1144	0.5969	0.09	1.914	NBAS	233			chr2	15127384	15134593	1	g	H	1	1	depmap_wgs
Lung Neuroendocrine Tumor	USE_636	1147	0.5969	0.0903	1.281	POU3F1	69			chr1	38114080	38115931	1	g	g	1	1	depmap_wgs
Lung Neuroendocrine Tumor	USE_17387	1156	0.5973	0.0916	1.011	ICOS	198			chr2	204145629	204149745	1	g	c	1	0	depmap_wgs
Lung Neuroendocrine Tumor	USE_29252	1159	0.5974	0.0918	1.115	DGKI	121			chr7	137715715	137755738	10	g	c	7	0	depmap_wgs
Lung Neuroendocrine Tumor	USE_30583	1163	0.5976	0.0925	1.212	LRRC69	41			chr8	91197427	91205719	1	g	H	1	1	depmap_wgs
Lung Neuroendocrine Tumor	USE_5915	1166	0.5977	0.0929	1.256	GRIA4	185			chr11	105610396	105611286	1	g	H	1	1	depmap_wgs
Lung Neuroendocrine Tumor	USE_9014	1171	0.598	0.0939	1.153	MCF2L	20			chr13	112928777	113024657	53	g	c	13	1	cmp_wes,depmap_wgs,input_inferred
Lung Neuroendocrine Tumor	USE_8812	1175	0.5981	0.0943	1.061	SLC15A1	20			chr13	98697126	98698757	2	g	g	2	2	depmap_wgs
Lung Neuroendocrine Tumor	USE_17880	1185	0.5985	0.0959	1.15	SCRT2	32			chr20	674771	728444	17	g	c	4	2	depmap_wgs
Lung Neuroendocrine Tumor	USE_31571	1186	0.5986	0.096	0.981	MPDZ	190			chr9	13377296	13388861	3	g	c	3	0	depmap_wgs
Lung Neuroendocrine Tumor	USE_14009	1194	0.5988	0.097	1.258	MRO	13			chr18	50791202	50802104	2	g	c	2	1	depmap_wgs
Lung Neuroendocrine Tumor	USE_13572	1197	0.5989	0.0973	1.15	EPB41L3	120			chr18	5628398	5636049	1	g	c	1	0	depmap_wgs
Lung Neuroendocrine Tumor	USE_5929	1200	0.5989	0.0974	1.228	GUCY1A2	166			chr11	107006618	107019091	3	g	H	2	2	depmap_wgs
Lung Neuroendocrine Tumor	USE_9025	1201	0.5989	0.0975	1.118	ATP4B	4			chr13	113647045	113668836	5	g	c	2	1	cmp_wes,depmap_wgs
Lung Neuroendocrine Tumor	USE_18121	1222	0.5994	0.0994	1.26	PCSK2	291			chr20	17059145	17067893	1	g	c	1	0	depmap_wgs
Lung Neuroendocrine Tumor	USE_6131	1223	0.5995	0.0997	1.093	NECTIN1	189			chr11	119845155	119887163	6	g	c	2	1	depmap_wgs
Mature B-Cell Neoplasms	USE_14195	1944	0.6077	0.0399	1.069	CBLN2	1115			chr18	71470909	71473070	1	g	A	1	1	cmp_wes
Mature B-Cell Neoplasms	USE_13776	2163	0.6111	0.0483	1.154	TAF4B	105			chr18	26405750	26423340	3	g	c	2	0	input_inferred
Mature B-Cell Neoplasms	USE_14004	2341	0.6137	0.0566	1.21	CXXC1	15			chr18	50266161	50334957	209	g	c	49	15	cmp_wes,depmap_mc_wes,depmap_wgs,input_inferred
Mature B-Cell Neoplasms	USE_14154	2393	0.6144	0.0592	1.095	SERPINB8	330			chr18	64323426	64326499	1	g	g	1	1	input_inferred
Mature B-Cell Neoplasms	USE_14205	2399	0.6144	0.0594	1.07	NETO1	274			chr18	73072789	73086147	1	g	H	1	1	cmp_wes
Mature B-Cell Neoplasms	USE_14060	2599	0.6171	0.0703	1.189	BOD1L2	134			chr18	57003841	57024054	4	g	c	4	0	cmp_wes
Mature B-Cell Neoplasms	USE_15911	2610	0.6172	0.0708	1.244	XPO1	59			chr2	61424304	61472169	102	g	c	17	8	cmp_wes,depmap_wgs,input_inferred
Mature B-Cell Neoplasms	USE_30921	2643	0.6177	0.0731	1.187	RAD21	15			chr8	116843089	116846013	3	g	c	2	1	input_inferred
Mature B-Cell Neoplasms	USE_21988	2645	0.6177	0.0734	1.135	ATP13A4	64			chr3	193559272	193561219	1	g	g	1	1	depmap_wgs
Mature B-Cell Neoplasms	USE_29647	2648	0.6178	0.0737	1.08	CLDN23	6			chr8	8696602	8721496	5	g	c	4	3	cmp_wes,depmap_wgs,input_inferred
Mature B-Cell Neoplasms	USE_14045	2659	0.6179	0.0746	1.206	TCF4	139			chr18	55575725	55590325	26	g	c	16	8	cmp_wes,depmap_mc_wes,depmap_wgs,input_inferred
Mature B-Cell Neoplasms	USE_4796	2679	0.6181	0.0754	1.094	CD81	2			chr11	2358423	2420795	106	g	c	49	8	ccle_snp6,cmp_wes,depmap_mc_wes,depmap_wgs,input_inferred
Mature B-Cell Neoplasms	USE_14277	2687	0.6182	0.0758	1.073	NFATC1	106			chr18	79354676	79357973	1	g	c	1	0	depmap_wgs
Mature B-Cell Neoplasms	USE_29066	2693	0.6183	0.0762	1.16	TMEM229A	36			chr7	123994570	123996435	1	g	g	1	1	depmap_wgs
Mature B-Cell Neoplasms	USE_23347	2700	0.6184	0.0767	1.009	NAF1	291			chr4	162840875	162852230	3	g	c	3	1	cmp_wes
Mature B-Cell Neoplasms	USE_8710	2702	0.6184	0.0769	1.035	SLITRK6	422			chr13	85367388	85387501	4	g	c	4	2	depmap_wgs,input_inferred
Mature B-Cell Neoplasms	USE_13922	2716	0.6186	0.0779	1.187	SETBP1	151			chr18	44700914	44745416	36	g	c	13	4	cmp_wes,depmap_mc_wes,depmap_wgs
Mature B-Cell Neoplasms	USE_10099	2723	0.6187	0.0786	1.157	MTA1	7			chr14	105451165	105455046	1	g	H	1	1	depmap_wgs
Mature B-Cell Neoplasms	USE_1962	2736	0.6189	0.0793	1.338	FCRLB	2			chr1	161705173	161750390	143	g	c	68	10	ccle_snp6,cmp_wes,depmap_mc_wes,depmap_wgs,input_inferred
Mature B-Cell Neoplasms	USE_23035	2740	0.6189	0.0794	0.988	TNIP3	40			chr4	121137944	121140528	5	g	c	5	2	cmp_wes,depmap_wgs
Mature B-Cell Neoplasms	USE_13931	2763	0.6192	0.0813	1.158	SLC14A2	74			chr18	45361381	45386443	4	g	c	4	0	depmap_wgs
Mature B-Cell Neoplasms	USE_17126	2769	0.6192	0.0814	0.966	MTX2	271			chr2	176573963	176575865	1	g	g	1	1	input_inferred
Mature B-Cell Neoplasms	USE_29505	2795	0.6195	0.0831	1.172	RNF32	283			chr7	156374168	156377063	1	g	g	1	1	cmp_wes
Mature B-Cell Neoplasms	USE_13962	2798	0.6196	0.0836	1.158	SKOR2	9			chr18	47209613	47228741	1	g	c	1	0	cmp_wes
Mature B-Cell Neoplasms	USE_14076	2808	0.6197	0.0842	1.186	NEDD4L	125			chr18	58076900	58117092	25	g	c	15	1	cmp_wes,depmap_mc_wes,depmap_wgs,input_inferred
Mature B-Cell Neoplasms	USE_7283	2817	0.6198	0.0849	1.05	ATXN7L3B	592			chr12	73944520	73952782	1	g	A	1	1	depmap_wgs
Mature B-Cell Neoplasms	USE_29426	2818	0.6198	0.0849	1.245	ZNF775	19			chr7	150354717	150452364	1113	g	c	123	9	ccle_snp6,cmp_wes,depmap_mc_wes,depmap_wgs,input_inferred
Mature B-Cell Neoplasms	USE_23296	2819	0.6199	0.0851	1.014	GUCY1A1	62			chr4	155637431	155641470	8	g	u	5	3	cmp_wes,depmap_wgs
Mature B-Cell Neoplasms	USE_10069	2822	0.6199	0.0852	1.033	KIF26A	58			chr14	104217140	104219305	2	g	c	2	1	input_inferred
Mature B-Cell Neoplasms	USE_15903	2827	0.62	0.0858	1.207	REL	22			chr2	60867046	60900198	71	g	c	32	8	cmp_wes,depmap_mc_wes,depmap_wgs,input_inferred
Mature B-Cell Neoplasms	USE_28438	2832	0.62	0.0862	1.156	NSUN5	40			chr7	73261720	73269143	16	g	c	4	2	depmap_wgs,input_inferred
Mature B-Cell Neoplasms	USE_33341	2833	0.62	0.0862	0.837	IL13RA1	81			chrX	118674248	118684607	2	g	c	2	0	input_inferred
Mature B-Cell Neoplasms	USE_31454	2836	0.62	0.0864	1.002	DOCK8	131			chr9	463947	479946	4	g	g	2	2	input_inferred
Mature B-Cell Neoplasms	USE_14177	2839	0.6201	0.0865	1.088	CD226	61			chr18	69934825	69982085	13	g	c	6	2	cmp_wes,depmap_wgs
Mature B-Cell Neoplasms	USE_23294	2854	0.6203	0.0877	1.011	GUCY1A1	134			chr4	155563601	155571539	4	g	c	4	0	depmap_wgs
Mature B-Cell Neoplasms	USE_28411	2857	0.6203	0.0881	1.154	AUTS2	588			chr7	70778685	70789123	4	g	c	4	1	input_inferred
Mature B-Cell Neoplasms	USE_8333	2872	0.6205	0.0891	1.026	COG6	379			chr13	40077085	40129230	30	g	c	13	3	cmp_wes,depmap_wgs,input_inferred
Mature B-Cell Neoplasms	USE_4798	2875	0.6205	0.0894	1.075	TRPM5	32			chr11	2445433	2467968	8	g	c	8	1	depmap_wgs
Mature B-Cell Neoplasms	USE_9963	2883	0.6206	0.0902	1.023	PAPOLA	51			chr14	96566643	96604907	9	g	c	9	1	depmap_wgs,input_inferred
Mature B-Cell Neoplasms	USE_23165	2886	0.6207	0.0904	1.06	TBC1D9	31			chr4	140710581	140730114	4	g	c	2	0	cmp_wes
Mature B-Cell Neoplasms	USE_2293	2888	0.6207	0.0906	1.14	EDEM3	26			chr1	184742512	184756322	33	g	c	23	3	cmp_wes,depmap_wgs
Mature B-Cell Neoplasms	USE_8195	2899	0.621	0.0927	1.02	SLC7A1	74			chr13	29472099	29484941	2	g	c	2	1	cmp_wes
Mature B-Cell Neoplasms	USE_28925	2905	0.6211	0.0934	1.148	LRRN3	95			chr7	111001399	111024971	2	g	c	1	0	input_inferred
Mature B-Cell Neoplasms	USE_28633	2912	0.6213	0.0946	1.152	CLDN12	23			chr7	90424170	90426310	1	g	g	1	1	input_inferred
Mature B-Cell Neoplasms	USE_28474	2916	0.6213	0.0949	1.236	GTF2IRD2B	6			chr7	75124147	75130818	11	g	c	3	1	input_inferred
Mature B-Cell Neoplasms	USE_13805	2917	0.6213	0.0949	1.054	DSC3	28			chr18	30986367	30988761	1	g	c	1	0	input_inferred
Mature B-Cell Neoplasms	USE_13790	2926	0.6214	0.0956	1.096	CDH2	420			chr18	27599607	27669301	12	g	c	9	1	cmp_wes,depmap_mc_wes,input_inferred
Mature B-Cell Neoplasms	USE_14018	2928	0.6214	0.0958	1.165	MEX3C	470			chr18	51653986	51680613	14	g	c	7	4	ccle_snp6,cmp_wes
Mature B-Cell Neoplasms	USE_28882	2934	0.6215	0.0961	1.225	PIK3CG	28			chr7	106914483	106917008	1	g	c	1	0	cmp_wes
Mature B-Cell Neoplasms	USE_31646	2944	0.6215	0.0967	0.936	SH3GL2	12			chr9	17666541	17683673	1	g	c	1	0	input_inferred
Mature B-Cell Neoplasms	USE_8468	2946	0.6216	0.097	0.966	KCNRG	227			chr13	50222681	50268106	24	g	c	9	3	ccle_snp6,cmp_wes,depmap_wgs,input_inferred
Mature B-Cell Neoplasms	USE_33047	2949	0.6216	0.0974	0.809	MID1IP1	77			chrX	38869793	38892259	10	g	c	4	0	input_inferred
Mature B-Cell Neoplasms	USE_19437	2953	0.6217	0.0979	1.043	CABIN1	29			chr22	24059928	24070802	5	g	g	2	2	input_inferred
Mature B-Cell Neoplasms	USE_29029	2962	0.6218	0.0986	1.186	FAM3C	16			chr7	121371053	121407195	22	g	c	11	3	cmp_wes,depmap_wgs,input_inferred
Mature T and NK Neoplasms	USE_14870	117	0.5203	0.0485	1.398	TEX101	19			chr19	43389038	43392354	1	g	H	1	1	depmap_wgs
Mature T and NK Neoplasms	USE_25654	266	0.55	0.0838	1.31	FARS2	45			chr6	5497721	5500662	4	g	c	3	1	depmap_wgs
Mature T and NK Neoplasms	USE_9999	296	0.554	0.0911	1.24	EML1	91			chr14	99929767	99932616	1	g	g	1	1	depmap_wgs
Melanoma	USE_6782	705	0.5425	0.0289	1.248	IPO8	159			chr12	30497970	30507871	6	g	c	2	0	cmp_wes
Melanoma	USE_20643	954	0.5593	0.0428	1.548	MITF	72			chr3	69775074	69787533	7	g	c	7	3	cmp_wes
Melanoma	USE_20644	1049	0.5647	0.0487	1.547	MITF	56			chr3	69790637	69804985	2	g	c	2	0	input_inferred
Melanoma	USE_20583	1097	0.5672	0.0516	1.689	PSMD6	82			chr3	64088792	64110836	10	g	c	3	2	cmp_wes,depmap_wgs
Melanoma	USE_20686	1112	0.5679	0.0525	1.445	GXYLT2	51			chr3	72891280	72892312	1	g	A	1	1	cmp_wes
Melanoma	USE_20647	1129	0.5686	0.0535	1.545	MITF	28			chr3	69861113	69903908	8	g	c	6	2	cmp_wes,depmap_wgs,input_inferred
Melanoma	USE_20695	1199	0.5719	0.0582	1.478	PDZRN3	64			chr3	73426612	73452199	14	g	g	1	1	depmap_wgs
Melanoma	USE_20595	1414	0.5801	0.0727	1.693	ADAMTS9	405			chr3	64995497	65019459	8	g	A	1	1	depmap_wgs
Melanoma	USE_6585	1420	0.5802	0.073	1.115	SLC15A5	46			chr12	16271358	16287969	2	g	c	2	0	cmp_wes
Melanoma	USE_6633	1494	0.5825	0.0779	1.19	GOLT1B	11			chr12	21515181	21527887	2	g	H	2	2	cmp_wes
Melanoma	USE_1399	1642	0.5865	0.0881	1.196	VAV3	90			chr1	107656451	107699018	21	g	c	8	5	cmp_wes,depmap_wgs,input_inferred
Melanoma	USE_21092	1723	0.5887	0.0946	1.197	MYLK	55			chr3	123687970	123696017	4	g	c	2	0	depmap_wgs
Melanoma	USE_21397	1736	0.589	0.0955	1.246	CPA3	60			chr3	148931647	148952555	3	g	c	2	0	cmp_wes
Melanoma	USE_19746	1738	0.5891	0.0956	1.124	PACSIN2	25			chr22	42921577	42979400	79	g	c	21	2	cmp_wes,depmap_wgs,input_inferred
Melanoma	USE_1458	1759	0.5895	0.0972	1.201	CHIA	34			chr1	111266999	111274556	1	g	c	1	0	cmp_wes
Melanoma	USE_19838	1761	0.5896	0.0973	1.103	BRD1	341			chr22	49449500	49468442	5	g	c	3	1	cmp_wes
Melanoma	USE_20604	1772	0.5899	0.0983	1.66	MAGI1	262			chr3	65946052	65972178	36	g	c	3	0	cmp_wes
Melanoma	USE_29048	1776	0.59	0.0986	1.222	RNF148	67			chr7	122763256	122775842	2	g	c	2	0	cmp_wes
Melanoma	USE_17957	1781	0.5901	0.099	1.228	TMEM230	21			chr20	5046879	5090750	134	g	c	22	1	cmp_wes,depmap_wgs,input_inferred
Melanoma	USE_20585	1782	0.5901	0.099	1.692	PRICKLE2	51			chr3	64198436	64235955	19	g	c	5	2	cmp_wes,depmap_wgs
Melanoma	USE_17900	1786	0.5902	0.0992	1.223	SIRPA	28			chr20	1874822	1901992	23	g	c	3	0	depmap_wgs,input_inferred
Myeloproliferative Neoplasms	USE_19344	84	0.512	0.0804	1.586	C22orf39	2			chr22	19396616	19397760	2	g	H	2	2	depmap_wgs
Myeloproliferative Neoplasms	USE_33208	99	0.5194	0.0903	0.738	PJA1	100			chrX	69263076	69264894	1	g	a	1	0	depmap_wgs
Neuroblastoma	USE_15338	3	0.3054	0.0015	57.55	MYCN	182			chr2	16093597	16159045	49	a	c	41	40	depmap_wgs,input_inferred
Neuroblastoma	USE_15334	4	0.32	0.0015	56.621	MYCN	125			chr2	15810665	15826644	11	a	c	8	7	depmap_wgs,input_inferred
Neuroblastoma	USE_15336	6	0.3265	0.0015	57.67	MYCN	6			chr2	15841794	16059066	111	a	c	58	52	depmap_mc_wes,depmap_wgs,input_inferred
Neuroblastoma	USE_15333	7	0.3274	0.0015	56.6	MYCN	140			chr2	15795499	15810404	19	a	H	14	14	depmap_mc_wes,depmap_wgs
Neuroblastoma	USE_15337	13	0.3529	0.0015	57.523	MYCN	129			chr2	16067360	16079504	11	a	H	3	3	depmap_wgs,input_inferred
Neuroblastoma	USE_15321	46	0.4679	0.0052	8.071	LRATD1	334			chr2	14882250	15070593	21	a	c	17	9	depmap_mc_wes,depmap_wgs,input_inferred
Neuroblastoma	USE_15351	63	0.4803	0.0052	8.061	CYRIA	92			chr2	16700155	16701297	3	a	H	3	3	depmap_wgs,input_inferred
Neuroblastoma	USE_15328	92	0.496	0.0061	10.965	DDX1	98			chr2	15351405	15678022	39	a	c	27	17	depmap_mc_wes,depmap_wgs,input_inferred
Neuroblastoma	USE_15319	130	0.5085	0.0088	5.138	LRATD1	128			chr2	14735413	14805579	15	a	c	15	10	depmap_mc_wes,depmap_wgs,input_inferred
Neuroblastoma	USE_15346	132	0.5097	0.0088	7.714	CYRIA	99			chr2	16507625	16508723	5	a	H	5	5	depmap_wgs
Neuroblastoma	USE_15327	133	0.5099	0.0089	9.506	NBAS	15			chr2	15347767	15348755	1	a	H	1	1	input_inferred
Neuroblastoma	USE_15355	167	0.5179	0.0108	7.797	CYRIA	251			chr2	16843594	16874540	7	a	c	7	6	depmap_wgs,input_inferred
Neuroblastoma	USE_15317	168	0.5179	0.0108	5.036	LRATD1	11			chr2	14632161	14673780	15	a	c	13	8	depmap_mc_wes,depmap_wgs
Neuroblastoma	USE_15357	171	0.519	0.0111	7.674	CYRIA	320			chr2	16922666	16933564	4	a	H	4	4	depmap_wgs,input_inferred
Neuroblastoma	USE_16010	185	0.5215	0.0117	3.6	ETAA1	39			chr2	67354062	67375510	8	a	H	8	8	depmap_mc_wes,depmap_wgs
Neuroblastoma	USE_15360	238	0.531	0.0133	7.474	CYRIA	385			chr2	16988425	16999046	1	a	H	1	1	depmap_wgs
Neuroblastoma	USE_15361	257	0.5332	0.0136	7.549	CYRIA	436			chr2	17043961	17045500	1	a	H	1	1	depmap_wgs
Neuroblastoma	USE_15322	274	0.536	0.0143	7.783	NBAS	279			chr2	15071221	15097274	4	a	H	4	4	depmap_mc_wes,depmap_wgs
Neuroblastoma	USE_15994	276	0.5362	0.0143	2.691	MEIS1	207			chr2	66661283	66761351	20	a	c	13	4	depmap_mc_wes,depmap_wgs
Neuroblastoma	USE_15992	286	0.5376	0.0147	2.385	MEIS1	59			chr2	66542100	66583858	25	a	c	14	6	depmap_mc_wes,depmap_wgs
Neuroblastoma	USE_15552	288	0.538	0.0148	2.871	ALK	8			chr2	29547820	29549347	5	a	c	5	0	depmap_wgs
Neuroblastoma	USE_15347	293	0.5385	0.0149	7.714	CYRIA	74			chr2	16522133	16544772	3	a	H	3	3	depmap_wgs
Neuroblastoma	USE_15326	315	0.5414	0.0155	8.957	NBAS	93			chr2	15218423	15322146	20	a	H	17	17	depmap_mc_wes,depmap_wgs,input_inferred
Neuroblastoma	USE_15998	367	0.5473	0.0169	2.692	MEIS1	346			chr2	66848802	66850922	8	a	H	8	8	depmap_wgs
Neuroblastoma	USE_16008	377	0.5481	0.0171	3.596	ETAA1	148			chr2	67207732	67304654	23	a	c	13	7	cmp_wes,depmap_mc_wes,depmap_wgs
Neuroblastoma	USE_16001	386	0.5492	0.0173	2.694	MEIS1	438			chr2	66914103	66969372	12	a	c	12	3	depmap_mc_wes,depmap_wgs
Neuroblastoma	USE_15356	437	0.5543	0.0188	7.829	CYRIA	284			chr2	16882136	16901733	2	a	H	2	2	depmap_wgs,input_inferred
Neuroblastoma	USE_15999	440	0.5546	0.0189	2.692	MEIS1	368			chr2	66866446	66877010	15	a	c	13	8	depmap_mc_wes,depmap_wgs
Neuroblastoma	USE_15991	468	0.5568	0.0197	2.283	MEIS1	26			chr2	66522138	66537423	9	a	c	9	5	depmap_wgs
Neuroblastoma	USE_15354	474	0.5571	0.0198	8.014	CYRIA	155			chr2	16743658	16783107	10	a	H	2	2	depmap_wgs,input_inferred
Neuroblastoma	USE_15348	479	0.5577	0.0201	7.476	CYRIA	28			chr2	16566684	16592689	4	a	H	4	4	depmap_wgs
Neuroblastoma	USE_15320	481	0.5579	0.0201	5.567	LRATD1	208			chr2	14826637	14874691	9	a	c	8	7	depmap_mc_wes,depmap_wgs
Neuroblastoma	USE_15318	508	0.5601	0.0213	5.032	LRATD1	73			chr2	14709711	14720791	6	a	u	6	5	depmap_wgs
Neuroblastoma	USE_15288	514	0.5607	0.0217	2.431	LPIN1	484			chr2	12236106	12237376	1	a	H	1	1	depmap_wgs
Neuroblastoma	USE_15349	516	0.561	0.0218	8.003	CYRIA	31			chr2	16604098	16674881	53	a	c	11	10	depmap_wgs,input_inferred
Neuroblastoma	USE_15301	518	0.5611	0.0218	2.703	TRIB2	123			chr2	12605977	12607040	1	a	H	1	1	depmap_wgs
Neuroblastoma	USE_16004	538	0.563	0.0229	3.589	ETAA1	352			chr2	67036908	67068043	16	a	c	13	11	depmap_mc_wes,depmap_wgs
Neuroblastoma	USE_15364	544	0.5637	0.0232	1.55	RAD51AP2	341			chr2	17159984	17186150	4	g	u	3	0	depmap_wgs
Neuroblastoma	USE_15324	608	0.5689	0.0269	8.36	NBAS	211			chr2	15146560	15159231	5	a	H	5	5	depmap_wgs
Neuroblastoma	USE_15304	615	0.5693	0.0271	2.71	TRIB2	15			chr2	12740750	12750272	1	a	H	1	1	depmap_wgs
Neuroblastoma	USE_15365	621	0.57	0.0277	1.355	RAD51AP2	310			chr2	17203189	17204058	1	g	H	1	1	input_inferred
Neuroblastoma	USE_15995	626	0.5702	0.0277	2.688	MEIS1	267			chr2	66769280	66772317	5	a	c	5	4	depmap_wgs
Neuroblastoma	USE_15299	700	0.5742	0.0313	2.693	TRIB2	176			chr2	12549342	12557379	2	a	H	1	1	depmap_wgs
Neuroblastoma	USE_7114	707	0.5745	0.0316	1.361	SLC16A7	910			chr12	60602713	60604819	2	g	H	2	2	depmap_wgs
Neuroblastoma	USE_13011	721	0.5752	0.0323	1.394	KIF2B	574			chr17	53248672	53250150	1	g	A	1	1	depmap_wgs
Neuroblastoma	USE_16046	772	0.5782	0.0355	2.077	ANTXR1	15			chr2	69111612	69120550	6	a	c	6	5	depmap_wgs
Neuroblastoma	USE_21138	831	0.5817	0.04	1.096	CHCHD6	73			chr3	126758430	126758936	1	g	H	1	1	input_inferred
Neuroblastoma	USE_15273	834	0.5819	0.0402	1.456	GREB1	8			chr2	11553533	11555299	1	g	H	1	1	depmap_wgs
Neuroblastoma	USE_16039	845	0.5825	0.041	3.139	GKN2	23			chr2	68923534	68927062	3	a	H	3	3	depmap_mc_wes
Neuroblastoma	USE_16005	873	0.5838	0.0426	3.587	ETAA1	296			chr2	67107653	67108820	3	a	H	3	3	depmap_wgs
Neuroblastoma	USE_13433	894	0.5846	0.0437	1.47	ENPP7	121			chr17	79608031	79622917	10	g	c	9	2	depmap_mc_wes,depmap_wgs
Neuroblastoma	USE_16012	975	0.5879	0.0488	3.602	ETAA1	62			chr2	67454847	67478710	16	a	H	12	12	depmap_mc_wes,depmap_wgs
Neuroblastoma	USE_16007	980	0.5881	0.049	3.59	ETAA1	239			chr2	67160154	67170230	2	a	H	2	2	depmap_wgs
Neuroblastoma	USE_12972	991	0.5885	0.0498	1.526	DLX4	33			chr17	49931580	49945113	6	g	A	5	5	depmap_mc_wes,depmap_wgs
Neuroblastoma	USE_13094	1004	0.5893	0.0513	1.98	GDPD1	48			chr17	59288937	59304953	11	g	c	1	0	input_inferred
Neuroblastoma	USE_15297	1032	0.5909	0.0542	2.7	TRIB2	221			chr2	12500885	12515699	6	a	H	1	1	depmap_wgs
Neuroblastoma	USE_15993	1035	0.591	0.0545	2.689	MEIS1	128			chr2	66614850	66648719	11	a	H	11	11	depmap_mc_wes,depmap_wgs
Neuroblastoma	USE_15275	1068	0.5927	0.058	2.459	NTSR2	15			chr2	11679780	11680483	1	a	H	1	1	depmap_wgs
Neuroblastoma	USE_13012	1074	0.593	0.0586	1.405	KIF2B	361			chr17	53461936	53463418	1	g	A	1	1	depmap_wgs
Neuroblastoma	USE_15278	1076	0.593	0.0586	2.458	LPIN1	29			chr2	11778971	11785082	1	a	H	1	1	depmap_wgs
Neuroblastoma	USE_15300	1089	0.5934	0.0596	2.693	TRIB2	143			chr2	12583688	12588416	1	a	H	1	1	depmap_wgs
Neuroblastoma	USE_16043	1132	0.5949	0.063	2.071	GKN1	44			chr2	69012957	69031697	17	a	c	13	8	depmap_mc_wes,depmap_wgs
Neuroblastoma	USE_16011	1143	0.5952	0.0639	3.6	ETAA1	6			chr2	67388735	67407534	21	a	c	16	8	depmap_mc_wes,depmap_wgs
Neuroblastoma	USE_13085	1171	0.5961	0.0659	2.229	TRIM37	40			chr17	59004572	59004858	1	a	H	1	1	input_inferred
Neuroblastoma	USE_15325	1198	0.5973	0.0689	8.412	NBAS	188			chr2	15169132	15182289	5	a	H	3	3	depmap_wgs,input_inferred
Neuroblastoma	USE_13431	1212	0.5978	0.0703	1.561	RBFOX3	173			chr17	79518347	79529904	5	g	c	5	0	depmap_wgs
Neuroblastoma	USE_12872	1214	0.5978	0.0703	1.444	MPP2	11			chr17	43900140	43908128	15	g	c	11	9	cmp_wes,depmap_wgs
Neuroblastoma	USE_16006	1235	0.5986	0.0723	3.587	ETAA1	263			chr2	67134950	67147244	2	a	H	2	2	depmap_wgs
Neuroblastoma	USE_12983	1271	0.6	0.0763	1.585	SPATA20	16			chr17	50564716	50566567	1	g	g	1	1	depmap_wgs
Neuroblastoma	USE_13212	1288	0.6003	0.0771	1.528	APOH	151			chr17	66364003	66407580	23	g	g	4	4	cmp_wes,depmap_wgs
Neuroblastoma	USE_15988	1298	0.6005	0.0779	1.867	MEIS1	69			chr2	66421237	66447016	58	g	c	17	4	depmap_mc_wes,depmap_wgs,input_inferred
Neuroblastoma	USE_13340	1310	0.6009	0.0793	1.547	RPL38	62			chr17	74135544	74153860	7	g	c	5	3	depmap_wgs
Neuroblastoma	USE_13096	1315	0.601	0.0794	1.536	YPEL2	62			chr17	59406128	59452562	8	g	c	4	2	depmap_wgs,input_inferred
Neuroblastoma	USE_1992	1317	0.601	0.0795	1.33	RGS5	46			chr1	163167280	163173184	1	g	c	1	0	cmp_wes
Neuroblastoma	USE_13095	1327	0.6014	0.0806	1.927	YPEL2	4			chr17	59329844	59395100	40	g	c	13	7	cmp_wes,depmap_wgs,input_inferred
Neuroblastoma	USE_13336	1332	0.6014	0.0809	1.556	RPL38	187			chr17	74011607	74028317	2	g	c	2	0	depmap_wgs
Neuroblastoma	USE_13182	1339	0.6017	0.0818	1.507	TEX2	30			chr17	64165342	64184441	8	g	c	3	1	depmap_wgs,input_inferred
Neuroblastoma	USE_13093	1346	0.602	0.0829	1.981	GDPD1	33			chr17	59275197	59288717	2	g	H	1	1	input_inferred
Neuroblastoma	USE_15294	1347	0.6021	0.083	2.701	TRIB2	285			chr2	12430394	12457276	4	a	g	2	2	cmp_wes,depmap_wgs
Neuroblastoma	USE_13404	1352	0.6022	0.0837	1.608	TNRC6C	174			chr17	77818237	77899345	76	g	c	28	17	cmp_wes,depmap_wgs,input_inferred
Neuroblastoma	USE_2662	1356	0.6024	0.0841	1.33	ATF3	44			chr1	212628117	212646161	14	g	g	1	1	cmp_wes
Neuroblastoma	USE_15287	1372	0.6027	0.0851	2.433	LPIN1	422			chr2	12146614	12202956	33	a	c	2	1	cmp_wes,depmap_wgs
Neuroblastoma	USE_2717	1376	0.6028	0.0854	1.257	ESRRG	24			chr1	216841589	216848296	1	g	g	1	1	depmap_wgs
Neuroblastoma	USE_7112	1399	0.6032	0.0871	1.358	SLC16A7	470			chr12	60162663	60163933	1	g	H	1	1	depmap_wgs
Neuroblastoma	USE_23420	1402	0.6034	0.0879	1.155	FBXO8	348			chr4	173901732	173921472	2	g	A	1	1	depmap_wgs
Neuroblastoma	USE_2533	1410	0.6036	0.0884	1.343	CNTN2	14			chr1	205030431	205061717	9	g	c	8	1	depmap_wgs
Neuroblastoma	USE_13130	1417	0.6038	0.0892	1.526	TBX2	78			chr17	61311967	61339455	50	g	c	21	10	cmp_wes,depmap_wgs,input_inferred
Neuroblastoma	USE_3071	1420	0.604	0.09	1.24	FH	61			chr1	241446087	241448124	2	g	g	2	2	depmap_wgs
Neuroblastoma	USE_14334	1426	0.6041	0.0905	1.073	TLE6	8			chr19	2968743	2987960	21	g	c	12	0	cmp_wes,depmap_wgs,input_inferred
Neuroblastoma	USE_15996	1429	0.6041	0.0905	2.688	MEIS1	288			chr2	66789723	66795423	2	a	H	1	1	depmap_wgs
Neuroblastoma	USE_15298	1430	0.6041	0.0906	2.7	TRIB2	195			chr2	12533272	12535840	2	a	g	2	2	cmp_wes,depmap_wgs
Neuroblastoma	USE_2614	1434	0.6042	0.0909	1.246	UTP25	86			chr1	209919462	209938852	6	g	g	1	1	depmap_wgs
Neuroblastoma	USE_1829	1447	0.6044	0.092	1.36	NPR1	17			chr1	153696938	153710237	38	g	c	5	3	cmp_wes,depmap_wgs
Neuroblastoma	USE_15274	1451	0.6045	0.0922	1.456	GREB1	20			chr2	11582511	11584241	1	g	H	1	1	depmap_wgs
Neuroblastoma	USE_15198	1454	0.6045	0.0924	1.201	RNF144A	3			chr2	6975229	7018348	16	g	g	2	2	cmp_wes,depmap_wgs
Neuroblastoma	USE_2725	1462	0.6047	0.0933	1.259	RRP15	146			chr1	218164149	218165863	19	g	g	9	9	depmap_mc_wes,depmap_wgs
Neuroblastoma	USE_15550	1464	0.6048	0.0934	2.867	ALK	86			chr2	29463431	29477189	7	a	H	3	3	depmap_mc_wes
Neuroblastoma	USE_12901	1467	0.6048	0.0935	1.488	CRHR1	29			chr17	45775903	45785160	5	g	A	5	5	depmap_wgs
Neuroblastoma	USE_23480	1471	0.6049	0.094	1.047	TENM3	1479			chr4	180987434	181000107	1	g	g	1	1	cmp_wes
Neuroblastoma	USE_13425	1476	0.605	0.0944	1.554	ENGASE	133			chr17	79202512	79228255	7	g	c	7	3	depmap_wgs
Neuroblastoma	USE_1980	1477	0.605	0.0944	1.312	UAP1	48			chr1	162626869	162633646	16	g	c	4	2	cmp_wes,depmap_wgs
Neuroblastoma	USE_15990	1490	0.6053	0.0958	2.285	MEIS1	1			chr2	66495997	66508810	4	a	H	4	4	depmap_mc_wes,depmap_wgs
Neuroblastoma	USE_2681	1499	0.6055	0.0966	1.297	PROX1	112			chr1	214111472	214137653	2	g	c	2	0	depmap_wgs,input_inferred
Neuroblastoma	USE_23402	1502	0.6056	0.0971	0.952	GALNTL6	280			chr4	172143786	172149679	1	g	u	1	0	cmp_wes
Neuroblastoma	USE_22980	1505	0.6057	0.0978	1.044	NEUROG2	10			chr4	112509298	112541889	13	g	c	11	0	depmap_wgs
Neuroblastoma	USE_15472	1512	0.6058	0.0981	1.239	DNMT3A	2			chr2	25242191	25323320	59	g	c	15	8	cmp_wes,depmap_wgs
Neuroblastoma	USE_15110	1515	0.6059	0.0983	1.175	TMEM18	99			chr2	545216	596726	7	g	c	2	0	cmp_wes,depmap_wgs
Neuroblastoma	USE_7992	1517	0.6059	0.0983	1.118	SFSWAP	74			chr12	131680364	131682190	1	g	g	1	1	depmap_wgs
Non-Seminomatous Germ Cell Tumor	USE_6437	45	0.3756	0.0492	2.158	KCNA5	199			chr12	5244033	5246245	1	a	A	1	1	depmap_wgs
Non-Seminomatous Germ Cell Tumor	USE_6726	46	0.3774	0.0503	2.078	INTS13	134			chr12	26786478	26787803	1	a	A	1	1	depmap_wgs
Non-Seminomatous Germ Cell Tumor	USE_6417	63	0.4062	0.0682	1.997	PARP11	196			chr12	4024213	4032364	6	g	c	1	0	depmap_wgs
Non-Seminomatous Germ Cell Tumor	USE_457	71	0.4153	0.0749	1.787	TENT5B	55			chr1	27057643	27071132	8	g	c	2	1	depmap_wgs
Non-Seminomatous Germ Cell Tumor	USE_6445	79	0.4261	0.0838	2.031	ANO2	139			chr12	5873261	5883272	1	a	A	1	1	depmap_wgs
Non-Seminomatous Germ Cell Tumor	USE_2107	82	0.4318	0.089	1.376	FMO2	18			chr1	171210123	171224950	4	g	c	1	0	depmap_wgs
Non-Seminomatous Germ Cell Tumor	USE_1498	85	0.4347	0.0921	1.629	SYT6	39			chr1	114074744	114088514	3	g	c	1	0	depmap_wgs
Non-Seminomatous Germ Cell Tumor	USE_6482	89	0.439	0.0964	2.223	CLEC6A	14			chr12	8454104	8509352	1	a	c	1	0	depmap_wgs
Non-Seminomatous Germ Cell Tumor	USE_29819	92	0.4418	0.0992	1.022	PEBP4	8			chr8	22864292	22865906	1	g	g	1	1	depmap_wgs
Non-Small Cell Lung Cancer	USE_18182	6	0.5664	0.0138	1.182	RALGAPA2	79			chr20	20624356	20637212	1	g	H	1	1	cmp_wes
Non-Small Cell Lung Cancer	USE_23896	180	0.5963	0.0313	1.601	CDH6	657			chr5	30600582	30608099	2	g	g	2	2	cmp_wes
Non-Small Cell Lung Cancer	USE_9161	392	0.6044	0.046	1.29	PRKD1	8			chr14	29876829	29908974	18	g	c	3	0	depmap_wgs
Non-Small Cell Lung Cancer	USE_9274	410	0.605	0.0473	1.33	SLC25A21	104			chr14	36820609	36821739	2	g	H	2	2	depmap_wgs
Non-Small Cell Lung Cancer	USE_23826	423	0.6053	0.0478	1.543	CDH18	1125			chr5	21144794	21153440	1	g	g	1	1	depmap_wgs
Non-Small Cell Lung Cancer	USE_21711	427	0.6053	0.0479	1.216	TBL1XR1	976			chr3	176146446	176148413	1	g	A	1	1	cmp_wes
Non-Small Cell Lung Cancer	USE_23695	429	0.6053	0.048	1.542	TENT4A	411			chr5	7146045	7147935	1	g	g	1	1	depmap_wgs
Non-Small Cell Lung Cancer	USE_19372	461	0.606	0.0496	1.156	PI4KA	15			chr22	20798487	20800448	3	g	g	3	3	depmap_wgs
Non-Small Cell Lung Cancer	USE_23737	499	0.6069	0.052	1.536	CTNND2	291			chr5	11724234	11735651	8	g	H	1	1	cmp_wes
Non-Small Cell Lung Cancer	USE_31165	504	0.6069	0.0521	2.458	MYC	604			chr8	128343294	128344470	3	a	H	3	3	depmap_wgs
Non-Small Cell Lung Cancer	USE_27720	511	0.6071	0.0525	1.356	CRPPA	203			chr7	16083423	16098703	2	g	c	1	0	depmap_wgs
Non-Small Cell Lung Cancer	USE_31170	512	0.6071	0.0525	2.46	MYC	789			chr8	128499135	128557720	87	a	c	33	17	cmp_wes,depmap_mc_wes,depmap_wgs,input_inferred
Non-Small Cell Lung Cancer	USE_23865	526	0.6074	0.0535	1.478	CDH9	153			chr5	26845973	26848323	2	g	g	1	1	cmp_wes
Non-Small Cell Lung Cancer	USE_9249	553	0.6079	0.055	1.359	RALGAPA1	73			chr14	35746826	35748180	1	g	H	1	1	depmap_wgs
Non-Small Cell Lung Cancer	USE_9260	563	0.6082	0.0558	1.484	MBIP	46			chr14	36255504	36270122	1	g	c	1	0	cmp_wes
Non-Small Cell Lung Cancer	USE_15182	564	0.6083	0.0562	1.056	SOX11	437			chr2	6127972	6140607	1	g	c	1	0	cmp_wes
Non-Small Cell Lung Cancer	USE_1804	582	0.6086	0.0569	1.403	CELF3	24			chr1	151679351	151688464	6	g	g	4	4	cmp_wes,depmap_wgs
Non-Small Cell Lung Cancer	USE_23659	610	0.609	0.0584	1.437	IRX1	657			chr5	4254649	4256695	1	g	A	1	1	depmap_wgs
Non-Small Cell Lung Cancer	USE_9241	630	0.6094	0.0596	1.307	PRORP	39			chr14	35158909	35161563	5	g	u	3	1	depmap_wgs
Non-Small Cell Lung Cancer	USE_9203	633	0.6094	0.0597	1.238	AKAP6	159			chr14	32413599	32435161	10	g	c	4	2	cmp_wes,depmap_wgs,input_inferred
Non-Small Cell Lung Cancer	USE_24047	650	0.6097	0.0608	1.485	PLCXD3	118			chr5	41526035	41528380	1	g	A	1	1	depmap_wgs
Non-Small Cell Lung Cancer	USE_9175	670	0.61	0.0618	1.236	STRN3	8			chr14	30965187	30972771	14	g	c	5	4	cmp_wes,depmap_wgs
Non-Small Cell Lung Cancer	USE_23878	683	0.6104	0.0629	1.478	CDH9	1349			chr5	28345052	28356241	2	g	c	2	1	depmap_wgs
Non-Small Cell Lung Cancer	USE_23890	685	0.6104	0.0631	1.6	CDH6	1154			chr5	30098845	30114148	12	g	g	1	1	cmp_wes
Non-Small Cell Lung Cancer	USE_31225	705	0.6107	0.0643	1.388	KCNQ3	35			chr8	132258629	132271679	2	g	H	1	1	depmap_wgs
Non-Small Cell Lung Cancer	USE_5927	751	0.6112	0.0658	1.169	GUCY1A2	109			chr11	106949307	106962271	2	g	c	2	1	depmap_wgs
Non-Small Cell Lung Cancer	USE_24015	752	0.6112	0.0658	1.624	OSMR	23			chr5	38871328	38872918	1	g	A	1	1	depmap_wgs
Non-Small Cell Lung Cancer	USE_31120	765	0.6113	0.0663	1.671	LRATD2	132			chr8	126410247	126436016	80	g	c	15	11	cmp_wes,depmap_mc_wes,depmap_wgs
Non-Small Cell Lung Cancer	USE_31123	822	0.612	0.0686	1.67	LRATD2	57			chr8	126488494	126508177	21	g	c	3	1	cmp_wes,depmap_wgs
Non-Small Cell Lung Cancer	USE_27748	842	0.6123	0.0699	1.38	AHR	79			chr7	17205523	17215702	9	g	A	1	1	cmp_wes
Non-Small Cell Lung Cancer	USE_23871	875	0.6129	0.0724	1.478	CDH9	402			chr5	27402396	27404092	2	g	c	2	1	depmap_wgs
Non-Small Cell Lung Cancer	USE_23819	878	0.613	0.0725	1.543	CDH18	704			chr5	19314220	19323789	4	g	g	1	1	depmap_wgs
Non-Small Cell Lung Cancer	USE_23770	880	0.613	0.0726	1.624	ANKH	62			chr5	14849439	14851634	1	g	H	1	1	depmap_wgs
Non-Small Cell Lung Cancer	USE_6830	882	0.613	0.0726	1.324	SYT10	188			chr12	33581188	33610542	15	g	A	5	5	cmp_wes,depmap_wgs
Non-Small Cell Lung Cancer	USE_9216	928	0.6135	0.0749	1.239	NPAS3	239			chr14	33616200	33617892	1	g	g	1	1	cmp_wes
Non-Small Cell Lung Cancer	USE_1707	938	0.6136	0.0752	1.375	NBPF12	266			chr1	146692042	146709200	2	g	g	2	2	depmap_wgs
Non-Small Cell Lung Cancer	USE_23946	959	0.6139	0.0762	1.536	RAI14	244			chr5	34465713	34534208	30	g	c	12	7	cmp_wes,depmap_mc_wes,depmap_wgs
Non-Small Cell Lung Cancer	USE_23755	970	0.614	0.0766	1.643	DNAH5	157			chr5	14005343	14012495	20	g	c	5	3	cmp_wes,depmap_wgs
Non-Small Cell Lung Cancer	USE_23824	978	0.614	0.0767	1.544	CDH18	252			chr5	20265874	20287187	4	g	c	2	0	depmap_mc_wes
Non-Small Cell Lung Cancer	USE_23748	999	0.6143	0.078	1.642	DNAH5	278			chr5	13566404	13578516	9	g	c	3	2	depmap_wgs
Non-Small Cell Lung Cancer	USE_11173	1009	0.6144	0.0788	1.048	MCTP2	838			chr15	95195644	95197177	2	g	A	2	2	cmp_wes
Non-Small Cell Lung Cancer	USE_9223	1036	0.6148	0.0805	1.277	EGLN3	244			chr14	33937541	33960002	17	g	c	5	1	depmap_wgs,input_inferred
Non-Small Cell Lung Cancer	USE_12569	1038	0.6148	0.0806	1.098	ALDH3A1	8			chr17	19706340	19762711	105	g	c	34	7	cmp_wes,depmap_mc_wes,depmap_wgs
Non-Small Cell Lung Cancer	USE_1820	1045	0.615	0.0813	1.326	SPRR2D	4			chr1	153031312	153041962	2	g	c	2	1	depmap_wgs
Non-Small Cell Lung Cancer	USE_5951	1049	0.615	0.0814	1.256	EXPH5	91			chr11	108634464	108648473	6	g	g	1	1	depmap_wgs
Non-Small Cell Lung Cancer	USE_28277	1053	0.615	0.0817	1.929	SEC61G	71			chr7	54813021	54843120	42	g	c	7	4	cmp_wes,depmap_mc_wes,depmap_wgs
Non-Small Cell Lung Cancer	USE_23870	1062	0.6152	0.0824	1.478	CDH9	382			chr5	27377889	27388520	1	g	g	1	1	cmp_wes
Non-Small Cell Lung Cancer	USE_28998	1072	0.6153	0.083	1.367	ASZ1	45			chr7	117434942	117447004	2	g	H	1	1	depmap_wgs
Non-Small Cell Lung Cancer	USE_31169	1082	0.6154	0.0838	2.459	MYC	696			chr8	128424263	128446502	30	a	c	6	5	cmp_wes,depmap_mc_wes,depmap_wgs
Non-Small Cell Lung Cancer	USE_21930	1088	0.6155	0.084	1.338	TPRG1	232			chr3	189353112	189384236	20	g	c	5	2	cmp_wes,depmap_mc_wes,depmap_wgs
Non-Small Cell Lung Cancer	USE_31171	1089	0.6155	0.084	2.46	MYC	844			chr8	128576382	128591343	7	a	H	2	2	depmap_wgs
Non-Small Cell Lung Cancer	USE_733	1095	0.6155	0.0843	1.101	RNF220	24			chr1	44500598	44507255	1	g	c	1	0	depmap_wgs
Non-Small Cell Lung Cancer	USE_28204	1132	0.616	0.0864	1.334	TNS3	495			chr7	46932168	46933777	2	g	g	1	1	depmap_wgs
Non-Small Cell Lung Cancer	USE_5163	1139	0.616	0.0866	1.511	FJX1	52			chr11	35550236	35584166	24	g	c	7	4	depmap_mc_wes,depmap_wgs
Non-Small Cell Lung Cancer	USE_28673	1143	0.616	0.0868	1.247	CALCR	86			chr7	93579223	93592846	4	g	c	1	0	cmp_wes
Non-Small Cell Lung Cancer	USE_9159	1152	0.6161	0.0871	1.29	PRKD1	68			chr14	29801705	29830410	5	g	H	1	1	depmap_wgs
Non-Small Cell Lung Cancer	USE_31176	1157	0.6162	0.0874	2.461	MYC	920			chr8	128652167	128667171	8	a	c	4	3	cmp_wes,depmap_wgs,input_inferred
Non-Small Cell Lung Cancer	USE_31135	1162	0.6162	0.0876	2.082	POU5F1B	324			chr8	127029414	127063160	38	a	c	5	3	cmp_wes,depmap_wgs,input_inferred
Non-Small Cell Lung Cancer	USE_28650	1167	0.6163	0.0881	1.266	MTERF1	45			chr7	91826162	91837218	6	g	A	2	2	cmp_wes
Non-Small Cell Lung Cancer	USE_9278	1176	0.6163	0.0884	1.331	SLC25A21	124			chr14	37034130	37064421	2	g	c	1	0	depmap_wgs
Non-Small Cell Lung Cancer	USE_27976	1180	0.6164	0.0886	1.31	ITPRID1	92			chr7	31487164	31500712	5	g	g	2	2	cmp_wes,depmap_wgs
Non-Small Cell Lung Cancer	USE_24025	1182	0.6164	0.0887	1.651	DAB2	196			chr5	39600396	39626076	5	g	g	1	1	depmap_mc_wes
Non-Small Cell Lung Cancer	USE_9229	1187	0.6165	0.0891	1.277	SPTSSA	90			chr14	34325146	34389794	34	g	c	10	4	cmp_wes,depmap_wgs,input_inferred
Non-Small Cell Lung Cancer	USE_31158	1190	0.6165	0.0892	2.459	MYC	378			chr8	128024792	128210718	449	a	c	80	22	cmp_wes,depmap_mc_wes,depmap_wgs,input_inferred
Non-Small Cell Lung Cancer	USE_1892	1194	0.6165	0.0894	1.222	FCRL5	173			chr1	157358764	157360687	1	g	g	1	1	cmp_wes
Non-Small Cell Lung Cancer	USE_9195	1200	0.6166	0.0898	1.236	ARHGAP5	14			chr14	32128636	32135736	4	g	H	2	2	depmap_wgs
Non-Small Cell Lung Cancer	USE_2349	1234	0.6169	0.0916	1.083	BRINP3	1376			chr1	188907162	188915462	2	g	g	2	2	depmap_wgs
Non-Small Cell Lung Cancer	USE_5820	1238	0.6169	0.0917	1.164	MTMR2	115			chr11	95976765	96001019	10	g	c	3	2	depmap_mc_wes,depmap_wgs
Non-Small Cell Lung Cancer	USE_17975	1242	0.6169	0.0918	1.08	MCM8	3			chr20	5969624	5972006	1	g	A	1	1	depmap_wgs
Non-Small Cell Lung Cancer	USE_9150	1249	0.617	0.0924	1.092	FOXG1	193			chr14	28571342	28579340	7	g	u	5	3	cmp_wes,depmap_wgs
Non-Small Cell Lung Cancer	USE_27680	1259	0.6172	0.0934	1.281	THSD7A	230			chr7	11830792	11832420	1	g	g	1	1	depmap_mc_wes
Non-Small Cell Lung Cancer	USE_22025	1265	0.6173	0.0939	1.311	MUC20	26			chr3	195687832	195722122	57	g	c	13	5	cmp_wes,depmap_mc_wes,depmap_wgs
Non-Small Cell Lung Cancer	USE_23749	1266	0.6173	0.0939	1.642	DNAH5	259			chr5	13590916	13591652	1	g	A	1	1	depmap_wgs
Non-Small Cell Lung Cancer	USE_5908	1288	0.6174	0.0945	1.148	CASP4	6			chr11	104956861	104969325	7	g	c	5	0	cmp_wes,depmap_wgs,input_inferred
Non-Small Cell Lung Cancer	USE_23898	1291	0.6174	0.0946	1.6	CDH6	207			chr5	31052924	31054422	1	g	A	1	1	depmap_wgs
Non-Small Cell Lung Cancer	USE_1825	1300	0.6174	0.0949	1.488	S100A9	4			chr1	153336506	153391624	42	g	c	8	3	cmp_wes,depmap_wgs
Non-Small Cell Lung Cancer	USE_21578	1301	0.6175	0.095	1.157	SI	499			chr3	164524725	164534331	1	g	A	1	1	cmp_wes
Non-Small Cell Lung Cancer	USE_27714	1302	0.6175	0.095	1.318	AGMO	213			chr7	15167189	15168804	1	g	g	1	1	cmp_wes
Non-Small Cell Lung Cancer	USE_9694	1306	0.6175	0.0952	1.14	RGS6	221			chr14	72022839	72033968	1	g	g	1	1	depmap_wgs
Non-Small Cell Lung Cancer	USE_5979	1312	0.6176	0.0958	1.085	ARHGAP20	268			chr11	110907202	110919912	2	g	c	2	0	cmp_wes,depmap_wgs
Non-Small Cell Lung Cancer	USE_22224	1318	0.6176	0.0959	0.961	HS3ST1	308			chr4	11690999	11749218	22	g	c	3	1	cmp_wes,depmap_mc_wes,depmap_wgs
Non-Small Cell Lung Cancer	USE_21006	1354	0.6179	0.098	1.001	GAP43	171			chr3	115842711	115844402	1	g	g	1	1	cmp_wes
Non-Small Cell Lung Cancer	USE_21209	1358	0.618	0.0982	1.091	CPNE4	5			chr3	131903479	131904798	2	g	g	2	2	cmp_wes
Non-Small Cell Lung Cancer	USE_9268	1362	0.618	0.0983	1.273	NKX2-8	11			chr14	36581319	36604756	2	g	c	1	0	depmap_wgs
Non-Small Cell Lung Cancer	USE_15140	1369	0.618	0.0986	1.107	MYT1L	404			chr2	2463730	2465755	3	g	c	1	0	cmp_wes
Non-Small Cell Lung Cancer	USE_6856	1384	0.6182	0.0995	1.119	CNTN1	155			chr12	40717620	40735983	10	g	c	8	0	depmap_wgs
Non-Small Cell Lung Cancer	USE_6238	1385	0.6182	0.0996	1.106	ETS1	376			chr11	128134612	128158120	6	g	c	1	0	depmap_wgs
Ocular Melanoma	USE_30386	4	0.3655	0.0486	2.063	SBSPON	57			chr8	73151487	73152809	1	a	A	1	1	depmap_mc_wes
Ocular Melanoma	USE_29711	16	0.4011	0.0703	2.088	LONRF1	76			chr8	12810464	12819958	6	a	c	3	2	depmap_mc_wes,depmap_wgs
Ocular Melanoma	USE_30685	21	0.408	0.0754	2.252	KCNS2	47			chr8	98381554	98383268	1	a	g	1	1	depmap_wgs
Osteosarcoma	USE_7442	1	0.3386	0.0058	3.019	KERA	0			chr12	91053453	91056837	2	a	H	2	2	depmap_wgs
Osteosarcoma	USE_30924	28	0.5234	0.0611	2.381	SLC30A8	26			chr8	117033710	117040993	2	a	H	2	2	depmap_wgs
Osteosarcoma	USE_9418	33	0.5256	0.0636	1.306	DDHD1	289			chr14	53382816	53386922	1	g	g	1	1	depmap_wgs
Osteosarcoma	USE_1587	36	0.5298	0.0686	1.962	TBX15	56			chr1	118973124	119012359	20	g	c	3	0	cmp_wes,depmap_wgs
Osteosarcoma	USE_30334	41	0.5324	0.0719	1.35	SULF1	295			chr8	69267250	69268920	1	g	A	1	1	depmap_wgs
Osteosarcoma	USE_22527	48	0.5369	0.0781	1.531	FIP1L1	112			chr4	53306234	53308026	2	g	H	2	2	depmap_wgs
Osteosarcoma	USE_31332	58	0.5418	0.0856	2.159	COL22A1	227			chr8	138974978	138982853	2	a	H	2	2	depmap_wgs
Osteosarcoma	USE_31584	63	0.545	0.0909	2.644	NFIB	424			chr9	13809757	13822680	4	a	H	2	2	depmap_wgs
Osteosarcoma	USE_22547	64	0.5458	0.0925	1.71	GSX2	58			chr4	54152093	54166440	16	g	c	2	0	depmap_wgs
Osteosarcoma	USE_31601	65	0.547	0.0946	2.162	ZDHHC21	6			chr9	14644939	14646696	1	a	H	1	1	depmap_wgs
Osteosarcoma	USE_1894	69	0.5483	0.0973	1.165	FCRL5	50			chr1	157477099	157486954	2	g	g	2	2	depmap_wgs
Ovarian Epithelial Tumor	USE_6660	33	0.5651	0.0396	1.979	SOX5	301			chr12	23727684	23761591	1	g	c	1	0	depmap_wgs
Ovarian Epithelial Tumor	USE_6683	43	0.5726	0.0482	1.996	IRAG2	80			chr12	24969603	24981474	2	g	H	2	2	depmap_wgs
Ovarian Epithelial Tumor	USE_6656	45	0.5756	0.0523	1.979	ETNK1	483			chr12	23140180	23142113	2	g	H	2	2	depmap_wgs
Ovarian Epithelial Tumor	USE_31301	47	0.5771	0.0547	1.498	KHDRBS3	739			chr8	136295817	136297009	1	g	A	1	1	depmap_mc_wes
Ovarian Epithelial Tumor	USE_30819	60	0.5814	0.0622	1.375	ANGPT1	246			chr8	107122855	107132584	3	g	c	3	0	depmap_mc_wes,depmap_wgs
Ovarian Epithelial Tumor	USE_6666	67	0.5826	0.0644	1.979	SOX5	152			chr12	24197150	24199174	1	g	H	1	1	depmap_wgs
Ovarian Epithelial Tumor	USE_6669	84	0.5864	0.0724	1.979	SOX5	311			chr12	24352701	24362805	2	g	H	1	1	depmap_wgs
Ovarian Epithelial Tumor	USE_31040	103	0.5894	0.0794	1.504	DERL1	35			chr8	122987670	122995992	7	g	c	1	0	cmp_wes
Ovarian Epithelial Tumor	USE_20910	108	0.5906	0.0826	1.171	CD47	85			chr3	107956874	108007230	29	g	c	7	2	depmap_wgs
Ovarian Epithelial Tumor	USE_15025	114	0.5913	0.0847	1.256	NLRP12	38			chr19	53770389	53771315	1	g	H	1	1	depmap_wgs
Ovarian Epithelial Tumor	USE_31167	126	0.593	0.0899	1.613	MYC	640			chr8	128369234	128389919	7	g	g	3	3	cmp_wes,depmap_wgs
Ovarian Epithelial Tumor	USE_30973	145	0.5948	0.0959	1.428	DEPTOR	110			chr8	120060207	120084613	21	g	g	1	1	depmap_wgs
Ovarian Epithelial Tumor	USE_31364	146	0.595	0.0965	1.542	PTK2	6			chr8	140834069	140839461	1	g	c	1	0	depmap_wgs
Ovarian Epithelial Tumor	USE_23895	149	0.5958	0.0997	1.127	CDH6	739			chr5	30521722	30522874	1	g	A	1	1	depmap_wgs
Pancreatic Adenocarcinoma	USE_31662	128	0.5885	0.068	0.926	RPS6	25			chr9	19397462	19409667	6	g	c	3	0	cmp_wes,depmap_wgs
Pancreatic Adenocarcinoma	USE_6241	219	0.5944	0.0824	1.29	ETS1	308			chr11	128207191	128222397	36	g	c	6	2	cmp_wes,depmap_wgs
Pancreatic Adenocarcinoma	USE_6256	226	0.5945	0.0828	1.29	ARHGAP32	60			chr11	129061185	129062480	1	g	g	1	1	depmap_wgs
Pancreatic Adenocarcinoma	USE_6000	239	0.5948	0.0838	1.247	SDHD	19			chr11	112113687	112132456	7	g	g	2	2	cmp_wes,depmap_wgs
Pancreatic Adenocarcinoma	USE_6261	249	0.5952	0.0849	1.306	BARX2	38			chr11	129364245	129387518	11	g	c	2	0	cmp_wes,depmap_wgs
Pancreatic Adenocarcinoma	USE_33337	292	0.5974	0.0923	0.818	AGTR2	103			chrX	116271512	116281962	7	g	c	2	0	cmp_wes
Pancreatic Adenocarcinoma	USE_6239	300	0.5977	0.0933	1.29	ETS1	346			chr11	128171244	128181715	9	g	c	4	3	depmap_wgs
Pancreatic Adenocarcinoma	USE_6268	308	0.5979	0.0942	1.215	TMEM45B	4			chr11	129801187	129866308	134	g	c	18	4	cmp_wes,depmap_wgs
Pancreatic Adenocarcinoma	USE_6714	336	0.5986	0.0969	1.661	SSPN	30			chr12	26226130	26256269	48	g	c	5	1	cmp_wes
Pancreatic Adenocarcinoma	USE_48	339	0.5989	0.0979	1.24	PRDM16	31			chr1	3218832	3226603	2	g	H	1	1	depmap_wgs
Pancreatic Adenocarcinoma	USE_18547	348	0.5993	0.0992	1.41	SULF2	258			chr20	47960635	47998997	74	g	c	5	1	cmp_wes,depmap_wgs
Prostate Adenocarcinoma	USE_33201	88	0.5329	0.0656	2.796	AR	148			chrX	67780329	67790390	11	a	H	10	10	cmp_wes
Prostate Adenocarcinoma	USE_8970	105	0.538	0.0716	1.329	NAXD	30			chr13	110597002	110598100	3	g	H	3	3	cmp_wes
Prostate Adenocarcinoma	USE_8955	118	0.5406	0.0751	1.323	IRS2	215			chr13	109984411	109986111	3	g	H	3	3	cmp_wes
Prostate Adenocarcinoma	USE_8967	128	0.5421	0.077	1.328	RAB20	0			chr13	110540803	110542592	7	g	H	7	7	cmp_wes
Prostate Adenocarcinoma	USE_3700	132	0.5429	0.0781	1.248	ZNF248	27			chr10	37788807	37790703	1	g	H	1	1	depmap_wgs
Prostate Adenocarcinoma	USE_12728	159	0.5498	0.0888	1.053	TMEM132E	65			chr17	34674201	34675404	1	g	g	1	1	cmp_wes
Prostate Adenocarcinoma	USE_7826	174	0.5539	0.0965	1.158	SUDS3	181			chr12	118567285	118589787	5	g	c	5	2	depmap_wgs
Prostate Adenocarcinoma	USE_33198	177	0.5547	0.0981	2.796	AR	61			chrX	67697736	67700587	3	a	H	2	2	cmp_wes
Renal Cell Carcinoma	USE_3325	343	0.556	0.063	1.156	GATA3	344			chr10	8404166	8405448	2	g	g	2	2	cmp_wes
Renal Cell Carcinoma	USE_12069	407	0.5607	0.0697	1.251	NUDT7	171			chr16	77556062	77565121	1	g	g	1	1	depmap_wgs
Renal Cell Carcinoma	USE_3487	455	0.5636	0.0745	1.225	ARMC3	162			chr10	22815843	22825872	51	g	c	15	4	cmp_wes,depmap_wgs
Renal Cell Carcinoma	USE_29021	483	0.5652	0.0771	1.397	CPED1	61			chr7	121076621	121085728	6	g	g	2	2	cmp_wes,depmap_wgs
Renal Cell Carcinoma	USE_12064	485	0.5653	0.0772	1.256	ADAMTS18	42			chr16	77288627	77308863	23	g	c	6	2	cmp_wes,depmap_wgs
Renal Cell Carcinoma	USE_29006	522	0.567	0.0806	1.384	LSM8	136			chr7	118056719	118058962	1	g	g	1	1	depmap_wgs
Renal Cell Carcinoma	USE_3397	557	0.568	0.0826	1.191	FRMD4A	86			chr10	13938924	13993698	32	g	c	13	3	cmp_wes,depmap_wgs
Renal Cell Carcinoma	USE_3376	608	0.5698	0.0864	1.159	CDC123	183			chr10	12399969	12413083	7	g	g	1	1	depmap_wgs
Renal Cell Carcinoma	USE_12044	632	0.5707	0.0881	1.239	CFDP1	43			chr16	75319245	75320923	4	g	g	1	1	cmp_wes
Renal Cell Carcinoma	USE_11347	675	0.5719	0.091	1.079	RBFOX1	356			chr16	6827984	6837650	3	g	c	2	0	depmap_wgs
Renal Cell Carcinoma	USE_3233	707	0.5731	0.0938	1.213	KLF6	248			chr10	3524147	3539754	8	g	c	4	3	cmp_wes,depmap_wgs
Renal Cell Carcinoma	USE_29161	716	0.5732	0.0943	1.357	MKLN1	69			chr7	131218706	131249679	105	g	c	25	3	cmp_wes,depmap_wgs
Renal Cell Carcinoma	USE_29085	742	0.574	0.0961	1.324	GRM8	437			chr7	126405496	126411890	1	g	g	1	1	cmp_wes
Renal Cell Carcinoma	USE_12204	748	0.5743	0.0967	1.108	C16orf95	201			chr16	86990877	87007463	6	g	c	2	0	depmap_wgs
Renal Cell Carcinoma	USE_3963	749	0.5743	0.0967	1.092	CTNNA3	24			chr10	66783000	66844788	14	g	c	3	0	depmap_wgs
Renal Cell Carcinoma	USE_29211	750	0.5743	0.0967	1.354	AKR1B15	1			chr7	134562278	134564101	11	g	c	4	2	cmp_wes,depmap_wgs
Renal Cell Carcinoma	USE_28992	770	0.5746	0.0977	1.407	ST7	35			chr7	117110800	117143824	31	g	c	13	10	cmp_wes,depmap_wgs
Renal Cell Carcinoma	USE_30788	786	0.5751	0.0987	1.327	LRP12	118			chr8	104642364	104673118	6	g	A	1	1	cmp_wes
Renal Cell Carcinoma	USE_28194	803	0.5753	0.0995	1.348	IGFBP3	630			chr7	46512273	46581877	71	g	c	20	3	cmp_wes,depmap_wgs
Rhabdomyosarcoma	USE_11157	173	0.5102	0.0581	1.442	RGMA	524			chr15	93584563	93588058	1	g	H	1	1	depmap_wgs
Rhabdomyosarcoma	USE_21276	217	0.5193	0.0676	1.164	IL20RB	314			chr3	137292639	137294189	1	g	c	1	0	depmap_wgs
Rhabdomyosarcoma	USE_20752	221	0.52	0.0685	1.361	VGLL3	75			chr3	86845448	86871635	4	g	c	4	2	depmap_wgs
Rhabdomyosarcoma	USE_20741	247	0.5239	0.0729	1.116	CADM2	945			chr3	84567960	84574477	3	g	A	3	3	depmap_wgs
Rhabdomyosarcoma	USE_15130	251	0.5248	0.0741	1.31	PXDN	6			chr2	1675077	1688474	18	g	c	12	9	depmap_wgs
Rhabdomyosarcoma	USE_18757	269	0.5267	0.0765	1.559	CDH26	538			chr20	60527192	60542580	8	g	c	8	2	depmap_wgs
Rhabdomyosarcoma	USE_11177	283	0.5285	0.079	1.144	NR2F2	488			chr15	95842207	95846272	7	g	c	5	3	depmap_wgs
Rhabdomyosarcoma	USE_21264	288	0.5293	0.0799	1.215	STAG1	13			chr3	136551671	136562976	2	g	A	2	2	depmap_wgs
Rhabdomyosarcoma	USE_18557	292	0.5304	0.0815	1.616	PREX1	237			chr20	48485799	48490715	3	g	c	2	1	depmap_wgs
Rhabdomyosarcoma	USE_8254	296	0.5308	0.082	1.237	STARD13	99			chr13	33323050	33330005	3	g	c	3	2	depmap_wgs
Rhabdomyosarcoma	USE_18310	303	0.5319	0.0838	1.619	DNMT3B	8			chr20	32791788	32797824	6	g	A	3	3	depmap_wgs
Rhabdomyosarcoma	USE_28597	336	0.5374	0.0927	1.394	SEMA3D	345			chr7	84743428	84749009	1	g	g	1	1	cmp_wes
Rhabdomyosarcoma	USE_18284	344	0.5386	0.0947	1.587	DEFB115	839			chr20	30418481	30420647	2	g	g	2	2	depmap_wgs
Rhabdomyosarcoma	USE_28799	345	0.5389	0.0951	1.661	COL26A1	50			chr7	101485698	101536995	6	g	g	2	2	cmp_wes,input_inferred
Rhabdomyosarcoma	USE_31852	356	0.5394	0.0961	1.169	FOXD4L6	33			chr9	41160734	41162290	1	g	g	1	1	depmap_wgs
Rhabdomyosarcoma	USE_14665	362	0.5402	0.0976	1.263	ZNF536	185			chr19	30648655	30663713	6	g	c	4	3	depmap_wgs
Rhabdomyosarcoma	USE_15382	365	0.5407	0.0983	1.292	KCNS3	41			chr2	18153359	18168623	5	g	c	5	2	depmap_wgs
T-Lymphoblastic Leukemia/Lymphoma	USE_29788	1119	0.5948	0.0884	1.062	ATP6V1B2	15			chr8	20211601	20244160	28	g	c	9	1	cmp_wes,depmap_wgs
T-Lymphoblastic Leukemia/Lymphoma	USE_29587	1196	0.5979	0.0992	1.062	MYOM2	10			chr8	2075202	2114273	27	g	c	6	1	cmp_wes,depmap_wgs,input_inferred
T-Lymphoblastic Leukemia/Lymphoma	USE_8122	1197	0.598	0.0998	0.984	ATP12A	80			chr13	24606130	24626134	5	g	c	3	0	depmap_mc_wes,depmap_wgs
