group	se	rank	jsd	fdr	cn_mean	gene	dist_kb	chrom	start	end
AML with Myelodysplasia-Related Changes	USE_43361	1	0.4241	0.0845	1.254	GSDMC	101	chr8	129664859	129667584
AML with Myelodysplasia-Related Changes	USE_43354	2	0.4912	0.0979	1.094	GSDMC	219	chr8	129546447	129548419
AML with Myelodysplasia-Related Changes	USE_27430	3	0.5244	0.1388	1.036	KRTAP10-1	35	chr21	44502782	44504753
AML with Myelodysplasia-Related Changes	USE_38438	4	0.5317	0.1525	1.047	UNCX	1	chr7	1235458	1237016
AML with Myelodysplasia-Related Changes	USE_43355	5	0.5342	0.1581	1.24	GSDMC	185	chr8	129581607	129583044
AML with Myelodysplasia-Related Changes	USE_5323	6	0.5424	0.178	1.059	MSMB	38	chr10	46078100	46080739
AML with Myelodysplasia-Related Changes	USE_20862	7	0.5447	0.1844	1.13	CEBPA	33	chr19	33267299	33268581
AML with Myelodysplasia-Related Changes	USE_7897	8	0.5492	0.1977	1.033	P2RY2	25	chr11	73204418	73206247
AML with Myelodysplasia-Related Changes	USE_14106	9	0.5513	0.2037	1.079	TMEM121	370	chr14	105898071	105900536
AML with Myelodysplasia-Related Changes	USE_5274	10	0.5549	0.2155	0.988	RET	130	chr10	42972700	42974623
AML with Myelodysplasia-Related Changes	USE_43353	11	0.5603	0.2345	1.192	GSDMC	206	chr8	129527999	129594605
AML with Myelodysplasia-Related Changes	USE_11680	12	0.5608	0.2358	0.97	FRY	43	chr13	32115365	32117879
AML, NOS	USE_34440	1	0.3812	0.0845	0.461	MEF2C	238	chr5	89043168	89054978
AML, NOS	USE_35781	2	0.4005	0.0845	1.087	IRF4	67	chr6	468901	469667
AML, NOS	USE_41116	3	0.4019	0.0845	0.703	DNAJB6	85	chr7	157461169	157461708
AML, NOS	USE_45682	4	0.4021	0.0845	0.867	CRLF2	43	chrX	1151449	1160939
AML, NOS	USE_45697	5	0.4074	0.0845	0.867	ASMT	52	chrX	1681426	1682365
AML, NOS	USE_6614	6	0.4134	0.0845	0.997	GLRX3	199	chr10	130360096	130360782
AML, NOS	USE_33436	7	0.4205	0.0845	1.091	CTNND2	378	chr5	11816662	11817540
AML, NOS	USE_45508	8	0.4231	0.0845	0.871	ADAMTSL2	10	chr9	133563787	133564811
AML, NOS	USE_6898	9	0.4345	0.0845	0.879	CSNK2A3	105	chr11	11246402	11247079
AML, NOS	USE_21590	10	0.4647	0.0845	0.866	SNTG2	62	chr2	1221321	1222178
AML, NOS	USE_21470	11	0.4727	0.0847	1.341	TTYH1	14	chr19	54411001	54411532
AML, NOS	USE_3787	12	0.4764	0.0847	0.807	CR1	57	chr1	207625944	207626922
AML, NOS	USE_15399	13	0.4786	0.0847	0.945	KLHL25	119	chr15	85896208	85897471
Activated B-cell Type	USE_33867	1	0.4308	0.0845	0.906	HCN1	82	chr5	45551698	45565130
Activated B-cell Type	USE_19906	2	0.4383	0.0845	1.911	TCF4	162	chr18	55604321	55607816
Activated B-cell Type	USE_31877	3	0.4639	0.0845	1.037	PHOX2B	8	chr4	41754348	41756216
Activated B-cell Type	USE_26168	4	0.4657	0.0845	1.194	DHX35	829	chr20	39828473	39831597
Activated B-cell Type	USE_20136	5	0.4788	0.0845	1.294	TSHZ1	67	chr18	75316943	75318507
Activated B-cell Type	USE_19876	6	0.4821	0.0845	1.454	MEX3C	804	chr18	51999851	52002901
Activated B-cell Type	USE_40386	7	0.4857	0.0845	1.195	MDFIC	92	chr7	115059325	115066760
Activated B-cell Type	USE_29528	8	0.489	0.0845	0.87	ROBO1	613	chr3	78567187	78570736
Activated B-cell Type	USE_17458	9	0.49	0.0845	1.053	MYOCD	286	chr17	12421151	12440340
Activated B-cell Type	USE_6015	10	0.4928	0.0845	0.996	ENTPD1	10	chr10	95782953	95784838
Activated B-cell Type	USE_7094	11	0.4962	0.0845	1.069	FIBIN	92	chr11	26890623	26916486
Activated B-cell Type	USE_9429	12	0.4962	0.0845	1.055	SOX5	369	chr12	24414210	24417735
Activated B-cell Type	USE_27519	13	0.4983	0.0845	0.924	OR11H1	238	chr22	15289440	15291246
Activated B-cell Type	USE_39408	14	0.4987	0.0845	1.049	COBL	610	chr7	51768255	51786722
Activated B-cell Type	USE_19891	15	0.5017	0.0845	1.952	CCDC68	137	chr18	55063805	55071254
Acute Megakaryoblastic Leukemia	USE_43822	1	0.4242	0.094	4.128	RCL1	24	chr9	4863245	4863858
Acute Megakaryoblastic Leukemia	USE_43355	2	0.4418	0.1056	1.338	GSDMC	185	chr8	129581607	129583044
Acute Megakaryoblastic Leukemia	USE_43986	3	0.4452	0.1086	4.511	CNTLN	20	chr9	17338886	17340299
Acute Megakaryoblastic Leukemia	USE_29595	4	0.4603	0.1237	0.806	PROS1	455	chr3	93470130	93471029
Acute Myeloid Leukemia	USE_5274	1	0.5248	0.0845	0.959	RET	130	chr10	42972700	42974623
Acute Myeloid Leukemia	USE_35461	2	0.5349	0.0845	0.933	MAT2B	1677	chr5	165188309	165190009
Acute Myeloid Leukemia	USE_20862	3	0.5411	0.0845	1.073	CEBPA	33	chr19	33267299	33268581
Acute Myeloid Leukemia	USE_19155	4	0.5488	0.0845	1.183	PPP1R27	2	chr17	81836269	81837738
Acute Myeloid Leukemia	USE_7897	5	0.5536	0.0845	1.077	P2RY2	25	chr11	73204418	73206247
Acute Myeloid Leukemia	USE_26672	6	0.5545	0.0845	1.051	PHACTR3	10	chr20	59721279	59724158
Acute Myeloid Leukemia	USE_46152	7	0.5553	0.0845	0.607	RAB40AL	43	chrX	102975875	102986560
Acute Myeloid Leukemia	USE_2913	8	0.5565	0.0845	0.953	FCGR3A	25	chr1	161571304	161572859
Acute Myeloid Leukemia	USE_39195	9	0.5572	0.0845	1.014	INHBA	96	chr7	41778536	41786928
Acute Myeloid Leukemia	USE_35460	10	0.5612	0.0845	0.933	MAT2B	1683	chr5	165188066	165201821
Acute Myeloid Leukemia	USE_46054	11	0.5614	0.0845	0.626	VSIG4	29	chrX	65986508	66016932
Acute Myeloid Leukemia	USE_1813	12	0.5631	0.0847	1.038	GFI1	19	chr1	92458640	92461691
Acute Myeloid Leukemia	USE_11680	13	0.5634	0.0847	1.05	FRY	43	chr13	32115365	32117879
Acute Myeloid Leukemia	USE_14293	14	0.5642	0.0847	1.0	GOLGA8O	16	chr15	32461219	32469392
Acute Myeloid Leukemia	USE_14262	15	0.5644	0.0847	0.986	GOLGA8Q	16	chr15	30538363	30546099
Acute Promyelocytic Leukemia	USE_43361	1	0.3828	0.0847	0.704	GSDMC	101	chr8	129664859	129667584
Acute Promyelocytic Leukemia	USE_43354	2	0.4758	0.1409	0.704	GSDMC	219	chr8	129546447	129548419
Acute Promyelocytic Leukemia	USE_19141	3	0.4791	0.1457	0.869	BAHCC1	30	chr17	81460376	81462149
Acute Promyelocytic Leukemia	USE_43362	4	0.4887	0.1612	0.704	GSDMC	87	chr8	129677940	129682043
Acute Promyelocytic Leukemia	USE_5274	5	0.4966	0.1754	1.228	RET	130	chr10	42972700	42974623
Acute Promyelocytic Leukemia	USE_43353	6	0.5149	0.2155	0.704	GSDMC	206	chr8	129527999	129594605
Acute Promyelocytic Leukemia	USE_43355	7	0.5155	0.217	0.704	GSDMC	185	chr8	129581607	129583044
Acute Promyelocytic Leukemia	USE_14183	8	0.5193	0.2266	0.965	GOLGA6L1	43	chr15	23174322	23175860
Acute Promyelocytic Leukemia	USE_25216	9	0.529	0.2532	1.301	AGAP1	148	chr2	235953870	235968276
Acute Promyelocytic Leukemia	USE_7897	10	0.5312	0.2597	1.336	P2RY2	25	chr11	73204418	73206247
Acute Promyelocytic Leukemia	USE_24329	11	0.5352	0.2714	1.196	ATP5MC3	291	chr2	175462934	175477898
Adenocarcinoma of the Gastroesophageal Junction	USE_35438	1	0.5433	0.2997	1.017	ATP10B	15	chr5	160684399	160699798
Adenosquamous Carcinoma of the Stomach	USE_20924	1	0.4313	0.0902	1.007	GPR42	16	chr19	35388200	35389361
Adenosquamous Carcinoma of the Stomach	USE_21375	2	0.4523	0.1044	1.043	GPR32	8	chr19	50778260	50780681
Adenosquamous Carcinoma of the Stomach	USE_11334	3	0.4714	0.1252	0.912	FZD10	31	chr12	130125790	130139924
Adenosquamous Carcinoma of the Stomach	USE_40651	4	0.4773	0.1338	1.488	PODXL	58	chr7	131586965	131588507
Adenosquamous Carcinoma of the Stomach	USE_40274	5	0.4967	0.1666	1.613	CCDC71L	22	chr7	106678854	106682307
Adenosquamous Carcinoma of the Stomach	USE_20923	6	0.4986	0.1702	1.007	GPR42	22	chr19	35387740	35400363
Alveolar Rhabdomyosarcoma	USE_46171	1	0.3994	0.0845	0.352	NRK	12	chrX	105872494	105883134
Alveolar Rhabdomyosarcoma	USE_15859	2	0.4021	0.0845	0.875	RBFOX1	875	chr16	7350870	7352831
Alveolar Rhabdomyosarcoma	USE_46298	3	0.4152	0.0845	0.687	CT45A1	77	chrX	135639069	135642233
Alveolar Rhabdomyosarcoma	USE_20875	4	0.432	0.0845	1.267	CHST8	28	chr19	33724197	33728228
Alveolar Rhabdomyosarcoma	USE_17345	5	0.4377	0.0845	0.771	NLRP1	211	chr17	5769530	5771678
Alveolar Rhabdomyosarcoma	USE_15218	6	0.4391	0.0845	0.904	TBC1D2B	6	chr15	78023159	78025438
Alveolar Rhabdomyosarcoma	USE_7003	7	0.4467	0.0847	1.255	OTOG	54	chr11	17649918	17653566
Alveolar Rhabdomyosarcoma	USE_13906	8	0.4472	0.0847	0.939	BCL11B	537	chr14	98681635	98684351
Alveolar Rhabdomyosarcoma	USE_46299	9	0.4498	0.0847	0.82	CT45A1	41	chrX	135675117	135679759
Alveolar Rhabdomyosarcoma	USE_46034	10	0.4503	0.0847	0.608	FAAH2	10	chrX	57394753	57402999
Alveolar Rhabdomyosarcoma	USE_46194	11	0.4513	0.0847	0.838	DCX	7	chrX	111348057	111372796
Alveolar Rhabdomyosarcoma	USE_13907	12	0.4568	0.085	0.939	BCL11B	534	chr14	98682372	98690880
Alveolar Rhabdomyosarcoma	USE_8756	13	0.4577	0.085	0.71	PKNOX2	35	chr11	125261786	125264571
Alveolar Rhabdomyosarcoma	USE_41995	14	0.4585	0.085	1.068	UBXN2B	154	chr8	58274644	58279296
Alveolar Rhabdomyosarcoma	USE_43775	15	0.4588	0.085	1.128	DMRT2	477	chr9	1529786	1532601
Alveolar Soft Part Sarcoma	USE_19153	1	0.3116	0.0845	1.028	GCGR	4	chr17	81803613	81805507
Alveolar Soft Part Sarcoma	USE_41474	2	0.5242	0.2491	1.012	SORBS3	8	chr8	22551160	22552386
Alveolar Soft Part Sarcoma	USE_28392	3	0.5487	0.3264	0.787	PPP6R2	3	chr22	50397564	50397990
Alveolar Soft Part Sarcoma	USE_15775	4	0.5527	0.3404	0.825	KCTD5	3	chr16	2691857	2693319
Alveolar Soft Part Sarcoma	USE_23791	5	0.5543	0.3462	0.949	HS6ST1	6	chr2	128280032	128289420
Anaplastic Large-Cell Lymphoma ALK Negative	USE_25931	1	0.4629	0.085	0.958	DEFB115	1506	chr20	29751385	29752418
Anaplastic Large-Cell Lymphoma ALK Negative	USE_26504	2	0.4725	0.0872	1.205	TSHZ2	166	chr20	53062373	53071786
Anaplastic Large-Cell Lymphoma ALK Negative	USE_19103	3	0.473	0.0873	0.483	SLC26A11	22	chr17	80253594	80265260
Anaplastic Large-Cell Lymphoma ALK Negative	USE_20155	4	0.4773	0.0885	1.235	MBP	66	chr18	76988098	76990486
Anaplastic Large-Cell Lymphoma ALK Negative	USE_326	5	0.4783	0.0888	0.993	MFN2	6	chr1	12003395	12005766
Anaplastic Large-Cell Lymphoma ALK Negative	USE_36888	6	0.4804	0.0897	1.025	RCAN2	32	chr6	46322837	46325576
Anaplastic Large-Cell Lymphoma ALK Negative	USE_9009	7	0.4821	0.09	1.03	CACNA1C	206	chr12	2531147	2550429
Anaplastic Large-Cell Lymphoma ALK Negative	USE_44657	8	0.4842	0.091	1.298	SYK	167	chr9	91012914	91022728
Anaplastic Large-Cell Lymphoma ALK Negative	USE_41931	9	0.4872	0.0923	0.997	ATP6V1H	162	chr8	53616344	53617844
Anaplastic Large-Cell Lymphoma ALK Negative	USE_30081	10	0.488	0.0929	0.995	MGLL	9	chr3	127853475	127867966
Anaplastic Large-Cell Lymphoma ALK Positive	USE_38427	1	0.4854	0.0845	1.246	CYP2W1	9	chr7	995067	997473
Anaplastic Large-Cell Lymphoma ALK Positive	USE_4396	2	0.494	0.0845	1.349	RYR2	166	chr1	237270438	237272242
Anaplastic Large-Cell Lymphoma ALK Positive	USE_17488	3	0.5001	0.0845	0.939	COX10	42	chr17	14191570	14194200
Anaplastic Large-Cell Lymphoma ALK Positive	USE_41983	4	0.5012	0.0845	1.388	FAM110B	454	chr8	57638419	57651276
Anaplastic Large-Cell Lymphoma ALK Positive	USE_35925	5	0.5048	0.0847	1.369	NRN1	87	chr6	6088086	6092629
Anaplastic Large-Cell Lymphoma ALK Positive	USE_39329	6	0.5094	0.0847	1.26	TNS3	124	chr7	47302929	47304925
Anaplastic Large-Cell Lymphoma ALK Positive	USE_6596	7	0.513	0.085	0.786	MGMT	419	chr10	129193611	129204979
Anaplastic Large-Cell Lymphoma ALK Positive	USE_15691	8	0.5211	0.085	1.151	FAM234A	6	chr16	258687	260426
Anaplastic Large-Cell Lymphoma ALK Positive	USE_36765	9	0.5246	0.0858	1.163	BYSL	32	chr6	41957963	41961691
Anaplastic Large-Cell Lymphoma ALK Positive	USE_29155	10	0.5246	0.0858	1.063	CACNA2D2	57	chr3	50490753	50491602
Anaplastic Large-Cell Lymphoma ALK Positive	USE_36888	11	0.5281	0.0868	1.092	RCAN2	32	chr6	46322837	46325576
Anaplastic Thyroid Cancer	USE_6491	1	0.4943	0.1702	0.997	DMBT1	13	chr10	122581953	122596169
Anaplastic Thyroid Cancer	USE_44036	2	0.5113	0.2059	0.062	MTAP	189	chr9	21671020	21689859
Anaplastic Thyroid Cancer	USE_19078	3	0.5299	0.2554	0.803	ENPP7	168	chr17	79562623	79574172
Anaplastic Thyroid Cancer	USE_44037	4	0.5317	0.261	0.062	MTAP	175	chr9	21687846	21701469
Anaplastic Thyroid Cancer	USE_7118	5	0.5377	0.2796	1.088	METTL15	385	chr11	28701812	28704518
Anaplastic Thyroid Cancer	USE_43961	6	0.5416	0.2924	1.171	CCDC171	233	chr9	16039831	16041422
Anaplastic Thyroid Cancer	USE_43639	7	0.5476	0.3128	1.284	TSNARE1	72	chr8	142234353	142236696
Anaplastic Thyroid Cancer	USE_16918	8	0.553	0.3317	1.011	CMC2	61	chr16	80923787	80939713
Anaplastic Thyroid Cancer	USE_6969	9	0.5546	0.3373	1.088	INSC	73	chr11	15105429	15108002
Anaplastic Thyroid Cancer	USE_7803	10	0.5615	0.3643	1.088	ANO1	69	chr11	70015953	70020929
Astrocytoma	USE_40929	1	0.4957	0.1707	1.035	C7orf33	453	chr7	148145250	148154278
Astrocytoma	USE_33700	2	0.4999	0.1789	1.061	PRLR	108	chr5	35247093	35249831
Astrocytoma	USE_41041	3	0.5155	0.2144	1.021	ACTR3B	605	chr7	153412201	153414443
Astrocytoma	USE_43445	4	0.5186	0.2216	1.031	CCN4	19	chr8	133191116	133193473
Astrocytoma	USE_22456	5	0.5187	0.222	1.014	THUMPD2	32	chr2	39723460	39726100
Astrocytoma, IDH-Mutant	USE_16366	1	0.4756	0.0887	0.658	AHSP	72	chr16	31598565	31603472
Astrocytoma, IDH-Mutant	USE_33869	2	0.4975	0.1019	1.104	HCN1	1719	chr5	47182963	47208026
Astrocytoma, IDH-Mutant	USE_20756	3	0.5038	0.108	0.927	ZNF99	13	chr19	22748016	22760672
Astrocytoma, IDH-Mutant	USE_33870	4	0.5104	0.1158	1.104	HCN1	1774	chr5	47229279	47271324
Astrocytoma, IDH-Mutant	USE_20764	5	0.5147	0.1216	0.953	ZNF675	7	chr19	23595541	23602214
Astrocytoma, IDH-Mutant	USE_28348	6	0.5176	0.126	0.728	TAFA5	243	chr22	48423019	48429934
Astrocytoma, IDH-Mutant	USE_19495	7	0.5219	0.133	0.98	ANKRD30B	483	chr18	15266936	15283727
Astrocytoma, IDH-Mutant	USE_23834	8	0.5237	0.1361	0.918	ANKRD30BL	97	chr2	132099042	132111386
Astrocytoma, IDH-Mutant	USE_20973	9	0.5257	0.1396	0.931	ZNF345	0	chr19	36869032	36892973
Astrocytoma, IDH-Mutant	USE_22086	10	0.5319	0.1512	1.026	APOB	98	chr2	20916961	20932117
Astrocytoma, IDH-Mutant	USE_44305	11	0.5355	0.1594	1.0	ANKRD20A4P	444	chr9	64830137	64842306
Astrocytoma, IDH-Mutant	USE_27520	12	0.5362	0.1611	0.751	OR11H1	206	chr22	15317616	15327507
Atypical Teratoid/Rhabdoid Tumor	USE_34833	1	0.4314	0.0947	1.001	SLC27A6	87	chr5	128868741	128877159
Atypical Teratoid/Rhabdoid Tumor	USE_33061	2	0.4383	0.0992	1.022	GPM6A	36	chr4	175851067	175856989
Atypical Teratoid/Rhabdoid Tumor	USE_37581	3	0.4422	0.1025	1.054	HSF2	357	chr6	122052644	122064675
Atypical Teratoid/Rhabdoid Tumor	USE_13925	4	0.466	0.1276	1.025	HHIPL1	8	chr14	99670688	99672581
Atypical Teratoid/Rhabdoid Tumor	USE_12101	5	0.4719	0.1355	0.985	KLHL1	1209	chr13	68678764	68711802
Atypical Teratoid/Rhabdoid Tumor	USE_30769	6	0.4908	0.1658	0.995	NLGN1	391	chr3	174230975	174243233
Atypical Teratoid/Rhabdoid Tumor	USE_34468	7	0.4916	0.1675	0.97	NR2F1	1003	chr5	92581922	92588718
Atypical Teratoid/Rhabdoid Tumor	USE_45148	8	0.4923	0.1689	1.009	TRAF1	35	chr9	120950435	120952982
Atypical Teratoid/Rhabdoid Tumor	USE_30770	9	0.4934	0.1709	0.995	NLGN1	403	chr3	174241687	174255392
B-Cell Acute Lymphoblastic Leukemia	USE_34351	1	0.3558	0.0055	0.927	MTX3	97	chr5	79885601	79888028
B-Cell Acute Lymphoblastic Leukemia	USE_26762	2	0.403	0.0845	1.034	YTHDF1	54	chr20	63149147	63152997
B-Cell Acute Lymphoblastic Leukemia	USE_41061	3	0.4256	0.0845	0.998	INSIG1	57	chr7	155360542	155362358
B-Cell Acute Lymphoblastic Leukemia	USE_18438	4	0.4301	0.0845	1.133	CCDC182	19	chr17	57723260	57727217
B-Cell Acute Lymphoblastic Leukemia	USE_39464	5	0.4302	0.0845	0.938	ZNF479	238	chr7	56888815	56891706
B-Cell Acute Lymphoblastic Leukemia	USE_45617	6	0.4386	0.0845	1.051	LCN6	3	chr9	136748964	136749776
B-Cell Acute Lymphoblastic Leukemia	USE_27263	7	0.4406	0.0845	1.03	ERG	23	chr21	38496888	38498355
B-Cell Acute Lymphoblastic Leukemia	USE_35382	8	0.4514	0.0845	1.093	EBF1	391	chr5	158499182	158514479
B-Cell Acute Lymphoblastic Leukemia	USE_35383	9	0.4514	0.0845	1.093	EBF1	385	chr5	158510991	158514594
B-Cell Acute Lymphoblastic Leukemia	USE_6509	10	0.4521	0.0845	0.958	GPR26	144	chr10	123536113	123538915
B-Cell Acute Lymphoblastic Leukemia	USE_28773	11	0.4585	0.0845	1.045	OXSM	316	chr3	26103950	26106236
B-Cell Acute Lymphoblastic Leukemia	USE_27689	12	0.4605	0.0845	0.953	VPREB1	1	chr22	22235444	22257609
B-Cell Acute Lymphoblastic Leukemia	USE_35142	13	0.4617	0.0845	0.983	HMHB1	4	chr5	143810952	143813584
B-Cell Acute Lymphoblastic Leukemia	USE_26924	14	0.4633	0.0845	0.97	USP25	270	chr21	15533651	15536386
B-Cell Acute Lymphoblastic Leukemia	USE_5834	15	0.4634	0.0845	1.0	SH2D4B	47	chr10	80540289	80549544
B-Lymphoblastic Leukemia/Lymphoma	USE_43571	1	0.4173	0.09	1.095	KCNK9	84	chr8	139736054	139737022
B-Lymphoblastic Leukemia/Lymphoma	USE_1608	2	0.4197	0.0908	1.173	NEGR1	132	chr1	71705447	71707847
B-Lymphoblastic Leukemia/Lymphoma	USE_36727	3	0.4258	0.0932	1.212	LRFN2	79	chr6	40567268	40570151
B-Lymphoblastic Leukemia/Lymphoma	USE_41958	4	0.4393	0.1013	1.552	XKR4	256	chr8	55064368	55066239
B-Lymphoblastic Leukemia/Lymphoma	USE_19788	5	0.4424	0.1038	1.223	LOXHD1	45	chr18	46600957	46624423
B-Lymphoblastic Leukemia/Lymphoma	USE_15543	6	0.4465	0.1067	1.796	RGMA	190	chr15	93251572	93254210
B-Lymphoblastic Leukemia/Lymphoma	USE_23905	7	0.4552	0.1142	1.339	CXCR4	45	chr2	136161418	136163908
B-Lymphoblastic Leukemia/Lymphoma	USE_19139	8	0.4674	0.1277	1.394	BAHCC1	19	chr17	81409794	81412437
Bladder Urothelial Carcinoma	USE_22870	1	0.5478	0.085	0.988	SERTAD2	93	chr2	64784195	64784850
Bladder Urothelial Carcinoma	USE_44951	2	0.5647	0.0879	1.119	PTPN3	119	chr9	109555186	109557073
Bladder Urothelial Carcinoma	USE_21454	3	0.5668	0.0884	1.091	DPRX	12	chr19	53621559	53622891
Bladder Urothelial Carcinoma	USE_34737	4	0.5682	0.0892	0.976	FTMT	126	chr5	121724941	121726806
Bladder Urothelial Carcinoma	USE_3623	5	0.5728	0.0918	1.001	RABIF	46	chr1	202835929	202837565
Bladder Urothelial Carcinoma	USE_3676	6	0.5732	0.0921	1.03	GOLT1A	20	chr1	204225554	204227230
Bladder Urothelial Carcinoma	USE_44950	7	0.5733	0.0921	1.119	PTPN3	100	chr9	109537083	109538396
Bladder Urothelial Carcinoma	USE_21455	8	0.5763	0.0945	1.091	DPRX	23	chr19	53657075	53659282
Bladder Urothelial Carcinoma	USE_27370	9	0.5771	0.0953	1.036	WDR4	48	chr21	42811910	42813562
Bladder Urothelial Carcinoma	USE_21481	10	0.5792	0.0977	1.142	LILRB1	0	chr19	54627570	54629024
Bladder Urothelial Carcinoma	USE_15596	11	0.5796	0.0982	1.079	IGF1R	244	chr15	98561859	98563173
Bladder Urothelial Carcinoma	USE_8664	12	0.5808	0.0998	1.013	NECTIN1	230	chr11	119906589	119907910
Bladder Urothelial Carcinoma	USE_21453	13	0.5828	0.1025	1.091	DPRX	21	chr19	53612277	53613869
Bladder Urothelial Carcinoma	USE_21461	14	0.5833	0.1032	0.99	VSTM1	13	chr19	54035319	54043364
Bladder Urothelial Carcinoma	USE_19809	15	0.5837	0.104	0.854	ZBTB7C	20	chr18	48238508	48239540
Breast Invasive Carcinoma, NOS	USE_19320	1	0.541	0.1224	0.701	LRRC30	336	chr18	7566487	7568804
Breast Invasive Carcinoma, NOS	USE_19321	2	0.5442	0.1284	0.701	LRRC30	340	chr18	7566513	7578280
Breast Invasive Carcinoma, NOS	USE_36939	3	0.547	0.1335	1.006	TFAP2B	66	chr6	50898758	50900710
Breast Invasive Carcinoma, NOS	USE_25416	4	0.5517	0.1431	0.005	SIRPB1	13	chr20	1565896	1589219
Breast Invasive Carcinoma, NOS	USE_43024	5	0.5541	0.1487	1.966	ZHX2	440	chr8	122433552	122441590
Breast Invasive Carcinoma, NOS	USE_25746	6	0.5598	0.1643	1.086	SLC24A3	33	chr20	19433711	19434877
Breast Invasive Carcinoma, NOS	USE_44277	7	0.5611	0.1683	1.0	SPATA31A6	277	chr9	42463313	42465314
Breast Invasive Carcinoma, NOS	USE_45845	8	0.5649	0.1798	0.658	CNKSR2	383	chrX	21127096	21133652
Breast Invasive Carcinoma, NOS	USE_33674	9	0.567	0.1875	1.597	C1QTNF3-AMACR	322	chr5	34377050	34378903
Breast Invasive Carcinoma, NOS	USE_35441	10	0.5673	0.1884	1.027	CCNG1	192	chr5	163248404	163249878
Breast Invasive Carcinoma, NOS	USE_36234	11	0.572	0.2054	1.009	ID4	683	chr6	19152940	19159821
Breast Invasive Carcinoma, NOS	USE_19489	12	0.5729	0.2089	0.918	ANKRD30B	18	chr18	14767947	14777629
Breast Invasive Carcinoma, NOS	USE_35326	13	0.5743	0.2153	0.949	SGCD	398	chr5	155915097	155926025
Breast Invasive Ductal Carcinoma	USE_40089	1	0.6015	0.0897	1.158	AZGP1	16	chr7	99953194	99956033
Breast Invasive Ductal Carcinoma	USE_37379	2	0.6046	0.0921	0.955	CD24	59	chr6	106912401	106914733
Breast Invasive Ductal Carcinoma	USE_21700	3	0.6099	0.0982	1.01	RNF144A	780	chr2	7772590	7774692
Breast Invasive Ductal Carcinoma	USE_23688	4	0.6107	0.0995	0.935	EN1	10	chr2	118807070	118861782
Breast Invasive Ductal Carcinoma	USE_24165	5	0.6113	0.1005	1.124	GRB14	42	chr2	164514123	164515676
Breast Invasive Ductal Carcinoma	USE_37371	6	0.612	0.1016	1.68	QRSL1	124	chr6	106772259	106774892
Breast Invasive Ductal Carcinoma	USE_20419	7	0.6132	0.1044	1.008	XAB2	5	chr19	7618029	7620919
Breast Invasive Ductal Carcinoma	USE_23303	8	0.6148	0.1074	1.116	PROM2	6	chr2	95274557	95278200
Breast Invasive Ductal Carcinoma	USE_17917	9	0.6154	0.1086	1.028	MRPL45	10	chr17	38319696	38322059
Breast Invasive Ductal Carcinoma	USE_42844	10	0.6157	0.1094	1.604	TRPS1	178	chr8	115786843	115788891
Breast Invasive Ductal Carcinoma	USE_33318	11	0.6163	0.1108	1.477	IRX2	31	chr5	2779659	2781140
Breast Invasive Ductal Carcinoma	USE_42843	12	0.6166	0.1117	1.604	TRPS1	170	chr8	115778787	115780772
Breast Invasive Lobular Carcinoma	USE_29700	1	0.4939	0.0845	1.022	ZPLD1	1227	chr3	103515511	103517869
Breast Invasive Lobular Carcinoma	USE_2157	2	0.4986	0.0847	0.917	LRIG2	103	chr1	113205622	113207733
Breast Invasive Lobular Carcinoma	USE_2158	3	0.5045	0.085	0.916	LRIG2	148	chr1	113246676	113256493
Breast Invasive Lobular Carcinoma	USE_24486	4	0.5147	0.0853	0.85	WDR75	28	chr2	189484780	189488690
Breast Invasive Lobular Carcinoma	USE_42870	5	0.5194	0.0867	2.291	UTP23	10	chr8	116790340	116803766
Breast Invasive Lobular Carcinoma	USE_42871	6	0.5231	0.0877	2.338	UTP23	5	chr8	116800709	116803707
Breast Invasive Lobular Carcinoma	USE_37379	7	0.5284	0.0893	0.936	CD24	59	chr6	106912401	106914733
Breast Invasive Lobular Carcinoma	USE_33619	8	0.534	0.0922	1.087	PDZD2	90	chr5	31782775	31786380
Breast Invasive Lobular Carcinoma	USE_20513	9	0.5387	0.0957	0.869	ZNF823	33	chr19	11695944	11698329
Breast Invasive Lobular Carcinoma	USE_23712	10	0.5405	0.0976	0.858	INHBB	73	chr2	120420766	120423194
Burkitt Lymphoma	USE_14137	1	0.4652	0.0845	0.777	TMEM121	1224	chr14	106752150	106753677
Burkitt Lymphoma	USE_33325	2	0.4705	0.0845	1.089	IRX1	225	chr5	3365406	3380742
Burkitt Lymphoma	USE_42781	3	0.4744	0.0845	1.008	TRHR	29	chr8	109132343	109134844
Burkitt Lymphoma	USE_14138	4	0.4838	0.0845	0.785	TMEM121	1295	chr14	106790057	106858057
Burkitt Lymphoma	USE_45632	5	0.485	0.0845	1.017	ENTPD2	0	chr9	137049996	137050377
Burkitt Lymphoma	USE_14135	6	0.4869	0.0845	0.743	TMEM121	1208	chr14	106728292	106746340
Burkitt Lymphoma	USE_14136	7	0.4947	0.0847	0.769	TMEM121	1230	chr14	106741281	106775746
Burkitt Lymphoma	USE_16865	8	0.4989	0.0847	0.887	CNTNAP4	113	chr16	76301615	76310262
Burkitt Lymphoma	USE_27707	9	0.5	0.0847	1.057	IGLL5	3	chr22	22887805	22889183
Cervical Adenocarcinoma	USE_6276	1	0.4309	0.0952	0.659	ACSL5	2	chr10	112402747	112405654
Cervical Adenocarcinoma	USE_19182	2	0.4626	0.1238	0.643	WDR45B	5	chr17	82636328	82637433
Cervical Adenocarcinoma	USE_22538	3	0.4869	0.1592	1.086	ABCG5	11	chr2	43807978	43819552
Cervical Squamous Cell Carcinoma	USE_9362	1	0.5428	0.1785	0.996	AEBP2	182	chr12	19743372	19746259
Cervical Squamous Cell Carcinoma	USE_46207	2	0.5519	0.2053	1.029	PLS3	126	chrX	115732313	115732946
Cervical Squamous Cell Carcinoma	USE_34687	3	0.5736	0.2896	0.983	AP3S1	51	chr5	115927925	115931344
Chordoma	USE_17733	1	0.4091	0.087	1.042	NOS2	44	chr17	27733535	27734435
Chordoma	USE_38764	2	0.4474	0.1067	1.159	FERD3L	104	chr7	19248896	19250075
Chordoma	USE_40234	3	0.4985	0.1785	1.181	SRPK2	68	chr7	105322732	105323423
Chordoma	USE_39537	4	0.5035	0.1885	1.107	TMEM248	80	chr7	66859382	66860347
Chordoma	USE_38422	5	0.5122	0.2079	1.062	SUN1	11	chr7	866858	868510
Chronic Lymphocytic Leukemia/Small Lymphocytic Lymphoma	USE_24784	1	0.4438	0.0847	1.052	IKZF2	56	chr2	213016012	213023109
Chronic Lymphocytic Leukemia/Small Lymphocytic Lymphoma	USE_1962	2	0.4447	0.0847	1.026	S1PR1	190	chr1	101424988	101437208
Chronic Lymphocytic Leukemia/Small Lymphocytic Lymphoma	USE_1963	3	0.4455	0.0847	1.026	S1PR1	196	chr1	101434653	101438420
Chronic Lymphocytic Leukemia/Small Lymphocytic Lymphoma	USE_4559	4	0.4458	0.0847	1.05	OR2T2	0	chr1	248448693	248451868
Chronic Lymphocytic Leukemia/Small Lymphocytic Lymphoma	USE_1960	5	0.4494	0.0847	1.026	S1PR1	148	chr1	101387857	101390700
Chronic Lymphocytic Leukemia/Small Lymphocytic Lymphoma	USE_24571	6	0.4576	0.085	1.053	HECW2	21	chr2	196408765	196416033
Chronic Lymphocytic Leukemia/Small Lymphocytic Lymphoma	USE_19960	7	0.4627	0.0852	1.164	ALPK2	19	chr18	58535005	58536424
Chronic Lymphocytic Leukemia/Small Lymphocytic Lymphoma	USE_1959	8	0.4651	0.086	1.026	S1PR1	155	chr1	101379989	101411473
Chronic Lymphocytic Leukemia/Small Lymphocytic Lymphoma	USE_24599	9	0.4656	0.086	1.011	PLCL1	182	chr2	198004451	198006924
Chronic Lymphocytic Leukemia/Small Lymphocytic Lymphoma	USE_38297	10	0.4678	0.0866	0.617	CCR6	30	chr6	167093600	167096100
Chronic Lymphocytic Leukemia/Small Lymphocytic Lymphoma	USE_39129	11	0.4704	0.087	1.29	EPDR1	3	chr7	37815555	37827407
Chronic Lymphocytic Leukemia/Small Lymphocytic Lymphoma	USE_1961	12	0.4711	0.0872	1.026	S1PR1	169	chr1	101407252	101411550
Chronic Lymphocytic Leukemia/Small Lymphocytic Lymphoma	USE_6501	13	0.4749	0.0883	0.833	BUB3	230	chr10	123382059	123403837
Chronic Myeloid Leukemia, BCR-ABL1+	USE_31203	1	0.4763	0.0845	0.967	PLAAT1	93	chr3	193165113	193166917
Chronic Myeloid Leukemia, BCR-ABL1+	USE_11359	2	0.5246	0.085	0.922	ADGRD1	303	chr12	131349834	131351632
Chronic Myeloid Leukemia, BCR-ABL1+	USE_22121	3	0.5304	0.0869	0.944	MFSD2B	25	chr2	24009721	24012031
Chronic Myeloid Leukemia, BCR-ABL1+	USE_40116	4	0.5355	0.0883	0.981	ACTL6B	8	chr7	100640389	100642501
Chronic Myeloid Leukemia, BCR-ABL1+	USE_21400	5	0.5452	0.0924	1.251	SIGLEC6	22	chr19	51546261	51548848
Chronic Myeloid Leukemia, BCR-ABL1+	USE_11358	6	0.546	0.0931	0.922	ADGRD1	308	chr12	131349559	131363089
Chronic Myeloid Leukemia, BCR-ABL1+	USE_3787	7	0.5485	0.095	1.069	CR1	57	chr1	207625944	207626922
Chronic Myeloid Leukemia, BCR-ABL1+	USE_31934	8	0.5485	0.095	1.076	CWH43	262	chr4	49285323	49287694
Chronic Myeloid Leukemia, BCR-ABL1+	USE_4908	9	0.5494	0.0958	1.113	ST8SIA6	42	chr10	17425317	17429599
Chronic Myeloid Leukemia, BCR-ABL1+	USE_31935	10	0.5518	0.098	1.076	CWH43	300	chr4	49324075	49325257
Chronic Myeloid Leukemia, BCR-ABL1+	USE_7470	11	0.5525	0.0985	1.291	OOSP4A	5	chr11	59954129	59969043
Chronic Myeloid Leukemia, BCR-ABL1+	USE_36929	12	0.5555	0.1021	1.316	RHAG	20	chr6	49635386	49647480
Chronic Myeloid Leukemia, BCR-ABL1+	USE_1238	13	0.5558	0.1027	1.267	TAL1	2	chr1	47211631	47241644
Clear Cell Ovarian Cancer	USE_34013	1	0.5328	0.0932	0.633	RAB3C	242	chr5	58962472	58964528
Clear Cell Ovarian Cancer	USE_34645	2	0.5697	0.1524	0.924	STARD4	53	chr5	111550873	111564317
Clear Cell Ovarian Cancer	USE_34022	3	0.5717	0.1581	0.633	PDE4D	469	chr5	59275182	59276936
Clear Cell Ovarian Cancer	USE_34021	4	0.5818	0.1939	0.633	PDE4D	462	chr5	59264313	59301893
Clear Cell Ovarian Cancer	USE_14695	5	0.5852	0.2084	0.672	NEDD4	3	chr15	55894304	55918572
Clear Cell Sarcoma	USE_11787	1	0.4126	0.0845	0.771	COG6	83	chr13	39804361	39809982
Clear Cell Sarcoma	USE_5240	2	0.422	0.0845	1.014	MTRNR2L7	80	chr10	37517865	37526540
Clear Cell Sarcoma	USE_36932	3	0.4453	0.0847	0.936	TFAP2D	291	chr6	50451079	50453442
Clear Cell Sarcoma	USE_33386	4	0.4485	0.0847	1.001	MTRR	389	chr5	8263341	8272261
Clear Cell Sarcoma	USE_31890	5	0.4494	0.0847	0.949	KCTD8	82	chr4	44392072	44395160
Clear Cell Sarcoma	USE_35993	6	0.4518	0.085	0.938	SLC35B3	735	chr6	9155093	9162533
Clear Cell Sarcoma	USE_5434	7	0.456	0.085	0.943	MBL2	498	chr10	53263642	53271780
Clear Cell Sarcoma	USE_31889	8	0.4578	0.085	0.948	KCTD8	86	chr4	44392029	44404494
Clear Cell Sarcoma	USE_7291	9	0.4625	0.085	0.989	API5	110	chr11	43216964	43219307
Clear Cell Sarcoma	USE_46401	10	0.4626	0.085	0.975	VAMP7	39	chrX	155871414	155874314
Clear Cell Sarcoma	USE_365	11	0.4658	0.086	0.777	PRDM2	355	chr1	14112607	14123246
Clear Cell Sarcoma	USE_12997	12	0.4659	0.0861	0.975	PAX9	67	chr14	36732879	36739307
Clear Cell Sarcoma	USE_28921	13	0.4664	0.0863	0.971	MOBP	35	chr3	39460212	39465899
Clear Cell Sarcoma	USE_41213	14	0.4671	0.0865	0.946	CSMD1	851	chr8	4811074	4822331
Colon Adenocarcinoma	USE_16467	1	0.5188	0.0845	1.07	CYLD	16	chr16	50754821	50755227
Colon Adenocarcinoma	USE_35797	2	0.5746	0.0847	0.86	FOXQ1	258	chr6	1054430	1056206
Colon Adenocarcinoma	USE_18566	3	0.5765	0.0847	1.105	MED13	161	chr17	62164134	62166194
Colon Adenocarcinoma	USE_18660	4	0.5781	0.085	1.208	AXIN2	142	chr17	65401021	65403598
Colon Adenocarcinoma	USE_30993	5	0.5783	0.085	1.101	EPHB3	12	chr3	184558836	184560058
Colon Adenocarcinoma	USE_578	6	0.5786	0.085	0.997	C1QB	45	chr1	22701899	22703385
Colon Adenocarcinoma	USE_32072	7	0.5855	0.0851	0.923	UGT2B15	71	chr4	68724639	68734642
Colon Adenocarcinoma	USE_1436	8	0.5875	0.086	0.993	FGGY	3	chr1	59556313	59557873
Colon Adenocarcinoma	USE_24269	9	0.5891	0.0866	1.085	ITGA6	136	chr2	172329131	172331072
Colon Adenocarcinoma	USE_23168	10	0.5896	0.0868	1.119	DNAH6	26	chr2	84693772	84695466
Colon Adenocarcinoma	USE_11586	11	0.5899	0.0868	5.279	CDX2	3	chr13	27967742	27969048
Colon Adenocarcinoma	USE_10597	12	0.5901	0.087	1.06	EEA1	170	chr12	93019983	93021135
Colon Adenocarcinoma	USE_45871	13	0.5922	0.0878	0.759	DCAF8L1	14	chrX	27964176	27967106
Colon Adenocarcinoma	USE_32073	14	0.5933	0.0882	0.923	UGT2B10	82	chr4	68732410	68751243
Cutaneous Melanoma	USE_33826	1	0.4126	0.0845	1.191	GHR	168	chr5	42403531	42405531
Cutaneous Melanoma	USE_45425	2	0.4205	0.0845	0.906	LAMC3	2	chr9	131053394	131055036
Cutaneous Melanoma	USE_39777	3	0.4258	0.0845	1.4	PHTF2	301	chr7	78178726	78180795
Cutaneous Melanoma	USE_40223	4	0.4259	0.0845	1.53	LHFPL3	181	chr7	104793889	104806922
Cutaneous Melanoma	USE_27175	5	0.429	0.0845	0.978	RUNX1	210	chr21	35605558	35607835
Cutaneous Melanoma	USE_44318	6	0.4366	0.0845	0.856	ZNF658	49	chr9	66843493	66845437
Cutaneous Melanoma	USE_35334	7	0.4366	0.0845	0.926	PPP1R2B	257	chr5	156588475	156598528
Cutaneous Melanoma	USE_35335	8	0.4366	0.0845	0.926	PPP1R2B	261	chr5	156589048	156590949
Cutaneous Melanoma	USE_8145	9	0.4393	0.0845	0.736	RAB38	7	chr11	88151195	88153257
Cutaneous Melanoma	USE_22102	10	0.4406	0.0845	1.157	KLHL29	566	chr2	22979703	22981858
Cutaneous Melanoma	USE_33989	11	0.4407	0.0845	1.026	ACTBL2	86	chr5	57394008	57395510
Cutaneous Melanoma	USE_10415	12	0.4452	0.0845	0.882	NAV3	362	chr12	77405563	77407469
Cutaneous Melanoma	USE_8158	13	0.448	0.0845	0.745	TYR	67	chr11	89159590	89178277
Cutaneous Melanoma	USE_15295	14	0.4487	0.0845	1.077	IL16	17	chr15	81253576	81255748
Dedifferentiated Liposarcoma	USE_29876	1	0.3967	0.085	0.503	GAP43	325	chr3	115975169	116021148
Dedifferentiated Liposarcoma	USE_32081	2	0.4533	0.1096	0.977	UGT2B4	9	chr4	69489339	69498364
Dedifferentiated Liposarcoma	USE_10441	3	0.4693	0.1281	1.034	PPP1R12A	188	chr12	80033094	80053695
Dedifferentiated Liposarcoma	USE_29878	4	0.4738	0.1342	0.503	LSAMP	329	chr3	116132389	116150285
Dedifferentiated Liposarcoma	USE_10464	5	0.4746	0.1353	0.964	PPFIA2	301	chr12	81800809	81820310
Dedifferentiated Liposarcoma	USE_29868	6	0.4771	0.1391	0.63	GAP43	162	chr3	115500240	115519205
Dedifferentiated Liposarcoma	USE_29866	7	0.4789	0.1416	0.651	GAP43	428	chr3	115238745	115248868
Dedifferentiated Liposarcoma	USE_10506	8	0.5112	0.2036	1.015	TMTC3	69	chr12	88238178	88243261
Dedifferentiated Liposarcoma	USE_29871	9	0.5154	0.2144	0.503	GAP43	122	chr3	115783700	115805742
Dedifferentiated Liposarcoma	USE_7161	10	0.5157	0.2149	0.996	HIPK3	67	chr11	33370914	33376983
Diffuse Intrinsic Pontine Glioma	USE_2781	1	0.4773	0.0847	1.547	MEF2D	46	chr1	156435424	156436933
Diffuse Intrinsic Pontine Glioma	USE_8065	2	0.5571	0.1509	1.157	FAM181B	1	chr11	82732404	82733796
Diffuse Intrinsic Pontine Glioma	USE_16600	3	0.5787	0.228	1.022	NDRG4	7	chr16	58494890	58496365
Diffuse Intrinsic Pontine Glioma	USE_3691	4	0.5793	0.2309	1.404	LRRN2	13	chr1	204637319	204639213
Diffuse Large B-Cell Lymphoma, NOS	USE_27690	1	0.4554	0.0845	0.951	VPREB1	76	chr22	22318815	22324574
Diffuse Large B-Cell Lymphoma, NOS	USE_39774	2	0.4561	0.0845	0.899	PHTF2	30	chr7	77905341	77912354
Diffuse Large B-Cell Lymphoma, NOS	USE_39773	3	0.4595	0.0845	0.901	PHTF2	21	chr7	77891654	77908226
Diffuse Large B-Cell Lymphoma, NOS	USE_31095	4	0.4714	0.0845	1.372	BCL6	246	chr3	187978981	187980874
Diffuse Large B-Cell Lymphoma, NOS	USE_42903	5	0.4857	0.0845	1.212	SAMD12	124	chr8	118277826	118283816
Diffuse Large B-Cell Lymphoma, NOS	USE_31820	6	0.495	0.0845	0.799	WDR19	67	chr4	39165335	39168040
Diffuse Large B-Cell Lymphoma, NOS	USE_31725	7	0.4994	0.0845	0.877	SMIM20	20	chr4	25874769	25876099
Diffuse Large B-Cell Lymphoma, NOS	USE_43761	8	0.5047	0.0845	1.102	KANK1	40	chr9	566086	568741
Diffuse Large B-Cell Lymphoma, NOS	USE_10728	9	0.5047	0.0845	0.842	ANKS1B	32	chr12	99381573	99394520
Diffuse Large B-Cell Lymphoma, NOS	USE_10729	10	0.5047	0.0845	0.842	ANKS1B	37	chr12	99391342	99394965
Diffuse Large B-Cell Lymphoma, NOS	USE_27704	11	0.5058	0.0845	0.77	IGLL5	101	chr22	22788486	22792899
Diffuse Large B-Cell Lymphoma, NOS	USE_9282	12	0.5061	0.0845	1.163	ATF7IP	276	chr12	14156520	14158140
Diffuse Large B-Cell Lymphoma, NOS	USE_105	13	0.5074	0.0845	1.022	C1orf174	151	chr1	4044228	4048040
Diffuse Large B-Cell Lymphoma, NOS	USE_27709	14	0.5079	0.0845	0.944	IGLL5	49	chr22	22926183	22955917
Diffuse Large B-Cell Lymphoma, NOS	USE_29236	15	0.5131	0.0845	0.866	WNT5A	246	chr3	55721480	55726879
Diffuse Type Stomach Adenocarcinoma	USE_39461	1	0.4118	0.0845	0.885	NUPR2	252	chr7	56367058	56368246
Diffuse Type Stomach Adenocarcinoma	USE_25613	2	0.4463	0.085	1.389	JAG1	55	chr20	10711044	10711321
Diffuse Type Stomach Adenocarcinoma	USE_5105	3	0.4647	0.087	1.13	JCAD	6	chr10	30069916	30071030
Diffuse Type Stomach Adenocarcinoma	USE_40692	4	0.4772	0.0908	1.419	AKR1B1	31	chr7	134419577	134419833
Diffuse Type Stomach Adenocarcinoma	USE_14641	5	0.4898	0.0982	0.96	BCL2L10	5	chr15	52115669	52116740
Diffuse Type Stomach Adenocarcinoma	USE_85	6	0.5011	0.1083	1.174	PRDM16	3	chr1	3249357	3251608
Diffuse Type Stomach Adenocarcinoma	USE_18072	7	0.5094	0.1182	0.987	CAVIN1	28	chr17	42441357	42442320
Diffuse Type Stomach Adenocarcinoma	USE_19957	8	0.511	0.1205	0.993	ALPK2	108	chr18	58445994	58446856
Embryonal Carcinoma	USE_39606	1	0.3541	0.0845	0.937	GALNT17	46	chr7	71465151	71473901
Embryonal Carcinoma	USE_40139	2	0.3545	0.0845	0.974	IFT22	21	chr7	101293425	101295641
Embryonal Carcinoma	USE_46161	3	0.3616	0.0845	1.143	TMEM31	29	chrX	103741347	103743354
Embryonal Carcinoma	USE_42172	4	0.3684	0.0845	0.959	PRDM14	9	chr8	70070494	70072592
Embryonal Carcinoma	USE_35188	5	0.3731	0.0845	1.054	SCGB3A2	4	chr5	147869394	147875077
Embryonal Carcinoma	USE_2435	6	0.3743	0.0845	1.266	FAM72C	140	chr1	144102398	144104965
Embryonal Carcinoma	USE_14148	7	0.3898	0.0845	1.112	GOLGA6L6	432	chr15	20102319	20105472
Embryonal Carcinoma	USE_1471	8	0.394	0.0845	1.592	L1TD1	7	chr1	62194931	62196883
Embryonal Carcinoma	USE_23230	9	0.4109	0.0845	1.054	PLGLB2	324	chr2	87428444	87430934
Embryonal Carcinoma	USE_3198	10	0.4136	0.0845	1.315	TNN	22	chr1	175129417	175131365
Embryonal Carcinoma	USE_24321	11	0.4155	0.0845	1.308	CHN1	23	chr2	174924425	174926205
Embryonal Carcinoma	USE_14153	12	0.4178	0.0845	1.112	GOLGA6L6	195	chr15	20340322	20342230
Embryonal Carcinoma	USE_15888	13	0.4202	0.0845	0.992	GRIN2A	294	chr16	9669556	9677936
Embryonal Carcinoma	USE_14160	14	0.4224	0.0845	1.112	POTEB2	259	chr15	21107558	21112791
Embryonal Carcinoma	USE_32313	15	0.4243	0.0845	0.905	SPP1	56	chr4	87922534	87924291
Embryonal Rhabdomyosarcoma	USE_9021	1	0.509	0.0845	1.323	TEAD4	33	chr12	3032467	3034226
Embryonal Rhabdomyosarcoma	USE_2063	2	0.5179	0.0847	1.183	GPR61	13	chr1	109529462	109532333
Embryonal Rhabdomyosarcoma	USE_9871	3	0.5215	0.085	1.054	NCKAP5L	0	chr12	49808187	49810693
Embryonal Rhabdomyosarcoma	USE_7006	4	0.5226	0.085	1.131	MYOD1	2	chr11	17713995	17721849
Embryonal Rhabdomyosarcoma	USE_7007	5	0.5244	0.085	1.131	MYOD1	0	chr11	17719796	17721564
Embryonal Rhabdomyosarcoma	USE_3632	6	0.5265	0.085	1.218	MYOG	3	chr1	203085320	203091739
Embryonal Rhabdomyosarcoma	USE_5562	7	0.5277	0.085	0.893	CTNNA3	1520	chr10	65313848	65320247
Embryonal Rhabdomyosarcoma	USE_30303	8	0.5312	0.0856	1.033	SPSB4	4	chr3	141094931	141096052
Embryonal Rhabdomyosarcoma	USE_42964	9	0.5324	0.0861	1.262	MRPL13	15	chr8	120396973	120398282
Embryonal Rhabdomyosarcoma	USE_7003	10	0.5326	0.0863	1.151	OTOG	54	chr11	17649918	17653566
Embryonal Rhabdomyosarcoma	USE_20837	11	0.5358	0.087	1.221	TSHZ3	8	chr19	31253282	31263273
Embryonal Rhabdomyosarcoma	USE_18277	12	0.5372	0.0873	1.061	NGFR	66	chr17	49438119	49439843
Embryonal Rhabdomyosarcoma	USE_37542	13	0.5389	0.0881	1.047	VGLL2	0	chr6	117265738	117272559
Embryonal Rhabdomyosarcoma	USE_6723	14	0.54	0.0882	1.204	LSP1	7	chr11	1875022	1882536
Embryonal Rhabdomyosarcoma	USE_8756	15	0.5403	0.0883	1.076	PKNOX2	35	chr11	125261786	125264571
Endocervical Adenocarcinoma	USE_20245	1	0.51	0.2064	0.065	CBARP	11	chr19	1215329	1227696
Endocervical Adenocarcinoma	USE_7255	2	0.5108	0.2084	1.112	COMMD9	17	chr11	36296057	36298015
Endocervical Adenocarcinoma	USE_25638	3	0.5306	0.2623	0.557	BTBD3	116	chr20	11791288	11793009
Endocervical Adenocarcinoma	USE_16916	4	0.5308	0.2629	0.97	CDYL2	140	chr16	80835604	80847622
Endocervical Adenocarcinoma	USE_9362	5	0.5355	0.2767	1.21	AEBP2	182	chr12	19743372	19746259
Endocervical Adenocarcinoma	USE_41886	6	0.5356	0.2772	0.908	PPDPFL	3	chr8	49065158	49072508
Endocervical Adenocarcinoma	USE_20243	7	0.537	0.282	0.065	STK11	17	chr19	1154377	1216152
Endocervical Adenocarcinoma	USE_42875	8	0.5395	0.2899	0.908	RAD21	30	chr8	116889744	116891110
Endocervical Adenocarcinoma	USE_13520	9	0.541	0.2949	0.886	SIPA1L1	61	chr14	71467891	71471605
Endocervical Adenocarcinoma	USE_31085	10	0.5419	0.2982	0.892	SST	34	chr3	187628981	187641560
Endocervical Adenocarcinoma	USE_7417	11	0.5423	0.2992	0.869	P2RX3	4	chr11	57359168	57361104
Endocervical Adenocarcinoma	USE_27452	12	0.5424	0.2997	0.893	SLX9	92	chr21	45049909	45051851
Endocervical Adenocarcinoma	USE_16187	13	0.5435	0.3035	1.223	CACNG3	36	chr16	24343236	24349424
Endometrial Carcinoma	USE_33219	1	0.4504	0.0845	0.78	FRG1	104	chr4	189837172	189858043
Endometrial Carcinoma	USE_7143	2	0.4822	0.0847	0.941	EIF3M	67	chr11	32526346	32528110
Endometrial Carcinoma	USE_1743	3	0.4907	0.085	1.086	LMO4	190	chr1	87528440	87531235
Endometrial Carcinoma	USE_41449	4	0.4992	0.0853	1.078	LZTS1	134	chr8	20406026	20412942
Endometrial Carcinoma	USE_13627	5	0.51	0.0883	1.009	ESRRB	130	chr14	76531235	76541878
Endometrial Carcinoma	USE_44540	6	0.5331	0.1048	1.077	NTRK2	37	chr9	84918219	84920605
Endometrial Carcinoma	USE_38328	7	0.537	0.1095	1.007	DACT2	109	chr6	168195355	168197552
Endometrial Carcinoma	USE_19841	8	0.5433	0.1193	0.962	LIPG	36	chr18	49612575	49620554
Endometrial Carcinoma	USE_21804	9	0.544	0.1207	0.928	LPIN1	207	chr2	11955574	11963907
Endometrial Carcinoma	USE_6918	10	0.5453	0.1228	0.98	PARVA	96	chr11	12356557	12363259
Endometrioid Ovarian Cancer	USE_7465	1	0.3906	0.0847	1.145	OR10V1	19	chr11	59731353	59734041
Endometrioid Ovarian Cancer	USE_9773	2	0.4704	0.1295	1.042	SLC38A1	124	chr12	46100966	46102546
Endometrioid Ovarian Cancer	USE_11078	3	0.4842	0.1497	1.035	NOS1	25	chr12	117349586	117361632
Endometrioid Ovarian Cancer	USE_45816	4	0.4858	0.1521	0.772	CTPS2	2	chrX	16642503	16654158
Endometrioid Ovarian Cancer	USE_22227	5	0.4863	0.153	1.033	RBKS	2	chr2	27833036	27844043
Endometrioid Ovarian Cancer	USE_6938	6	0.4885	0.1565	0.85	RASSF10	2	chr11	13012319	13013919
Endometrioid Ovarian Cancer	USE_1908	7	0.4896	0.1582	0.979	SNX7	533	chr1	98173633	98182109
Endometrioid Ovarian Cancer	USE_23662	8	0.4904	0.1599	1.035	DDX18	695	chr2	117125935	117129851
Endometrioid Ovarian Cancer	USE_38831	9	0.4906	0.1602	1.06	NUP42	17	chr7	23205803	23212790
Endometrioid Ovarian Cancer	USE_12345	10	0.4907	0.1605	0.983	RAP2A	131	chr13	97581727	97585139
Endometrioid Ovarian Cancer	USE_23477	11	0.4912	0.1617	0.813	POU3F3	82	chr2	104936761	104940636
Endometrioid Ovarian Cancer	USE_22479	12	0.4922	0.1634	0.974	PKDCC	225	chr2	41826701	41829123
Esophageal Squamous Cell Carcinoma	USE_44797	1	0.551	0.085	1.264	TRMO	25	chr9	97887215	97888858
Esophageal Squamous Cell Carcinoma	USE_33337	2	0.5549	0.085	1.27	IRX1	484	chr5	4082323	4084112
Esophageal Squamous Cell Carcinoma	USE_11078	3	0.5605	0.085	0.95	NOS1	25	chr12	117349586	117361632
Esophageal Squamous Cell Carcinoma	USE_38404	4	0.5612	0.0852	1.399	FOXL3	99	chr7	390918	392116
Esophageal Squamous Cell Carcinoma	USE_38402	5	0.5682	0.0873	1.399	FOXL3	77	chr7	368449	370362
Esophageal Squamous Cell Carcinoma	USE_8225	6	0.5684	0.0875	1.198	SESN3	287	chr11	95484972	95487424
Esophageal Squamous Cell Carcinoma	USE_17653	7	0.5724	0.0888	1.162	SLC47A2	8	chr17	19706340	19708250
Esophageal Squamous Cell Carcinoma	USE_9951	8	0.5756	0.0902	1.077	KRT5	3	chr12	52519883	52522372
Esophageal Squamous Cell Carcinoma	USE_1349	9	0.5781	0.0921	1.045	FAM151A	0	chr1	54614841	54616164
Esophageal Squamous Cell Carcinoma	USE_3571	10	0.5782	0.0921	1.078	PKP1	24	chr1	201282872	201284495
Esophageal Squamous Cell Carcinoma	USE_9952	11	0.5782	0.0921	1.077	KRT5	5	chr12	52522016	52523336
Ewing Sarcoma	USE_13897	1	0.3448	0.0055	0.929	VRK1	339	chr14	97214488	97217158
Ewing Sarcoma	USE_13896	2	0.3736	0.0055	0.929	VRK1	337	chr14	97207246	97219230
Ewing Sarcoma	USE_39019	3	0.4162	0.0055	1.137	NEUROD6	4	chr7	31342645	31344858
Ewing Sarcoma	USE_41551	4	0.4184	0.0055	1.241	STMN4	33	chr8	27212921	27214671
Ewing Sarcoma	USE_3402	5	0.4214	0.0055	1.324	HMCN1	246	chr1	185715234	185717497
Ewing Sarcoma	USE_8084	6	0.4224	0.0055	1.032	CCDC90B	461	chr11	83733622	83734932
Ewing Sarcoma	USE_41549	7	0.4313	0.0055	1.246	STMN4	57	chr8	27188274	27190640
Ewing Sarcoma	USE_45090	8	0.4336	0.0055	1.064	PAPPA	413	chr9	115863124	115865891
Ewing Sarcoma	USE_43943	9	0.4337	0.0055	0.948	CER1	1	chr9	14718699	14720503
Ewing Sarcoma	USE_13891	10	0.4398	0.0055	0.925	VRK1	190	chr14	97065147	97067270
Ewing Sarcoma	USE_8083	11	0.4406	0.0055	1.032	CCDC90B	468	chr11	83733526	83748710
Ewing Sarcoma	USE_28358	12	0.4409	0.0055	0.995	TAFA5	202	chr22	48871798	48873780
Ewing Sarcoma	USE_7783	13	0.4415	0.0055	1.074	CCND1	25	chr11	69620702	69623269
Ewing Sarcoma	USE_41356	14	0.445	0.0166	1.26	TRMT9B	60	chr8	12927100	12928825
Ewing Sarcoma	USE_46017	15	0.4454	0.0166	1.054	XAGE1B	2	chrX	52514565	52522401
Fibrosarcoma	USE_40663	1	0.5187	0.2288	1.007	PLXNA4	90	chr7	132291852	132299251
Fibrosarcoma	USE_8895	2	0.5191	0.2298	1.028	NTM	57	chr11	131910406	131912283
Fibrosarcoma	USE_13536	3	0.5291	0.2564	1.002	DPF3	192	chr14	72558331	72559915
Fibrosarcoma	USE_15871	4	0.5602	0.3613	1.007	CARHSP1	11	chr16	8848656	8850437
Fibrosarcoma	USE_39746	5	0.5647	0.3794	0.256	POMZP3	32	chr7	76583694	76589292
Fibrosarcoma	USE_8896	6	0.5664	0.3864	1.028	NTM	64	chr11	131910993	131924433
Fibrosarcoma	USE_36730	7	0.5668	0.3877	0.953	UNC5CL	248	chr6	40778889	40791032
Gastrointestinal Stromal Tumor	USE_43071	1	0.5484	0.1053	1.446	KLHL38	5	chr8	123654035	123655247
Gastrointestinal Stromal Tumor	USE_30970	2	0.5646	0.1343	1.747	ABCC5	16	chr3	183984394	183986140
Gastrointestinal Stromal Tumor	USE_10260	3	0.574	0.1584	1.94	RAP1B	161	chr12	68478937	68480462
Gastrointestinal Stromal Tumor	USE_43365	4	0.5834	0.1928	1.205	GSDMC	14	chr8	129752272	129754334
Germinal Center B-Cell Type	USE_22644	1	0.3102	0.0845	0.536	MSH6	38	chr2	47688338	47739855
Germinal Center B-Cell Type	USE_29470	2	0.3536	0.0845	0.99	RYBP	272	chr3	72135254	72138314
Germinal Center B-Cell Type	USE_19072	3	0.3552	0.0845	1.02	RBFOX3	18	chr17	79331023	79333272
Germinal Center B-Cell Type	USE_17843	4	0.3611	0.0845	1.02	ASIC2	73	chr17	33666436	33669146
Germinal Center B-Cell Type	USE_28270	5	0.3681	0.0845	1.019	PHF21B	9	chr22	44952810	44956788
Germinal Center B-Cell Type	USE_33425	6	0.3753	0.0845	1.166	DAP	35	chr5	10683842	10686114
Germinal Center B-Cell Type	USE_13270	7	0.3843	0.0845	0.998	DACT1	156	chr14	58795285	58799187
Germinal Center B-Cell Type	USE_22976	8	0.3924	0.0845	1.012	ARHGAP25	36	chr2	68788187	68791143
Germinal Center B-Cell Type	USE_19070	9	0.4083	0.0845	1.02	RBFOX3	43	chr17	79305441	79308444
Germinal Center B-Cell Type	USE_19069	10	0.4113	0.0845	1.02	RBFOX3	47	chr17	79299087	79306960
Germinal Center B-Cell Type	USE_20795	11	0.4119	0.0845	1.0	UQCRFS1	347	chr19	28843679	28878892
Germinal Center B-Cell Type	USE_27181	12	0.4152	0.0845	0.977	SETD4	205	chr21	35850287	35852539
Germinal Center B-Cell Type	USE_26176	13	0.4184	0.0845	1.25	MAFB	29	chr20	40712752	40721212
Germinal Center B-Cell Type	USE_15907	14	0.4197	0.0845	1.016	TVP23A	3	chr16	10780475	10791880
Glioblastoma	USE_40486	1	0.5547	0.1196	1.412	PTPRZ1	138	chr7	121823964	121834887
Glioblastoma	USE_25702	2	0.5643	0.1397	1.318	SNRPB2	23	chr20	16711770	16714715
Glioblastoma	USE_9379	3	0.5689	0.151	1.014	PDE3A	74	chr12	20602445	20604113
Glioblastoma	USE_35715	4	0.576	0.173	1.144	COL23A1	82	chr5	178496313	178497376
Glioblastoma	USE_40742	5	0.5802	0.1882	1.317	PTN	63	chr7	137342797	137355373
Glioblastoma	USE_33233	6	0.5814	0.193	1.34	PLEKHG4B	10	chr5	150053	153049
Glioblastoma	USE_2781	7	0.5823	0.1971	1.436	MEF2D	46	chr1	156435424	156436933
Glioblastoma	USE_38242	8	0.5856	0.2116	0.915	QKI	447	chr6	163941479	163946660
Glioblastoma	USE_2102	9	0.5896	0.2313	1.142	KCNA2	14	chr1	110555479	110566546
Glioblastoma, IDH-Wildtype	USE_12430	1	0.3635	0.0845	0.775	TMTC4	236	chr13	100875285	100876733
Glioblastoma, IDH-Wildtype	USE_12429	2	0.4	0.0845	0.775	TMTC4	240	chr13	100871237	100888434
Glioblastoma, IDH-Wildtype	USE_33384	3	0.4669	0.0845	1.147	FASTKD3	69	chr5	7793396	7795355
Glioblastoma, IDH-Wildtype	USE_29221	4	0.5084	0.0895	0.951	CACNA2D3	40	chr3	54639015	54639920
Glioblastoma, IDH-Wildtype	USE_11571	5	0.5277	0.1033	0.878	RASL11A	62	chr13	27334220	27336066
Glioblastoma, IDH-Wildtype	USE_27947	6	0.5289	0.1045	1.146	RFPL3	22	chr22	32334762	32335833
Glioblastoma, IDH-Wildtype	USE_17663	7	0.5413	0.1214	1.107	SPECC1	78	chr17	20084942	20086784
Glioblastoma, IDH-Wildtype	USE_38192	8	0.5422	0.1229	0.876	WTAP	146	chr6	159593902	159595938
Glioblastoma, IDH-Wildtype	USE_22657	9	0.5427	0.1236	1.074	GTF2A1L	20	chr2	48692751	48699343
Glioblastoma, IDH-Wildtype	USE_40915	10	0.5449	0.1281	1.315	TPK1	980	chr7	145623856	145625497
Glioblastoma, IDH-Wildtype	USE_39776	11	0.5512	0.1406	1.369	PHTF2	273	chr7	78150233	78152519
Glioblastoma, IDH-Wildtype	USE_25295	12	0.5531	0.1449	1.082	TWIST2	55	chr2	238928898	238939716
Gliosarcoma	USE_43434	1	0.448	0.1064	1.516	TG	54	chr8	132945484	132947323
Gliosarcoma	USE_38772	2	0.473	0.1346	1.979	MACC1	11	chr7	20164028	20165639
Gliosarcoma	USE_30895	3	0.4934	0.1669	1.906	FXR1	53	chr3	180871729	180872443
Gliosarcoma	USE_39185	4	0.4937	0.1677	1.747	INHBA	588	chr7	41096677	41098424
Gliosarcoma	USE_42980	5	0.5129	0.2084	1.406	SNTB1	111	chr8	120785185	120786863
Gliosarcoma	USE_41462	6	0.5403	0.2876	1.495	HRURF	2	chr8	22132588	22133292
Granulosa Cell Tumor	USE_10814	1	0.4922	0.161	0.995	APPL2	7	chr12	105212153	105213288
Granulosa Cell Tumor	USE_4934	2	0.508	0.1925	1.003	PLXDC2	50	chr10	20099997	20106600
Hepatoblastoma	USE_19956	1	0.4676	0.1289	0.569	ALPK2	142	chr18	58406891	58417751
Hepatoblastoma	USE_16016	2	0.4864	0.1565	1.168	NOMO1	9	chr16	14873585	14875006
Hepatoblastoma	USE_6716	3	0.4877	0.1584	0.994	KRTAP5-6	7	chr11	1689600	1691113
Hepatoblastoma	USE_24185	4	0.5041	0.1911	1.578	SCN1A	68	chr2	166134983	166135977
Hepatoblastoma	USE_31119	5	0.5047	0.1923	1.045	LPP	224	chr3	188745561	188747333
Hepatoblastoma	USE_38305	6	0.5051	0.1932	1.366	UNC93A	16	chr6	167309029	167310388
Hepatoblastoma	USE_35804	7	0.5083	0.2008	1.232	FOXQ1	83	chr6	1228104	1231163
Hepatoblastoma	USE_41090	8	0.511	0.2064	1.057	RNF32	46	chr7	156607224	156617092
Hepatoblastoma	USE_1255	9	0.5142	0.2146	1.045	TRABD2B	36	chr1	47912770	47919034
Hepatoblastoma	USE_16105	10	0.5143	0.2148	1.348	ACSM5	1	chr16	20426238	20427606
Hepatoblastoma	USE_7437	11	0.5149	0.2162	1.037	OR6Q1	59	chr11	57971164	57972946
Hepatoblastoma	USE_15839	12	0.5175	0.2226	1.7	NAGPA	6	chr16	5035707	5036705
Hepatocellular Carcinoma	USE_38312	1	0.5423	0.0847	1.017	AFDN	223	chr6	167675544	167677236
Hepatocellular Carcinoma	USE_41405	2	0.558	0.0851	0.887	FGL1	20	chr8	17906465	17908669
Hepatocellular Carcinoma	USE_28840	3	0.5596	0.0857	0.974	GPD1L	79	chr3	32215369	32217213
Hepatocellular Carcinoma	USE_37073	4	0.5632	0.0868	1.0	EYS	411	chr6	64300874	64302947
Hepatocellular Carcinoma	USE_44407	5	0.568	0.0883	0.983	ALDH1A1	6	chr9	72982869	72984783
Hepatocellular Carcinoma	USE_3931	6	0.5694	0.089	1.18	PROX1	38	chr1	214050093	214051696
Hepatocellular Carcinoma	USE_30381	7	0.5724	0.0904	0.949	AGTR1	118	chr3	148600051	148603210
Hepatocellular Carcinoma	USE_19956	8	0.5762	0.0933	0.863	ALPK2	142	chr18	58406891	58417751
Hepatocellular Carcinoma	USE_3117	9	0.5766	0.0937	1.038	FMO2	38	chr1	171159545	171161720
Hepatocellular Carcinoma	USE_31119	10	0.577	0.0941	0.966	LPP	224	chr3	188745561	188747333
Hepatocellular Carcinoma	USE_37064	11	0.5783	0.0956	1.038	PTP4A1	93	chr6	63458093	63459636
High-Grade Serous Ovarian Cancer	USE_16784	1	0.5619	0.0979	0.899	ZNF19	0	chr16	71512938	71516205
High-Grade Serous Ovarian Cancer	USE_39555	2	0.5652	0.1017	0.986	SPDYE21	613	chr7	67895369	67897430
High-Grade Serous Ovarian Cancer	USE_25626	3	0.5674	0.1046	1.2	JAG1	498	chr20	11153416	11154832
High-Grade Serous Ovarian Cancer	USE_6379	4	0.5676	0.1048	0.929	EMX2	1	chr10	117543636	117545605
High-Grade Serous Ovarian Cancer	USE_34285	5	0.5684	0.106	0.921	CERT1	30	chr5	75463563	75464985
High-Grade Serous Ovarian Cancer	USE_33611	6	0.5738	0.1151	1.334	CDH6	190	chr5	31065454	31077026
High-Grade Serous Ovarian Cancer	USE_26033	7	0.5785	0.1252	1.282	ASIP	51	chr20	34179451	34181677
High-Grade Serous Ovarian Cancer	USE_32247	8	0.5836	0.1391	0.883	SCD5	30	chr4	82743771	82745264
High-Grade Serous Ovarian Cancer	USE_43961	9	0.5867	0.1482	0.855	CCDC171	233	chr9	16039831	16041422
High-Grade Serous Ovarian Cancer	USE_28954	10	0.5871	0.1494	0.995	TRAK1	192	chr3	41921045	41934044
High-Grade Serous Ovarian Cancer	USE_34230	11	0.5874	0.1503	0.811	FOXD1	65	chr5	73380352	73382596
Hypopharynx Squamous Cell Carcinoma	USE_21135	1	0.3446	0.0845	0.903	PSG3	67	chr19	42663101	42663856
Hypopharynx Squamous Cell Carcinoma	USE_30354	2	0.4299	0.0981	1.328	DIPK2A	789	chr3	144798912	144799745
Hypopharynx Squamous Cell Carcinoma	USE_34931	3	0.4932	0.1755	1.105	JADE2	70	chr5	134482301	134484506
Hypopharynx Squamous Cell Carcinoma	USE_31152	4	0.5013	0.1918	1.009	P3H2	130	chr3	189908289	189909618
Hypopharynx Squamous Cell Carcinoma	USE_33900	5	0.5251	0.2485	0.403	FST	152	chr5	53318497	53344218
Hypopharynx Squamous Cell Carcinoma	USE_3821	6	0.5413	0.2974	1.157	CAMK1G	199	chr1	209398160	209399721
Hypopharynx Squamous Cell Carcinoma	USE_3819	7	0.5418	0.2991	1.157	CAMK1G	234	chr1	209363492	209365472
Hypopharynx Squamous Cell Carcinoma	USE_31151	8	0.5422	0.3001	1.009	P3H2	113	chr3	189898277	189953416
Hypopharynx Squamous Cell Carcinoma	USE_26036	9	0.5473	0.317	1.242	AHCY	19	chr20	34313957	34316809
Hypopharynx Squamous Cell Carcinoma	USE_23621	10	0.5483	0.3203	0.937	IL1B	21	chr2	112811598	112812730
Intrahepatic Cholangiocarcinoma	USE_26433	1	0.525	0.2341	1.282	RIPOR3	51	chr20	50689462	50691506
Intrahepatic Cholangiocarcinoma	USE_16589	2	0.5362	0.2673	0.758	CNGB1	30	chr16	57890156	57901537
Intrahepatic Cholangiocarcinoma	USE_1874	3	0.5626	0.3629	1.026	SLC44A3	73	chr1	94783403	94784610
Invasive Breast Carcinoma	USE_25383	1	0.5903	0.094	0.919	FAM240C	5	chr2	241891754	241893193
Invasive Breast Carcinoma	USE_7485	2	0.5905	0.0942	1.03	SLC15A3	2	chr11	60941045	60944065
Invasive Breast Carcinoma	USE_7716	3	0.5919	0.0959	1.098	ALDH3B2	3	chr11	67673984	67675625
Invasive Breast Carcinoma	USE_19787	4	0.5996	0.1079	0.79	LOXHD1	98	chr18	46467654	46469516
Invasive Breast Carcinoma	USE_27469	5	0.605	0.1202	1.028	SLC19A1	19	chr21	45512714	45514961
Invasive Breast Carcinoma	USE_5750	6	0.6051	0.1207	1.289	KCNMA1	117	chr10	77370422	77373331
Invasive Breast Carcinoma	USE_29485	7	0.6055	0.1218	0.926	SHQ1	58	chr3	72745787	72747802
Invasive Breast Carcinoma	USE_20419	8	0.6064	0.1245	0.853	XAB2	5	chr19	7618029	7620919
Invasive Breast Carcinoma	USE_31194	9	0.6067	0.1252	1.161	FGF12	144	chr3	192596331	192599012
Invasive Breast Carcinoma	USE_27303	10	0.6074	0.1278	1.039	DSCAM	46	chr21	40379521	40385126
Invasive Breast Carcinoma	USE_40089	11	0.6074	0.1279	1.103	AZGP1	16	chr7	99953194	99956033
Large Cell Lung Carcinoma	USE_25705	1	0.4502	0.0845	1.114	OTOR	167	chr20	16926095	16927880
Large Cell Lung Carcinoma	USE_42213	2	0.4549	0.0845	1.342	KCNB2	58	chr8	72794946	72796922
Large Cell Lung Carcinoma	USE_12910	3	0.4833	0.0845	1.037	NPAS3	324	chr14	33052425	33054315
Large Cell Lung Carcinoma	USE_45718	4	0.4872	0.0845	0.825	CD99	39	chrX	2676318	2678007
Large Cell Lung Carcinoma	USE_33606	5	0.4927	0.0845	1.259	CDH6	1066	chr5	30193842	30195785
Large Cell Lung Carcinoma	USE_30257	6	0.4939	0.0847	1.204	MRAS	22	chr3	138398204	138400522
Large Cell Lung Carcinoma	USE_25708	7	0.5098	0.085	1.119	PCSK2	186	chr20	17167338	17170463
Large Cell Lung Carcinoma	USE_33372	8	0.5112	0.085	1.25	NSUN2	70	chr5	6544996	6546887
Large Cell Lung Carcinoma	USE_38770	9	0.5114	0.085	1.33	MACC1	34	chr7	20140997	20142584
Large Cell Lung Carcinoma	USE_38094	10	0.5142	0.0853	1.065	CNKSR3	141	chr6	154590001	154590827
Large Cell Lung Carcinoma	USE_18234	11	0.5152	0.0857	1.25	SKAP1	49	chr17	48231330	48233429
Large Cell Lung Carcinoma	USE_39113	12	0.5165	0.0861	1.392	ELMO1	239	chr7	36910933	36912892
Large Cell Lung Carcinoma	USE_11013	13	0.5169	0.0863	1.101	RBM19	97	chr12	113988040	113990441
Leiomyosarcoma	USE_45958	1	0.3607	0.0845	0.364	DIPK2B	600	chrX	45774561	45776289
Leiomyosarcoma	USE_45957	2	0.439	0.1023	0.364	DIPK2B	608	chrX	45758021	45808587
Lung Adenocarcinoma	USE_40917	1	0.541	0.0845	1.019	CNTNAP2	1126	chr7	146136236	146147524
Lung Adenocarcinoma	USE_44099	2	0.5908	0.0845	0.885	TAF1L	36	chr9	32664728	32673630
Lung Adenocarcinoma	USE_12321	3	0.5973	0.085	0.827	ABCC4	44	chr13	95115052	95116554
Lung Adenocarcinoma	USE_46431	4	0.5977	0.085	0.298	CDY2A	119	chrY	18138862	18153372
Lung Adenocarcinoma	USE_41409	5	0.6001	0.085	0.768	NAT2	16	chr8	18398357	18426379
Lung Adenocarcinoma	USE_115	6	0.6052	0.0866	0.973	NPHP4	315	chr1	5610671	5612873
Lung Adenocarcinoma	USE_1448	7	0.6059	0.0868	1.059	C1orf87	541	chr1	60568672	60574681
Lung Adenocarcinoma	USE_46430	8	0.6059	0.0869	0.298	CDY2B	119	chrY	17752533	17767133
Lung Adenocarcinoma	USE_12183	9	0.6059	0.0869	0.85	LMO7	14	chr13	75724008	75727135
Lung Squamous Cell Carcinoma	USE_37296	1	0.5792	0.1032	0.869	POU3F2	1	chr6	98835032	98836178
Mantle Cell Lymphoma	USE_4441	1	0.3091	0.0055	0.851	CEP170	403	chr1	242783344	242790073
Mantle Cell Lymphoma	USE_27708	2	0.3352	0.0398	0.734	IGLL5	13	chr22	22905024	22905870
Mantle Cell Lymphoma	USE_4440	3	0.3721	0.0845	0.849	CEP170	391	chr1	242783157	242814108
Mantle Cell Lymphoma	USE_23571	4	0.3888	0.0845	0.689	BUB1	90	chr2	110747111	110749925
Mantle Cell Lymphoma	USE_27711	5	0.3993	0.0845	0.734	IGLL5	43	chr22	22934618	22936358
Mantle Cell Lymphoma	USE_27712	6	0.3998	0.0845	0.734	IGLL5	43	chr22	22935579	22935828
Mantle Cell Lymphoma	USE_37233	7	0.4239	0.0845	0.824	RNGTT	171	chr6	88612226	88617541
Mantle Cell Lymphoma	USE_27709	8	0.4322	0.0845	0.719	IGLL5	49	chr22	22926183	22955917
Mantle Cell Lymphoma	USE_27710	9	0.4353	0.0845	0.734	IGLL5	37	chr22	22928669	22929379
Mantle Cell Lymphoma	USE_27706	10	0.4421	0.0845	0.677	IGLL5	11	chr22	22838265	22922954
Mantle Cell Lymphoma	USE_5939	11	0.4504	0.0845	1.03	KIF20B	309	chr10	90046303	90048752
Mantle Cell Lymphoma	USE_6629	12	0.451	0.0845	0.938	PPP2R2D	168	chr10	131760542	131763399
Mantle Cell Lymphoma	USE_1980	13	0.4683	0.0845	0.807	AMY1C	841	chr1	104592416	104594846
Mantle Cell Lymphoma	USE_23570	14	0.4724	0.0845	0.689	BUB1	83	chr2	110732659	110748999
Mature T and NK Neoplasms	USE_30157	1	0.455	0.1126	1.119	COL6A5	65	chr3	130345871	130354240
Mature T and NK Neoplasms	USE_27360	2	0.4563	0.1144	1.171	SLC37A1	31	chr21	42568898	42570976
Mature T and NK Neoplasms	USE_4700	3	0.4597	0.1179	1.121	IL2RA	24	chr10	6059920	6061334
Mature T and NK Neoplasms	USE_39329	4	0.484	0.1508	1.036	TNS3	124	chr7	47302929	47304925
Mature T and NK Neoplasms	USE_36888	5	0.4906	0.1621	1.074	RCAN2	32	chr6	46322837	46325576
Mature T and NK Neoplasms	USE_41992	6	0.4911	0.163	1.258	FAM110B	53	chr8	58151804	58154126
Medulloblastoma, Group 3	USE_43536	1	0.1398	0.0186	0.91	KHDRBS3	962	chr8	136518342	136520395
Medulloblastoma, Group 3	USE_43540	2	0.1447	0.0243	0.91	KHDRBS3	1064	chr8	136616544	136626344
Medulloblastoma, Group 3	USE_43538	3	0.1528	0.0378	0.91	KHDRBS3	1016	chr8	136572582	136574439
Medulloblastoma, Group 3	USE_43535	4	0.1718	0.0693	0.91	KHDRBS3	917	chr8	136473958	136475721
Medulloblastoma, Group 3	USE_43539	5	0.1842	0.0731	0.91	KHDRBS3	1021	chr8	136572582	136585127
Medulloblastoma, Group 3	USE_43526	6	0.2035	0.0845	0.91	KHDRBS3	446	chr8	136002584	136004452
Medulloblastoma, Group 3	USE_43534	7	0.228	0.0845	0.91	KHDRBS3	924	chr8	136473951	136488467
Medulloblastoma, Group 3	USE_43234	8	0.2907	0.0845	26.837	POU5F1B	40	chr8	127330218	127330535
Medulloblastoma, Group 3	USE_43233	9	0.2907	0.0845	26.837	POU5F1B	40	chr8	127329867	127331585
Medulloblastoma, Group 3	USE_43532	10	0.297	0.0845	0.91	KHDRBS3	706	chr8	136259029	136268004
Medulloblastoma, Group 3	USE_43214	11	0.3175	0.0845	26.837	POU5F1B	279	chr8	127091337	127092907
Medulloblastoma, Group 3	USE_43335	12	0.3191	0.0845	1.004	GSDMC	688	chr8	129072968	129084465
Medulloblastoma, Group 3	USE_43518	13	0.327	0.0845	0.91	KHDRBS3	335	chr8	135221349	135222313
Medulloblastoma, Group 3	USE_40918	14	0.3549	0.0845	0.959	CNTNAP2	892	chr7	146374902	146376573
Medulloblastoma, Group 3	USE_43232	15	0.3589	0.0845	26.837	POU5F1B	33	chr8	127321199	127353994
Medulloblastoma, NOS	USE_13249	1	0.3549	0.0845	8.239	CCDC198	90	chr14	57563211	57581312
Medulloblastoma, NOS	USE_5312	2	0.367	0.0845	0.927	OR13A1	106	chr10	45198454	45206015
Medulloblastoma, NOS	USE_13224	3	0.3961	0.085	7.045	TMEM260	118	chr14	56683064	56692697
Medulloblastoma, NOS	USE_286	4	0.4431	0.1014	1.087	CASZ1	38	chr1	10677291	10679365
Medulloblastoma, NOS	USE_13257	5	0.4515	0.1087	9.031	ARMH4	109	chr14	58038953	58040150
Medulloblastoma, NOS	USE_13245	6	0.4574	0.1146	6.321	NAA30	18	chr14	57420874	57421941
Medulloblastoma, NOS	USE_3233	7	0.4575	0.1148	1.045	TEX35	121	chr1	178650725	178653344
Melanoma	USE_37059	1	0.4699	0.0845	0.945	KHDRBS2	360	chr6	61621550	61623844
Melanoma	USE_26624	2	0.4852	0.0845	1.318	ANKRD60	183	chr20	58036897	58040561
Melanoma	USE_43525	3	0.4939	0.0845	1.115	KHDRBS3	369	chr8	135925363	135927027
Melanoma	USE_14662	4	0.4999	0.0845	1.075	WDR72	423	chr15	53208091	53222193
Melanoma	USE_27175	5	0.5008	0.0845	1.022	RUNX1	210	chr21	35605558	35607835
Melanoma	USE_26896	6	0.5015	0.0845	0.912	POTED	424	chr21	13202096	13203592
Melanoma	USE_43524	7	0.5032	0.0845	1.115	KHDRBS3	374	chr8	135925181	135938692
Melanoma	USE_43199	8	0.5053	0.0845	1.236	LRATD2	284	chr8	126839112	126840575
Melanoma	USE_15998	9	0.5107	0.0845	1.007	MRTFB	94	chr16	14261880	14264500
Melanoma	USE_3406	10	0.5115	0.0845	1.09	HMCN1	185	chr1	185777242	185777921
Melanoma	USE_10737	11	0.5115	0.0845	0.995	GAS2L3	87	chr12	100687874	100689245
Melanoma	USE_1487	12	0.5133	0.0845	1.063	FOXD3	188	chr1	63134242	63135658
Melanoma	USE_26626	13	0.5146	0.0845	1.317	ANKRD60	137	chr20	58084240	58086086
Melanoma	USE_9409	14	0.5153	0.0845	1.253	ETNK1	64	chr12	22721696	22722941
Melanoma	USE_25300	15	0.5155	0.0845	0.953	HDAC4	29	chr2	239194367	239197309
Mucinous Ovarian Cancer	USE_21135	1	0.3889	0.0845	0.853	PSG3	67	chr19	42663101	42663856
Mucinous Ovarian Cancer	USE_30354	2	0.4254	0.0845	1.041	DIPK2A	789	chr3	144798912	144799745
Mucinous Ovarian Cancer	USE_16392	3	0.5491	0.1899	0.991	SHCBP1	209	chr16	46389862	46390814
Mucinous Ovarian Cancer	USE_2738	4	0.5491	0.1899	1.048	MUC1	0	chr1	155189414	155190271
Mucinous Ovarian Cancer	USE_16391	5	0.5546	0.207	0.991	SHCBP1	208	chr16	46380697	46401670
NUT Midline Carcinoma of the Head and Neck	USE_23681	1	0.3393	0.0845	1.315	INSIG2	168	chr2	118253230	118283307
NUT Midline Carcinoma of the Head and Neck	USE_23686	2	0.3407	0.0845	1.195	INSIG2	371	chr2	118459913	118482687
NUT Midline Carcinoma of the Head and Neck	USE_32624	3	0.3574	0.0845	1.06	ANKRD50	353	chr4	125040679	125043210
NUT Midline Carcinoma of the Head and Neck	USE_5424	4	0.3651	0.0845	1.023	MBL2	147	chr10	52620394	52622997
NUT Midline Carcinoma of the Head and Neck	USE_43231	5	0.3769	0.0845	1.191	POU5F1B	49	chr8	127320933	127321996
NUT Midline Carcinoma of the Head and Neck	USE_32625	6	0.381	0.0847	1.046	FAT4	319	chr4	125063984	125104785
NUT Midline Carcinoma of the Head and Neck	USE_7075	7	0.3816	0.0847	0.968	CCDC179	706	chr11	23555484	23565452
NUT Midline Carcinoma of the Head and Neck	USE_25028	8	0.3816	0.0847	1.14	RHBDD1	20	chr2	226934817	226941470
NUT Midline Carcinoma of the Head and Neck	USE_5423	9	0.3882	0.085	1.027	MBL2	137	chr10	52609743	52653993
NUT Midline Carcinoma of the Head and Neck	USE_14352	10	0.3907	0.085	1.036	CDIN1	390	chr15	36294493	36313937
NUT Midline Carcinoma of the Head and Neck	USE_7072	11	0.4016	0.0857	1.077	CCDC179	572	chr11	23423788	23427671
NUT Midline Carcinoma of the Head and Neck	USE_23683	12	0.4024	0.086	1.196	INSIG2	288	chr2	118371884	118404991
Natural Killer (NK) Cell Lymphoblastic Leukemia/Lymphoma (NKCLL)	USE_6667	1	0.4622	0.1296	0.769	SPRN	25	chr10	133442037	133454667
Neuroblastoma	USE_31876	1	0.452	0.0095	1.027	PHOX2B	2	chr4	41745421	41751954
Neuroblastoma	USE_30101	2	0.4751	0.0186	1.171	DNAJB8	7	chr3	128456627	128457033
Neuroblastoma	USE_30102	3	0.4895	0.0845	1.171	DNAJB8	6	chr3	128456673	128458818
Neuroblastoma	USE_31879	4	0.4982	0.0845	1.058	TMEM33	76	chr4	41857167	41886337
Neuroblastoma	USE_35502	5	0.5102	0.0845	1.048	PANK3	207	chr5	168770031	168772867
Neuroblastoma	USE_45373	6	0.5114	0.0845	1.093	IER5L	217	chr9	129393976	129395013
Neuroblastoma	USE_35311	7	0.5124	0.0845	1.056	HAND1	0	chr5	154476279	154478132
Neuroblastoma	USE_7868	8	0.5146	0.0845	1.039	PHOX2A	0	chr11	72239940	72245371
Neuroblastoma	USE_7872	9	0.5171	0.0845	1.056	CLPB	10	chr11	72369432	72371008
Neuroblastoma	USE_33020	10	0.5173	0.0845	1.086	HAND2	18	chr4	173508555	173509777
Neuroblastoma	USE_3253	11	0.5194	0.0845	1.294	FAM163A	35	chr1	179742768	179745385
Neuroblastoma	USE_32822	12	0.5203	0.0845	1.033	MAB21L2	1	chr4	150579645	150584085
Neuroblastoma	USE_45513	13	0.5241	0.0845	1.083	DBH	11	chr9	133635435	133637116
Neuroblastoma	USE_18981	14	0.5242	0.0845	1.633	PRCD	2	chr17	76542368	76543423
Neuroblastoma	USE_33039	15	0.5244	0.0845	1.15	FBXO8	42	chr4	174217389	174218344
Non-Hodgkin Lymphoma	USE_27709	1	0.4065	0.0845	0.524	IGLL5	49	chr22	22926183	22955917
Non-Hodgkin Lymphoma	USE_27711	2	0.4173	0.0845	0.524	IGLL5	43	chr22	22934618	22936358
Non-Hodgkin Lymphoma	USE_27708	3	0.4178	0.0845	0.524	IGLL5	13	chr22	22905024	22905870
Non-Hodgkin Lymphoma	USE_27712	4	0.4202	0.0845	0.524	IGLL5	43	chr22	22935579	22935828
Non-Hodgkin Lymphoma	USE_27702	5	0.4559	0.085	0.524	GGTLC2	80	chr22	22720685	22732640
Non-Hodgkin Lymphoma	USE_40689	6	0.4992	0.1059	1.262	LRGUK	50	chr7	134245947	134246959
Non-Hodgkin Lymphoma	USE_27706	7	0.5034	0.1099	0.524	IGLL5	11	chr22	22838265	22922954
Non-Hodgkin Lymphoma	USE_31095	8	0.5148	0.1244	1.155	BCL6	246	chr3	187978981	187980874
Non-Hodgkin Lymphoma	USE_31188	9	0.5155	0.1254	1.095	FGF12	270	chr3	192182716	192183923
Non-Hodgkin Lymphoma	USE_16217	10	0.5157	0.1257	1.022	IL4R	40	chr16	27297367	27299398
Non-Hodgkin Lymphoma	USE_26180	11	0.5203	0.1335	1.075	TOP1	135	chr20	40940412	40942506
Non-Hodgkin Lymphoma	USE_14137	12	0.5228	0.138	1.075	TMEM121	1224	chr14	106752150	106753677
Non-Hodgkin Lymphoma	USE_40287	13	0.5256	0.1429	1.289	PRKAR2B	12	chr7	107089929	107092381
Non-Small Cell Lung Cancer	USE_21049	1	0.479	0.0847	1.425	FCGBP	16	chr19	39914749	39915843
Non-Small Cell Lung Cancer	USE_8090	2	0.5792	0.2305	1.012	DLG2	280	chr11	84817349	84825981
Non-Small Cell Lung Cancer	USE_21526	3	0.5856	0.2615	0.986	ZNF582	0	chr19	56383396	56385452
Non-Small Cell Lung Cancer	USE_18182	4	0.5904	0.2883	1.014	LRRC37A	30	chr17	46283843	46285608
Oral Cavity Squamous Cell Carcinoma	USE_9950	1	0.5438	0.085	1.047	KRT5	0	chr12	52514666	52520301
Oral Cavity Squamous Cell Carcinoma	USE_9951	2	0.5463	0.0857	1.047	KRT5	3	chr12	52519883	52522372
Oral Cavity Squamous Cell Carcinoma	USE_6195	3	0.5492	0.0868	0.965	STN1	26	chr10	103870902	103872090
Oral Cavity Squamous Cell Carcinoma	USE_9952	4	0.5494	0.0868	1.047	KRT5	5	chr12	52522016	52523336
Oral Cavity Squamous Cell Carcinoma	USE_9506	5	0.5539	0.0882	0.981	SSPN	163	chr12	26373337	26375403
Oral Cavity Squamous Cell Carcinoma	USE_38376	6	0.5686	0.0975	0.96	DLL1	66	chr6	170223148	170232717
Oral Cavity Squamous Cell Carcinoma	USE_38402	7	0.571	0.1001	1.322	FOXL3	77	chr7	368449	370362
Oral Cavity Squamous Cell Carcinoma	USE_18983	8	0.5742	0.1044	1.009	ST6GALNAC2	9	chr17	76584833	76586417
Oral Cavity Squamous Cell Carcinoma	USE_886	9	0.5772	0.1089	1.14	GJB5	1	chr1	34754548	34755877
Oral Cavity Squamous Cell Carcinoma	USE_3571	10	0.5804	0.1147	1.221	PKP1	24	chr1	201282872	201284495
Oral Cavity Squamous Cell Carcinoma	USE_3820	11	0.5806	0.1149	1.258	CAMK1G	214	chr1	209383348	209384805
Oral Cavity Squamous Cell Carcinoma	USE_18945	12	0.5818	0.1175	1.022	ITGB4	12	chr17	75720597	75732733
Oral Cavity Squamous Cell Carcinoma	USE_35291	13	0.5821	0.1181	1.088	FAT2	21	chr5	151568624	151570722
Oropharynx Squamous Cell Carcinoma	USE_23913	1	0.3014	0.0845	0.066	THSD7B	47	chr2	137155120	137192998
Oropharynx Squamous Cell Carcinoma	USE_38402	2	0.5101	0.2045	0.983	FOXL3	77	chr7	368449	370362
Oropharynx Squamous Cell Carcinoma	USE_8845	3	0.5146	0.2154	0.919	TMEM45B	106	chr11	129727972	129733939
Oropharynx Squamous Cell Carcinoma	USE_5420	4	0.5273	0.2484	0.761	DKK1	184	chr10	52499789	52500750
Oropharynx Squamous Cell Carcinoma	USE_5435	5	0.5286	0.2521	0.64	PCDH15	819	chr10	53886777	53905669
Oropharynx Squamous Cell Carcinoma	USE_38376	6	0.5395	0.2852	0.686	DLL1	66	chr6	170223148	170232717
Oropharynx Squamous Cell Carcinoma	USE_14786	7	0.5422	0.2943	1.063	BNIP2	155	chr15	59828696	59830923
Oropharynx Squamous Cell Carcinoma	USE_41877	8	0.5469	0.3105	0.775	SNAI2	214	chr8	48695699	48714417
Oropharynx Squamous Cell Carcinoma	USE_39020	9	0.5488	0.317	1.007	ITPRID1	92	chr7	31487164	31500712
Osteosarcoma	USE_46414	1	0.4527	0.0845	0.452	TSPY1	27	chrY	9494536	9496237
Osteosarcoma	USE_46413	2	0.4564	0.0845	0.452	TSPY1	13	chrY	9453903	9455640
Osteosarcoma	USE_46415	3	0.4713	0.0845	0.452	TSPY10	13	chrY	9514850	9516430
Osteosarcoma	USE_9796	4	0.5095	0.0845	1.016	AMIGO2	78	chr12	46998277	46999631
Osteosarcoma	USE_44035	5	0.5167	0.0845	0.523	IFNE	183	chr9	21655668	21674803
Osteosarcoma	USE_9793	6	0.5411	0.085	1.046	SLC38A4	114	chr12	46904606	46921935
Osteosarcoma	USE_44770	7	0.5551	0.0883	1.074	ERCC6L2	86	chr9	96082302	96084079
Osteosarcoma	USE_41229	8	0.5595	0.0902	1.019	XKR5	8	chr8	6812760	6813880
Osteosarcoma	USE_44507	9	0.5671	0.0954	1.039	SPATA31D1	279	chr9	82270285	82272338
Osteosarcoma	USE_44040	10	0.5696	0.0979	0.527	MTAP	36	chr9	21829846	21837597
Pancreatic Adenocarcinoma	USE_19928	1	0.597	0.0884	0.623	ONECUT2	35	chr18	57427458	57429079
Pancreatic Adenocarcinoma	USE_41120	2	0.5974	0.0886	1.014	DNAJB6	179	chr7	157554913	157556241
Pancreatic Adenocarcinoma	USE_37791	3	0.6022	0.0916	0.904	IL20RA	3	chr6	137023719	137027488
Pancreatic Adenocarcinoma	USE_25679	4	0.6035	0.0926	0.937	MACROD2	41	chr20	14979037	14987419
Pancreatic Adenocarcinoma	USE_19197	5	0.604	0.0932	1.033	METRNL	4	chr17	83090813	83092532
Pancreatic Adenocarcinoma	USE_44124	6	0.6083	0.0984	0.901	PRSS3	9	chr9	33764279	33766507
Pancreatic Adenocarcinoma	USE_44036	7	0.6085	0.0988	0.372	MTAP	189	chr9	21671020	21689859
Pancreatic Adenocarcinoma	USE_16784	8	0.6088	0.0993	1.061	ZNF19	0	chr16	71512938	71516205
Pancreatic Adenocarcinoma	USE_12134	9	0.609	0.0999	0.959	KLF5	128	chr13	73194644	73195612
Pancreatic Adenocarcinoma	USE_43662	10	0.6113	0.1044	1.231	LY6L	26	chr8	143054823	143056838
Pancreatic Adenocarcinoma	USE_6656	11	0.6116	0.1046	1.055	CFAP46	27	chr10	132902501	132904155
Pancreatic Adenocarcinoma	USE_16177	12	0.6118	0.1048	0.964	ERN2	4	chr16	23698539	23713241
Pancreatic Adenocarcinoma	USE_34086	13	0.6122	0.1057	1.083	NLN	14	chr5	65810647	65812602
Pancreatic Neuroendocrine Tumor	USE_19928	1	0.39	0.085	1.242	ONECUT2	35	chr18	57427458	57429079
Pancreatic Neuroendocrine Tumor	USE_21477	2	0.474	0.1361	0.956	LAIR2	10	chr19	54509646	54520196
Papillary Renal Cell Carcinoma	USE_6357	1	0.4057	0.0882	1.532	GFRA1	67	chr10	116098102	116099762
Papillary Renal Cell Carcinoma	USE_8052	2	0.4449	0.1075	1.002	TENM4	1094	chr11	80136220	80146247
Papillary Renal Cell Carcinoma	USE_36373	3	0.4546	0.1167	1.03	SLC17A3	22	chr6	25874569	25885361
Papillary Renal Cell Carcinoma	USE_8053	4	0.4751	0.1414	1.002	TENM4	1098	chr11	80144076	80146558
Papillary Renal Cell Carcinoma	USE_13253	5	0.4821	0.1519	1.045	SLC35F4	161	chr14	57929882	57938370
Plasma Cell Myeloma	USE_2291	1	0.3588	0.0095	0.668	TENT5C	14	chr1	117629991	117633276
Plasma Cell Myeloma	USE_2290	2	0.431	0.0845	0.668	TENT5C	37	chr1	117622040	117687114
Plasma Cell Myeloma	USE_27712	3	0.4795	0.0845	0.731	IGLL5	43	chr22	22935579	22935828
Plasma Cell Myeloma	USE_27711	4	0.4799	0.0845	0.731	IGLL5	43	chr22	22934618	22936358
Plasma Cell Myeloma	USE_27710	5	0.4863	0.0845	0.731	IGLL5	37	chr22	22928669	22929379
Plasma Cell Myeloma	USE_11906	6	0.4879	0.0845	0.687	CBY2	7	chr13	45700284	45702440
Plasma Cell Myeloma	USE_35972	7	0.4999	0.0845	1.176	TXNDC5	21	chr6	7916606	7918272
Plasma Cell Myeloma	USE_33368	8	0.505	0.0845	1.134	UBE2QL1	9	chr5	6479942	6485026
Plasma Cell Myeloma	USE_38978	9	0.5062	0.0845	1.182	PRR15	91	chr7	29656165	29658943
Plasma Cell Myeloma	USE_44655	10	0.5084	0.0845	0.994	SYK	92	chr9	90941391	90944053
Plasma Cell Myeloma	USE_12208	11	0.511	0.0845	0.754	EDNRB	182	chr13	78116394	78119554
Plasma Cell Myeloma	USE_25112	12	0.5114	0.0845	0.933	ALPP	104	chr2	232275205	232277023
Plasma Cell Myeloma	USE_8263	13	0.5129	0.0845	1.06	CNTN5	594	chr11	99091275	99099475
Plasma Cell Myeloma	USE_24278	14	0.5134	0.0845	0.89	PDK1	15	chr2	172596167	172598636
Plasma Cell Myeloma	USE_23153	15	0.5175	0.0845	0.94	LRRTM1	440	chr2	80736812	80737729
Pleural Mesothelioma, Biphasic Type	USE_44258	1	0.5721	0.4171	0.557	FOXD4L6	62	chr9	41053094	41077498
Pleural Mesothelioma, Epithelioid Type	USE_15515	1	0.4024	0.0868	1.247	SLCO3A1	7	chr15	92020421	92021440
Pleural Mesothelioma, Epithelioid Type	USE_18529	2	0.4733	0.1397	1.043	PPM1D	59	chr17	60572554	60574410
Pleural Mesothelioma, Epithelioid Type	USE_15078	3	0.4749	0.1417	1.312	NR2E3	113	chr15	71691272	71692881
Pleural Mesothelioma, Epithelioid Type	USE_34096	4	0.4799	0.149	1.054	SREK1	292	chr5	66453864	66455419
Pleural Mesothelioma, Epithelioid Type	USE_34206	5	0.4864	0.1594	1.074	PTCD2	58	chr5	72401891	72403356
Pleural Mesothelioma, Epithelioid Type	USE_36002	6	0.4875	0.1616	0.987	TFAP2A	758	chr6	9647203	9648422
Pleural Mesothelioma, Epithelioid Type	USE_36001	7	0.4945	0.1745	0.987	TFAP2A	753	chr6	9647199	9658682
Poorly Differentiated Thyroid Cancer	USE_33695	1	0.5034	0.1884	1.624	AGXT2	24	chr5	35046585	35048187
Poorly Differentiated Thyroid Cancer	USE_23853	2	0.5169	0.2197	0.984	NCKAP5	538	chr2	133657485	133658930
Poorly Differentiated Thyroid Cancer	USE_11303	3	0.5227	0.2351	1.043	TMEM132C	1214	chr12	127260027	127285896
Poorly Differentiated Thyroid Cancer	USE_11304	4	0.5324	0.2625	1.043	TMEM132C	1202	chr12	127284249	127286273
Primary Effusion Lymphoma	USE_42197	1	0.4314	0.0845	1.617	EYA1	56	chr8	71337390	71339786
Primary Effusion Lymphoma	USE_38136	2	0.4593	0.0845	0.899	TMEM242	3	chr6	157301593	157303692
Primary Effusion Lymphoma	USE_18891	3	0.4677	0.0845	1.142	CD300E	24	chr17	74640039	74642629
Primary Effusion Lymphoma	USE_9745	4	0.4788	0.0845	1.247	TMEM117	194	chr12	44306641	44308657
Primary Effusion Lymphoma	USE_11291	5	0.4845	0.0845	1.179	TMEM132B	1164	chr12	126587477	126590491
Primary Effusion Lymphoma	USE_20750	6	0.4886	0.0845	1.031	ZNF100	65	chr19	21677732	21680978
Primary Effusion Lymphoma	USE_21783	7	0.4912	0.0845	0.942	SLC66A3	60	chr2	11103082	11110391
Primary Effusion Lymphoma	USE_36514	8	0.4949	0.0845	1.064	TNXB	8	chr6	32085552	32088478
Primary Effusion Lymphoma	USE_23281	9	0.4974	0.0847	0.972	RPIA	1317	chr2	90037444	90039805
Primary Effusion Lymphoma	USE_23511	10	0.507	0.085	0.982	ST6GAL2	46	chr2	106889444	106892208
Primary Effusion Lymphoma	USE_42756	11	0.5105	0.085	1.693	ANGPT1	219	chr8	107153199	107154781
Primary Effusion Lymphoma	USE_30152	12	0.5147	0.0852	0.979	TRH	12	chr3	129987950	129990105
Primary Effusion Lymphoma	USE_17481	13	0.5163	0.0857	0.987	HS3ST3A1	212	chr17	13755314	13766293
Prostate Adenocarcinoma	USE_18249	1	0.474	0.0845	1.108	HOXB13	20	chr17	48747358	48747985
Prostate Adenocarcinoma	USE_21380	2	0.5014	0.0845	1.108	KLK2	1	chr19	50868605	50870428
Prostate Adenocarcinoma	USE_21381	3	0.513	0.0845	1.108	KLK2	0	chr19	50869914	50874004
Prostate Adenocarcinoma	USE_7284	4	0.5163	0.0845	0.977	LRRC4C	993	chr11	41778566	41782739
Prostate Adenocarcinoma	USE_31408	5	0.5171	0.0845	0.986	SPON2	35	chr4	1151598	1152314
Prostate Adenocarcinoma	USE_21379	6	0.5225	0.0845	1.096	KLK3	6	chr19	50850299	50851684
Prostate Adenocarcinoma	USE_46056	7	0.5296	0.0845	0.873	EDA2R	286	chrX	66899301	66907979
Prostate Adenocarcinoma	USE_42393	8	0.5354	0.0847	1.123	CNBD1	19	chr8	87220444	87223114
Prostate Adenocarcinoma	USE_24997	9	0.5377	0.0847	0.884	DOCK10	316	chr2	225215621	225224469
Prostate Adenocarcinoma	USE_46058	10	0.5387	0.0847	0.873	EDA2R	427	chrX	67043459	67046169
Prostate Adenocarcinoma	USE_24396	11	0.5399	0.0847	0.862	CWC22	282	chr2	180257026	180259462
Prostate Adenocarcinoma	USE_10461	12	0.5476	0.085	1.09	PPFIA2	9	chr12	81517276	81518613
Prostate Adenocarcinoma	USE_30780	13	0.5478	0.085	1.024	NAALADL2	186	chr3	174937109	174939361
Prostate Adenocarcinoma	USE_285	14	0.5489	0.085	0.952	CASZ1	41	chr1	10674418	10675927
Prostate Adenocarcinoma	USE_43480	15	0.5497	0.085	1.273	ST3GAL1	338	chr8	133850575	133852850
Prostate Small Cell Carcinoma	USE_48	1	0.3994	0.0853	1.221	CFAP74	11	chr1	1946668	1956271
Prostate Small Cell Carcinoma	USE_13963	2	0.4081	0.0871	1.25	RTL1	302	chr14	101193116	101195333
Prostate Small Cell Carcinoma	USE_6630	3	0.4095	0.0877	0.382	PPP2R2D	106	chr10	131817542	131830778
Prostate Small Cell Carcinoma	USE_6616	4	0.4153	0.089	0.659	GLRX3	247	chr10	130402689	130412722
Prostate Small Cell Carcinoma	USE_14057	5	0.4519	0.1114	1.278	C14orf180	4	chr14	104579115	104581165
Prostate Small Cell Carcinoma	USE_11759	6	0.4647	0.1262	0.673	SERTM1	15	chr13	36665389	36675048
Prostate Small Cell Carcinoma	USE_27429	7	0.4699	0.1334	1.238	LRRC3	38	chr21	44496957	44498633
Prostate Small Cell Carcinoma	USE_114	8	0.4713	0.1352	1.221	AJAP1	588	chr1	5310989	5313662
Prostate Small Cell Carcinoma	USE_10763	9	0.4787	0.1458	0.945	ASCL1	0	chr12	102958171	102961804
Prostate Small Cell Carcinoma	USE_10762	10	0.4799	0.1477	0.945	ASCL1	1	chr12	102949751	102966060
Prostate Small Cell Carcinoma	USE_43569	11	0.4814	0.1499	2.219	KCNK9	1	chr8	139644895	139656259
Renal Cell Carcinoma	USE_42513	1	0.5128	0.0865	1.506	CFAP418	391	chr8	95647062	95649464
Renal Cell Carcinoma	USE_44046	2	0.5322	0.0932	0.228	CDKN2B	95	chr9	22083952	22118885
Renal Cell Carcinoma	USE_21526	3	0.5373	0.0976	1.098	ZNF582	0	chr19	56383396	56385452
Renal Cell Carcinoma	USE_20744	4	0.5465	0.1071	1.016	ZNF431	53	chr19	21220955	21223366
Renal Cell Carcinoma	USE_23756	5	0.5472	0.1082	1.088	TSN	954	chr2	122706302	122708292
Renal Cell Carcinoma	USE_23755	6	0.5477	0.1088	1.088	TSN	947	chr2	122692206	122708006
Renal Clear Cell Carcinoma	USE_31083	1	0.5476	0.089	1.091	RTP4	137	chr3	187506792	187508901
Renal Clear Cell Carcinoma	USE_43630	2	0.5551	0.093	1.245	PTP4A3	390	chr8	141801285	141803626
Renal Clear Cell Carcinoma	USE_38262	3	0.5749	0.1204	0.896	PDE10A	32	chr6	165676421	165703124
Renal Clear Cell Carcinoma	USE_38205	4	0.5768	0.1245	0.901	SLC22A2	21	chr6	160236951	160254746
Renal Clear Cell Carcinoma	USE_29773	5	0.577	0.125	1.01	NECTIN3	828	chr3	110343621	110345774
Renal Clear Cell Carcinoma	USE_31082	6	0.5795	0.1315	1.083	RTP4	129	chr3	187490652	187509116
Renal Clear Cell Carcinoma	USE_12399	7	0.5801	0.133	1.004	TM9SF2	67	chr13	99571794	99573090
Renal Clear Cell Carcinoma	USE_32677	8	0.5808	0.1345	0.907	PCDH18	593	chr4	136926658	136936790
Retinoblastoma	USE_2975	1	0.3927	0.085	1.927	NUF2	362	chr1	163673068	163675115
Retinoblastoma	USE_24415	2	0.4044	0.087	0.999	NEUROD1	9	chr2	181683160	181684386
Retinoblastoma	USE_45285	3	0.421	0.0921	1.489	GARNL3	7	chr9	127300405	127301634
Retinoblastoma	USE_24771	4	0.4366	0.1007	0.925	CPS1	171	chr2	210746480	210753520
Retinoblastoma	USE_3799	5	0.4489	0.1105	3.032	PLXNA2	7	chr1	208140089	208142445
Retinoblastoma	USE_12291	6	0.4615	0.1241	1.958	GPC5	261	chr13	91868786	91879611
Retinoblastoma	USE_18835	7	0.4625	0.1252	1.571	SLC39A11	73	chr17	72942413	72943508
Rhabdoid Cancer	USE_18010	1	0.3935	0.0845	0.923	KRT24	18	chr17	40718688	40719659
Rhabdoid Cancer	USE_32617	2	0.4719	0.0877	1.036	ANKRD50	366	chr4	124320779	124322156
Rhabdoid Cancer	USE_43364	3	0.4957	0.1	1.065	GSDMC	40	chr8	129725983	129727601
SMARCA4-deficient undifferentiated tumor	USE_29552	1	0.186	0.0845	0.363	VGLL3	520	chr3	86411910	86413728
Serous Ovarian Cancer	USE_30648	1	0.4262	0.0845	1.336	MECOM	365	chr3	169008103	169008702
Serous Ovarian Cancer	USE_30647	2	0.4484	0.0845	1.336	MECOM	392	chr3	168978966	168983225
Serous Ovarian Cancer	USE_30649	3	0.4511	0.0845	1.336	MECOM	364	chr3	169008423	169010306
Serous Ovarian Cancer	USE_30646	4	0.53	0.0863	1.336	MECOM	395	chr3	168967916	168989143
Serous Ovarian Cancer	USE_43288	5	0.5369	0.0882	1.447	MYC	402	chr8	128141095	128143185
Serous Ovarian Cancer	USE_2197	6	0.551	0.0956	1.071	TSPAN2	49	chr1	115117710	115119394
Serous Ovarian Cancer	USE_43305	7	0.5549	0.0993	1.447	MYC	649	chr8	128388002	128389693
Serous Ovarian Cancer	USE_43304	8	0.5584	0.1042	1.447	MYC	647	chr8	128385092	128388648
Serous Ovarian Cancer	USE_30643	9	0.5687	0.1212	1.336	MECOM	420	chr3	168951764	168953971
Serous Ovarian Cancer	USE_37132	10	0.57	0.1236	0.885	COL12A1	673	chr6	74467684	74475134
Sezary Syndrome	USE_45332	1	0.4155	0.0902	1.176	URM1	10	chr9	128391589	128393043
Signet Ring Cell Carcinoma of the Stomach	USE_6451	1	0.3976	0.085	1.867	WDR11	276	chr10	121154640	121159897
Signet Ring Cell Carcinoma of the Stomach	USE_35800	2	0.4095	0.087	0.93	FOXQ1	171	chr6	1140997	1142723
Signet Ring Cell Carcinoma of the Stomach	USE_44536	3	0.4135	0.0879	1.184	NTRK2	239	chr9	84641711	84644073
Signet Ring Cell Carcinoma of the Stomach	USE_29989	4	0.4416	0.1008	1.212	KALRN	111	chr3	124490804	124491732
Signet Ring Cell Carcinoma of the Stomach	USE_29988	5	0.4431	0.1017	1.212	KALRN	105	chr3	124478502	124492179
Signet Ring Cell Carcinoma of the Stomach	USE_644	6	0.4523	0.1094	0.819	SYF2	28	chr1	25197302	25199508
Signet Ring Cell Carcinoma of the Stomach	USE_12565	7	0.4579	0.115	1.093	RAB20	34	chr13	110575005	110577796
Signet Ring Cell Carcinoma of the Stomach	USE_6512	8	0.4638	0.1218	2.838	CPXM2	32	chr10	123790524	123791045
Signet Ring Cell Carcinoma of the Stomach	USE_38245	9	0.4697	0.129	1.01	QKI	612	chr6	164107330	164109785
Signet Ring Cell Carcinoma of the Stomach	USE_35797	10	0.4776	0.1396	0.93	FOXQ1	258	chr6	1054430	1056206
Signet Ring Cell Carcinoma of the Stomach	USE_44538	11	0.4789	0.1412	1.184	NTRK2	170	chr9	84710967	84712073
Small Cell Lung Cancer	USE_21616	1	0.521	0.0845	1.032	MYT1L	266	chr2	2320898	2333110
Small Cell Lung Cancer	USE_21994	2	0.5241	0.0845	0.995	CYRIA	105	chr2	16711833	16715163
Small Cell Lung Cancer	USE_33372	3	0.5323	0.0845	1.297	NSUN2	70	chr5	6544996	6546887
Small Cell Lung Cancer	USE_43733	4	0.5373	0.0845	1.137	ZNF517	7	chr8	144811189	144812870
Small Cell Lung Cancer	USE_27807	5	0.5401	0.0845	0.881	CRYBA4	21	chr22	26647057	26649016
Small Cell Lung Cancer	USE_41215	6	0.5421	0.0845	1.006	MCPH1	459	chr8	6066910	6068936
Small Cell Lung Cancer	USE_43170	7	0.5454	0.0845	2.179	LRATD2	471	chr8	126082502	126084468
Small Cell Lung Cancer	USE_43176	8	0.5456	0.0845	2.178	LRATD2	392	chr8	126162848	126163160
Small Cell Lung Cancer	USE_41913	9	0.5458	0.0845	1.091	ST18	33	chr8	52249618	52255016
Small Cell Lung Cancer	USE_1268	10	0.5463	0.0845	1.15	ELAVL4	2	chr1	50110411	50111552
Small Cell Lung Cancer	USE_20564	11	0.5466	0.0845	1.077	YJU2B	143	chr19	13598284	13609920
Small Cell Lung Cancer	USE_43171	12	0.5475	0.0845	2.179	LRATD2	456	chr8	126097647	126099504
Small Cell Lung Cancer	USE_10768	13	0.5479	0.0845	1.057	C12orf42	125	chr12	103240607	103242308
Small Cell Lung Cancer	USE_14536	14	0.5483	0.0845	0.843	SQOR	617	chr15	46277515	46279250
Small Cell Lung Cancer	USE_26203	15	0.5492	0.0845	1.192	CHD6	139	chr20	41649698	41650544
Stomach Adenocarcinoma	USE_3290	1	0.5142	0.0845	1.043	CACNA1E	187	chr1	181744387	181755936
Stomach Adenocarcinoma	USE_12518	2	0.535	0.085	0.828	MYO16	86	chr13	108984298	108993013
Stomach Adenocarcinoma	USE_30354	3	0.5448	0.086	0.899	DIPK2A	789	chr3	144798912	144799745
Stomach Adenocarcinoma	USE_34019	4	0.555	0.089	0.792	RAB3C	428	chr5	59148787	59150364
Stomach Adenocarcinoma	USE_42825	5	0.5582	0.0902	1.568	TRPS1	255	chr8	115352956	115354897
Stomach Adenocarcinoma	USE_7116	6	0.5597	0.0914	0.965	METTL15	281	chr11	28598772	28599358
Stomach Adenocarcinoma	USE_42153	7	0.5612	0.0921	1.109	C8orf34	60	chr8	68634367	68636375
Stomach Adenocarcinoma	USE_42832	8	0.5642	0.094	1.55	TRPS1	143	chr8	115464100	115466487
T-Cell Acute Lymphoblastic Leukemia	USE_40870	1	0.2746	0.0055	0.108	MTRNR2L6	47	chr7	142611529	142627418
T-Cell Acute Lymphoblastic Leukemia	USE_40875	2	0.2829	0.0055	0.122	PRSS2	31	chr7	142784201	142814494
T-Cell Acute Lymphoblastic Leukemia	USE_40876	3	0.3147	0.0055	0.122	PRSS2	21	chr7	142787222	142790102
T-Cell Acute Lymphoblastic Leukemia	USE_40869	4	0.3197	0.0055	0.108	MTRNR2L6	60	chr7	142602025	142611783
T-Cell Acute Lymphoblastic Leukemia	USE_32838	5	0.4	0.0215	0.897	FBXW7	348	chr4	152078704	152081560
T-Cell Acute Lymphoblastic Leukemia	USE_29543	6	0.4271	0.0845	0.735	GBE1	1696	chr3	83320978	83323213
T-Cell Acute Lymphoblastic Leukemia	USE_40866	7	0.4288	0.0845	0.108	MTRNR2L6	124	chr7	142529218	142555473
T-Cell Acute Lymphoblastic Leukemia	USE_2838	8	0.444	0.0845	1.093	OR10T2	0	chr1	158398478	158400846
T-Cell Acute Lymphoblastic Leukemia	USE_32468	9	0.446	0.0845	0.957	LEF1	252	chr4	108359691	108361970
T-Cell Acute Lymphoblastic Leukemia	USE_23224	10	0.4507	0.0845	0.847	RGPD1	19	chr2	86973428	86988302
T-Cell Acute Lymphoblastic Leukemia	USE_2835	11	0.4564	0.0845	1.035	CD1B	3	chr1	158329299	158336621
T-Cell Acute Lymphoblastic Leukemia	USE_4318	12	0.4569	0.0845	0.841	MAP3K21	106	chr1	233248392	233252450
T-Cell Acute Lymphoblastic Leukemia	USE_37159	13	0.4635	0.0845	0.989	ELOVL4	33	chr6	79963918	79965642
T-Cell Acute Lymphoblastic Leukemia	USE_43341	14	0.4641	0.0845	1.092	GSDMC	527	chr8	129239022	129241251
T-Lymphoblastic Leukemia/Lymphoma	USE_17861	1	0.4653	0.0845	1.15	SLC35G3	20	chr17	35212975	35215934
T-Lymphoblastic Leukemia/Lymphoma	USE_32768	2	0.4716	0.0845	1.011	HHIP	36	chr4	144658531	144660022
T-Lymphoblastic Leukemia/Lymphoma	USE_13319	3	0.4834	0.0845	1.171	PRKCH	83	chr14	61451545	61453873
T-Lymphoblastic Leukemia/Lymphoma	USE_18392	4	0.4924	0.0845	1.135	ANKFN1	97	chr17	56296505	56298169
T-Lymphoblastic Leukemia/Lymphoma	USE_1957	5	0.4935	0.0845	1.125	S1PR1	72	chr1	101309540	101317004
T-Lymphoblastic Leukemia/Lymphoma	USE_23804	6	0.4971	0.0845	1.158	HS6ST1	435	chr2	128710454	128716585
T-Lymphoblastic Leukemia/Lymphoma	USE_35918	7	0.5002	0.0845	1.069	FARS2	161	chr6	5705752	5706629
T-Lymphoblastic Leukemia/Lymphoma	USE_39139	8	0.5015	0.0845	1.135	STARD3NL	46	chr7	38248029	38253179
T-Lymphoblastic Leukemia/Lymphoma	USE_40982	9	0.5052	0.0845	1.151	GIMAP7	0	chr7	150514824	150520574
T-Lymphoblastic Leukemia/Lymphoma	USE_40981	10	0.5052	0.0845	1.151	GIMAP7	2	chr7	150514508	150515981
Tubular Stomach Adenocarcinoma	USE_29302	1	0.3993	0.0845	0.052	CFAP20DC	703	chr3	59580176	59594639
Tubular Stomach Adenocarcinoma	USE_33002	2	0.4578	0.0845	0.86	GALNT7	300	chr4	172946086	172946310
Tubular Stomach Adenocarcinoma	USE_31691	3	0.4597	0.0845	0.781	PPARGC1A	652	chr4	23177326	23177632
Tubular Stomach Adenocarcinoma	USE_15856	4	0.5	0.0847	1.033	RBFOX1	706	chr16	7181366	7185676
Tubular Stomach Adenocarcinoma	USE_18664	5	0.5013	0.0847	1.17	AXIN2	28	chr17	65516869	65517092
Tubular Stomach Adenocarcinoma	USE_40335	6	0.5214	0.087	0.916	DNAJB9	419	chr7	108990421	108992809
Tubular Stomach Adenocarcinoma	USE_28934	7	0.5243	0.0878	0.841	ZNF621	323	chr3	40872366	40874032
Tubular Stomach Adenocarcinoma	USE_39584	8	0.5277	0.0886	1.132	AUTS2	13	chr7	70209162	70209610
Tubular Stomach Adenocarcinoma	USE_23151	9	0.5328	0.091	1.21	LRRTM1	33	chr2	80329855	80330326
Tubular Stomach Adenocarcinoma	USE_8790	10	0.5337	0.0914	1.065	KIRREL3	148	chr11	126563440	126565643
Tubular Stomach Adenocarcinoma	USE_23150	11	0.5344	0.092	1.21	LRRTM1	33	chr2	80328677	80330617
Tubular Stomach Adenocarcinoma	USE_24235	12	0.5361	0.0928	1.163	SP5	64	chr2	170650979	170653451
Uterine Leiomyosarcoma	USE_12122	1	0.336	0.0845	0.539	MZT1	152	chr13	72562010	72568991
Uterine Leiomyosarcoma	USE_12119	2	0.412	0.0877	0.539	MZT1	288	chr13	72421393	72437623
Uterine Leiomyosarcoma	USE_32456	3	0.4227	0.0905	1.021	DKK2	77	chr4	107173194	107186754
Uterine Leiomyosarcoma	USE_32454	4	0.4263	0.0921	1.021	DKK2	28	chr4	107119109	107143469
Uterine Leiomyosarcoma	USE_30850	5	0.436	0.0972	1.06	KCNMB2	376	chr3	178180614	178182768
Uterine Leiomyosarcoma	USE_10420	6	0.4422	0.1013	1.045	NAV3	143	chr12	77905950	77918860
Uterine Leiomyosarcoma	USE_12118	7	0.451	0.1085	0.539	MZT1	326	chr13	72385009	72397887
Uterine Leiomyosarcoma	USE_30844	8	0.462	0.1197	1.06	KCNMB2	563	chr3	177992356	177997466
Uterine Leiomyosarcoma	USE_30842	9	0.4772	0.1397	1.06	KCNMB2	588	chr3	177964716	177975128
Uterine Leiomyosarcoma	USE_32458	10	0.488	0.1564	1.021	DKK2	141	chr4	107239281	107249338
Uterine Leiomyosarcoma	USE_21353	11	0.4886	0.1574	1.067	ZNF473	55	chr19	50091492	50099130
Uterine Leiomyosarcoma	USE_14353	12	0.4924	0.1641	1.032	CDIN1	355	chr15	36336780	36343028
Uveal Melanoma	USE_45745	1	0.4078	0.0845	0.642	STS	87	chrX	7558065	7568871
Uveal Melanoma	USE_43839	2	0.4437	0.0847	0.765	MLANA	6	chr9	5891048	5896449
Uveal Melanoma	USE_43873	3	0.456	0.085	0.859	TYRP1	2	chr9	12693936	12697501
Uveal Melanoma	USE_26582	4	0.4594	0.085	0.999	BMP7	283	chr20	56933473	56935871
Uveal Melanoma	USE_24937	5	0.4628	0.085	0.903	PAX3	7	chr2	222248492	222265548
Uveal Melanoma	USE_35246	6	0.4656	0.0857	1.016	PPARGC1B	32	chr5	149823671	149825951
Uveal Melanoma	USE_17739	7	0.4865	0.093	0.887	LYRM9	64	chr17	27950003	27952981
Uveal Melanoma	USE_22661	8	0.4866	0.0931	0.997	FSHR	231	chr2	49288405	49290787
Uveal Melanoma	USE_6008	9	0.4874	0.0934	1.02	SORBS1	14	chr10	95421580	95422954
Uveal Melanoma	USE_22509	10	0.4907	0.0957	1.02	HAAO	102	chr2	42881242	42883901
